,ZIP,Avg_Median_Income_2017_2023,Avg_Growth_Rate_2017_2023,Total_Growth_2017_2023
0,90001,48115.28571428572,0.09309031348264855,0.7036174985978687
1,90002,43639.71428571428,0.08841374121821553,0.6517058823529411
2,90003,44032.857142857145,0.08098980980079283,0.5926098206238917
3,90004,53401.0,0.050800137653771026,0.34507631867070265
4,90005,42199.0,0.084405157590907,0.6251809864144666
5,90006,40308.857142857145,0.06801976018178077,0.47519976324356317
6,90007,30258.85714285714,0.07789622768795072,0.5618552232336368
7,90008,48031.857142857145,0.09177986558778772,0.6872356103818127
8,90011,44151.42857142857,0.08064935144051417,0.5900248344370861
9,90012,51050.0,0.09756234223903985,0.7437993090290311
10,90013,23995.285714285714,0.06968238077190747,0.44019642230796213
11,90014,34607.142857142855,-0.005949928272373765,-0.10093303915574577
12,90015,48980.0,0.11583952715200457,0.9167045695745778
13,90016,53801.71428571428,0.08665009147025572,0.6358676886955321
14,90017,39298.0,0.10359680292736757,0.7919198268035478
15,90018,50381.42857142857,0.09317958253830105,0.7051230550869018
16,90019,59568.71428571428,0.05895793768589875,0.40899133626729295
17,90020,50050.28571428572,0.047449789006978,0.31657509373452497
18,90021,22649.428571428572,0.1724847041075852,1.5069962686567164
19,90022,53187.28571428572,0.08692837394416476,0.6433036146913461
20,90023,46904.28571428572,0.05888303119514108,0.40765692977004353
21,90024,67741.57142857143,0.05180764123928098,0.34629236931569557
22,90025,93718.57142857143,0.04916519587296623,0.32922134844307804
23,90026,69240.85714285714,0.07987465160935663,0.5795333259725443
24,90027,73821.0,0.07628103481731446,0.551693404634581
25,90028,49897.57142857143,0.06817968527074696,0.48230508136168515
26,90029,47441.0,0.08475874122417364,0.6263944995853287
27,90031,51478.71428571428,0.07157277039950209,0.5104556728103876
28,90032,62748.42857142857,0.09551291650551004,0.7218281612835128
29,90033,43642.0,0.10044233108083629,0.7675409525613105
30,90034,83205.28571428571,0.0784487225493984,0.5720429451595193
31,90035,95032.71428571429,0.060383259554482045,0.41142715547034964
32,90036,86922.71428571429,0.05643799756962629,0.3850078757118432
33,90037,41721.857142857145,0.10581293532418544,0.8172652601062973
34,90038,48949.42857142857,0.08960837743247224,0.6641258514433993
35,90039,94172.71428571429,0.04584437886778526,0.2971226380322874
36,90040,54534.857142857145,0.08571061608239426,0.6269129287598945
37,90041,92830.28571428571,0.07428626914525088,0.5267440273037542
38,90042,74026.14285714286,0.09259432788601735,0.697981869199223
39,90043,55773.0,0.07879942673279423,0.5664402563857266
40,90044,40744.42857142857,0.08100975576373806,0.5934382551583122
41,90045,110933.71428571429,0.06598458373052007,0.4665759576986471
42,90046,76734.28571428571,0.06201317462772915,0.4283830883467192
43,90047,57295.28571428572,0.08734794469219753,0.6494794481915819
44,90048,97685.71428571429,0.0356673429066403,0.22051384139772354
45,90049,140936.0,0.05787400119936754,0.3963721840044053
46,90056,100576.28571428571,0.0763191315947548,0.5070465903976883
47,90057,39975.857142857145,0.06286540840052744,0.4320451862016147
48,90058,27285.428571428572,0.14774600762226364,1.2331811263318113
49,90059,45969.42857142857,0.061949801478247114,0.4298993440097735
50,90061,47744.42857142857,0.08397694758370318,0.6191887087216505
51,90062,52647.28571428572,0.08075903858465885,0.590584237093308
52,90063,55466.28571428572,0.0861699808819197,0.6256431177897146
53,90064,108030.0,0.05920336070897484,0.4068486018612925
54,90065,75247.0,0.08074135296577355,0.5906686071397996
55,90066,89271.14285714286,0.0620316807532438,0.43315294712069036
56,90067,121987.71428571429,0.0179420065483518,0.09233265261645505
57,90068,90277.14285714286,0.035455110020362626,0.2297202543581808
58,90069,96937.0,0.04307679200981995,0.2812633820584933
59,90077,207478.7142857143,0.032817858791269326,0.19349075908662747
60,90094,155961.85714285713,0.028578790247711035,0.1736073394495413
61,90201,47425.42857142857,0.06259595937868571,0.4386551217783179
62,90210,158569.7142857143,0.042200575900551984,0.27148505329522077
63,90211,94179.71428571429,0.09272273952560754,0.6543654239377048
64,90212,98331.14285714286,0.024302888338887264,0.12817377125553225
65,90220,62732.57142857143,0.06260705047495167,0.4354611767319584
66,90221,55724.28571428572,0.06804776395639238,0.4821552773430708
67,90222,57490.71428571428,0.11095522177152667,0.877919398806454
68,90230,92063.71428571429,0.05204929960460252,0.34811085030665556
69,90232,99671.57142857143,0.07355379063275082,0.5256400904515282
70,90240,91095.57142857143,0.05053929000785196,0.34055784742318823
71,90241,74175.0,0.046953021006860135,0.3138021238827816
72,90242,73197.42857142857,0.049514815005081536,0.3338995545014583
73,90245,119372.28571428571,0.08240445574304928,0.6047535021841579
74,90247,60531.142857142855,0.0819976456253914,0.6028084035072488
75,90248,67605.28571428571,0.057457466954785236,0.39306338687971654
76,90249,68217.71428571429,0.08010747408894507,0.5736602179230598
77,90250,62094.28571428572,0.07253175206853792,0.5161381710747314
78,90254,141020.85714285713,0.03386757577250243,0.21762288844924668
79,90255,49936.0,0.07265942100442775,0.5220334779913205
80,90260,71392.14285714286,0.06704464774769625,0.4753027622805824
81,90262,57902.142857142855,0.07436490109874962,0.5362006231344096
82,90265,165158.85714285713,0.05643688408241537,0.387936544831193
83,90266,165234.0,0.045810331954205,0.30225186200041637
84,90270,49508.28571428572,0.08699365081764537,0.644422549463425
85,90272,200795.2857142857,0.01969441939264147,0.11064753926238657
86,90274,183826.42857142858,0.05840584634998777,0.40237985577014074
87,90275,148916.42857142858,0.0588992112918611,0.4086377669153589
88,90277,111244.14285714286,0.04541122252274878,0.29993499586337313
89,90278,127692.71428571429,0.05655337952816556,0.3854739747486992
90,90280,57615.857142857145,0.07141751510101546,0.5096761912819103
91,90290,128102.57142857143,0.0554020439624927,0.3727076955761784
92,90291,102218.42857142857,0.05185244299370528,0.35156338699788825
93,90292,122942.0,0.04809962162748179,0.31762034863585636
94,90293,111552.28571428571,0.04635908742278111,0.30644129465624437
95,90301,52172.71428571428,0.06995729701093502,0.4962232779097387
96,90302,57407.142857142855,0.08809334369661272,0.6548141043208184
97,90303,59594.142857142855,0.08151916923798212,0.5932763660894985
98,90304,50482.28571428572,0.07639585463538973,0.5422857699615141
99,90305,80945.85714285714,0.04630630056603443,0.2947934845840605
100,90401,87028.85714285714,0.07350903120084733,0.49962054136099165
101,90402,154544.85714285713,0.04914237618995811,0.30324799006983927
102,90403,110938.42857142857,0.04905139893178918,0.31940583738707434
103,90404,78550.71428571429,0.026685737474635107,0.15597614162851048
104,90405,98304.14285714286,0.044809295657767347,0.29446548702583525
105,90501,78046.14285714286,0.061695514712936494,0.4280329256096623
106,90502,83063.14285714286,0.06355804288415441,0.4396150037858932
107,90503,101094.14285714286,0.059954993229459984,0.4144655202978195
108,90504,93328.14285714286,0.04876352152077013,0.3291914507510838
109,90505,100551.85714285714,0.03294208582032976,0.208815210387795
110,90601,83098.42857142857,0.06692532886137272,0.466403785488959
111,90602,56596.42857142857,0.05756477157803594,0.3888739752617342
112,90603,107018.42857142857,0.04103685725064915,0.2712838475575225
113,90604,82244.14285714286,0.07147831500840962,0.509600740585899
114,90605,82429.85714285714,0.07171041023622618,0.505682242432388
115,90606,78683.71428571429,0.061468998337453895,0.4257128263678154
116,90620,100953.0,0.06331257887666515,0.44312589767135224
117,90621,74086.14285714286,0.08396339961835515,0.6146080253756032
118,90623,104881.28571428571,0.03630201793349171,0.2330162074376447
119,90630,104100.71428571429,0.05548611384239124,0.37924915432817613
120,90631,88610.57142857143,0.04860121077229254,0.32892991808607464
121,90638,96337.0,0.04339158388015274,0.28401109808337494
122,90640,62275.28571428572,0.06868100334009374,0.48696498827643764
123,90650,78771.28571428571,0.07597559672487035,0.5503463223860906
124,90660,73278.28571428571,0.059609672878706034,0.4133671412782004
125,90670,74879.42857142857,0.047903441317895944,0.32057315551278776
126,90680,67750.28571428571,0.07754205440842739,0.554438046810738
127,90701,77525.42857142857,0.07691266997758056,0.5543642524219334
128,90703,112085.28571428571,0.05261558576241431,0.35777947542653427
129,90704,77485.57142857143,0.06554756331375315,0.45418193935354884
130,90706,65107.0,0.06602379903753186,0.4657373828951345
131,90710,66849.71428571429,0.04987785517442762,0.3367030085564449
132,90712,103065.14285714286,0.06137129529424709,0.42592703313523145
133,90713,110121.0,0.05479298390820538,0.3749548400807566
134,90715,79563.85714285714,0.05288618635881065,0.3560689507188327
135,90716,58840.0,0.12231489127207988,0.9801298701298702
136,90717,77674.85714285714,0.07349084666908218,0.522406143065311
137,90720,114240.57142857143,0.05499986002435902,0.37535605237812253
138,90723,59087.57142857143,0.06361142387310961,0.44529593999673894
139,90731,59008.71428571428,0.06487358988087899,0.4543102054019085
140,90732,104905.57142857143,0.049227216310057054,0.32667710196779964
141,90740,72413.57142857143,0.04004513873461547,0.26230110721450556
142,90742,92275.28571428571,0.07800619661599911,0.5438803416587819
143,90743,147033.2857142857,0.041588915452271176,0.2086618472492192
144,90744,52621.42857142857,0.06060570902923013,0.41946215691710564
145,90745,88635.42857142857,0.06508016379090162,0.45725705994278126
146,90746,94809.71428571429,0.05691690721670001,0.3848977899204762
147,90755,84474.28571428571,0.05641685666676153,0.3541699636018357
148,90802,60671.42857142857,0.05917085147352518,0.4064169038244123
149,90803,96008.0,0.048937280912141806,0.32958109252214973
150,90804,55873.42857142857,0.06542078401716667,0.4532959504184497
151,90805,56037.0,0.062003342677094585,0.4300452262353848
152,90806,59075.57142857143,0.06545117512465863,0.45557641015509237
153,90807,82211.28571428571,0.040745421338097,0.26675726447899595
154,90808,116653.85714285714,0.04368736784902877,0.2866140811013718
155,90810,65704.28571428571,0.06678270339175922,0.4666523964966733
156,90813,41951.42857142857,0.06626690279119478,0.46837142773739676
157,90814,80263.85714285714,0.07237465278649559,0.5175711434009563
158,90815,99726.85714285714,0.05473540423918676,0.37600632717142385
159,91001,110365.0,0.06684088835357217,0.4693160610385333
160,91006,110430.14285714286,0.042868506109233484,0.283323268921095
161,91007,87308.0,0.04146432683520888,0.27259766895102794
162,91008,125754.42857142857,0.058227842960392594,0.2188311630751775
163,91010,82926.71428571429,0.061940597389628205,0.4313473957346317
164,91011,183891.57142857142,0.05671088058748517,0.38158190257536434
165,91016,84183.71428571429,0.057231362317537914,0.3954808595337884
166,91020,65474.142857142855,-0.01920175620780732,-0.11932031814895155
167,91024,112702.57142857143,0.06250724227640508,0.4317432291191005
168,91030,110710.42857142857,0.05565640263338023,0.37974301808351374
169,91040,92187.14285714286,0.0507036372685138,0.3441021691695546
170,91042,68007.14285714286,0.07480328720326894,0.5297498689433087
171,91101,75999.85714285714,0.0663260872494576,0.4664528284259533
172,91103,74017.85714285714,0.03431392754086206,0.22137767906077827
173,91104,83480.14285714286,0.06177894198402378,0.4275305101885329
174,91105,138351.0,0.05785938836453682,0.39081275218374495
175,91106,84178.57142857143,0.024560492410501095,0.1529206513310933
176,91107,106914.0,0.052536933268576315,0.3534779875577136
177,91108,167202.0,0.0339503044097629,0.21939915963632312
178,91201,62181.71428571428,0.049458613228671705,0.3252032520325203
179,91202,79988.14285714286,0.05625372485400307,0.385345875151897
180,91203,63488.28571428572,0.0724494482732405,0.517231308411215
181,91204,57138.42857142857,0.08734906372679663,0.6455850487540629
182,91205,48668.142857142855,0.0745904026548846,0.5234959979344178
183,91206,74332.42857142857,0.0718400133913672,0.5107269209989718
184,91207,94174.71428571429,0.0522371652872515,0.33394156084329923
185,91208,110272.0,0.039839931024101785,0.2498
186,91214,111800.42857142857,0.05738870541914846,0.3964504569453574
187,91301,137175.2857142857,0.060521389407862454,0.41913871529991925
188,91302,146067.7142857143,0.055352531758169364,0.3619101059633886
189,91303,64385.142857142855,0.06876040990916023,0.4771199937847182
190,91304,73020.28571428571,0.04197555597610467,0.27843460158155575
191,91306,75055.28571428571,0.05441202719532114,0.37340208732168223
192,91307,122878.0,0.03476760961959321,0.22613762236250823
193,91311,98370.28571428571,0.060514816755649015,0.4210399091106867
194,91316,78915.85714285714,0.048014303736238995,0.3213329452852154
195,91320,128716.57142857143,0.04494216963208431,0.298198058653449
196,91321,76484.28571428571,0.05996085637578031,0.40954697935869927
197,91324,85214.71428571429,0.06581988778626426,0.45792017757787284
198,91325,75255.14285714286,0.06153317013591775,0.4218243793087565
199,91326,125393.85714285714,0.05886203899061789,0.4073912755300111
200,91331,68135.85714285714,0.061941721400120504,0.43017802033023556
201,91335,66491.42857142857,0.05651596197842355,0.38834112990284275
202,91340,64081.42857142857,0.06445590192522882,0.4464288978666618
203,91342,80197.71428571429,0.05678688477572411,0.39183673469387753
204,91343,69868.0,0.04836274916536806,0.32462880114115283
205,91344,101631.57142857143,0.05140059283593853,0.3491441128845709
206,91345,83402.85714285714,0.044822711585156466,0.29857264162387287
207,91350,120410.42857142857,0.0471163016588422,0.30600845556015677
208,91351,90341.28571428571,0.06730972218866806,0.47169712929888147
209,91352,61575.28571428572,0.061888835230943524,0.43031569262617164
210,91354,133809.57142857142,0.035908350444702655,0.23438951559389515
211,91355,99978.0,0.029648724462314497,0.1877131622966133
212,91356,87215.57142857143,0.07529397978653875,0.5364669104306807
213,91360,101539.42857142857,0.039115294837594204,0.24875903975351962
214,91361,122561.0,0.021729067209868325,0.13604733279363385
215,91362,123227.71428571429,0.04869053756077318,0.3283441345327133
216,91364,114233.42857142857,0.050405406019536546,0.3410085424080221
217,91367,96960.0,0.04399824956491356,0.2907095847510508
218,91377,140357.57142857142,0.03636276460623902,0.23714741637822712
219,91381,137079.42857142858,0.03217132240245818,0.20528430236857023
220,91384,116504.28571428571,0.03369818071613557,0.21771852185923274
221,91387,99526.57142857143,0.04702888543674121,0.30948183087949077
222,91390,127175.85714285714,0.04846463153406527,0.3227516630526664
223,91401,61583.42857142857,0.06685419485510073,0.4663409547350533
224,91402,48891.28571428572,0.051835191061950336,0.3527802443063188
225,91403,102590.85714285714,0.0423901226270699,0.2768894050384134
226,91405,50723.28571428572,0.06803262869785263,0.48261996463435314
227,91406,63115.0,0.06852309761640911,0.4865603909704445
228,91411,63441.0,0.07488925324576319,0.5414050703329889
229,91423,94578.71428571429,0.05289029462232606,0.35812922450759505
230,91436,160689.14285714287,0.019804549231313952,0.09275779076673023
231,91501,74288.28571428571,0.05028801022289301,0.33454676124113364
232,91502,50674.142857142855,0.0717309420079384,0.47049109707064907
233,91504,87330.85714285714,0.05875826575050033,0.40357274050693187
234,91505,92682.14285714286,0.043414738321155714,0.28723224010649884
235,91506,87558.42857142857,0.07016113644899108,0.4745394257096077
236,91601,61113.857142857145,0.07431298373704225,0.5254170601196096
237,91602,85902.28571428571,0.03840440809869728,0.24791788706925094
238,91604,118889.14285714286,0.05990096667650904,0.41678279613013186
239,91605,53705.0,0.07010562391273002,0.5007673704771649
240,91606,54997.142857142855,0.06982407625089929,0.49384673798941325
241,91607,74212.14285714286,0.05832104512989746,0.3974363193575989
242,91701,102228.42857142857,0.04168153543995579,0.2751748683575286
243,91702,71808.85714285714,0.06852184650023554,0.48174404439631835
244,91706,68926.71428571429,0.056316851821669095,0.3884171907756813
245,91708,89647.14285714286,0.0668392676261964,0.16312958871705607
246,91709,109721.28571428571,0.030538574022123146,0.19502462382963814
247,91710,87896.14285714286,0.05563371223346655,0.38188255887969447
248,91711,106563.14285714286,0.039698732899330826,0.2573967547060885
249,91722,84342.0,0.0565781293954905,0.38794031034092197
250,91723,72294.42857142857,0.055957482246129585,0.380796586059744
251,91724,89103.14285714286,0.03597875660414144,0.2331292788060999
252,91730,76706.0,0.04582645075634864,0.3047034169625706
253,91731,48205.0,0.0901609602080393,0.675297160466652
254,91732,56517.28571428572,0.05726132945054715,0.3920503999668421
255,91733,55281.57142857143,0.0789466012067329,0.5726881519247861
256,91737,107714.42857142857,0.02235414025757401,0.13929441574895235
257,91739,121006.71428571429,0.05303888161454842,0.36067670763844806
258,91740,88963.42857142857,0.042960138524827635,0.2862870159453303
259,91741,111755.57142857143,0.0420937559771771,0.27734885497718
260,91744,76302.71428571429,0.06557134215691518,0.46283837139517986
261,91745,91849.14285714286,0.04616813817912341,0.30976571618118603
262,91746,75581.28571428571,0.04708907569596515,0.3151361307598248
263,91748,75516.71428571429,0.043266011222535976,0.28425896003570167
264,91750,93915.14285714286,0.03833881150896127,0.251770297218872
265,91752,92250.57142857143,0.08194128466905608,0.6005925507900677
266,91754,69365.57142857143,0.06044424769479761,0.4105346561940196
267,91755,61607.28571428572,0.06984863794731888,0.4945633604662848
268,91759,86232.71428571429,0.15756798534428237,1.2960614087666043
269,91761,79439.71428571429,0.062158177997634255,0.4318519280810338
270,91762,64950.857142857145,0.06117077732922691,0.42697616998989935
271,91763,65249.857142857145,0.06168398119850455,0.4305696330833164
272,91764,63350.42857142857,0.06508533613596983,0.45503358287946727
273,91765,100721.14285714286,0.01620129768731755,0.0991971454058876
274,91766,64133.142857142855,0.062409918721211925,0.4345401842586267
275,91767,66174.85714285714,0.06798673077982449,0.48089812951234373
276,91768,61703.71428571428,0.07333970215107465,0.524918072096555
277,91770,62245.857142857145,0.06255381293289845,0.435435844540023
278,91773,92750.14285714286,0.04629359523630067,0.30740557886941494
279,91775,94958.71428571429,0.05786701129451944,0.39942153846153844
280,91776,65430.57142857143,0.07448417422058547,0.535532458550268
281,91780,82839.71428571429,0.07017856128803536,0.49824768075393905
282,91784,133457.14285714287,0.06002085965506348,0.4161791878858894
283,91786,68806.71428571429,0.08000667007935028,0.5830951557408385
284,91789,109721.14285714286,0.04804158686252976,0.3224724182539098
285,91790,87530.71428571429,0.04981241218972743,0.3358500633629027
286,91791,88459.42857142857,0.038654708415610514,0.2542489377655586
287,91792,85098.71428571429,0.05273684774300349,0.35880843624880165
288,91801,68141.14285714286,0.08125042775995045,0.5947543061665796
289,91803,69322.14285714286,0.05543662260535146,0.37628614222453766
290,91901,99512.14285714286,0.044643653432284124,0.28986581413099993
291,91902,107864.14285714286,0.04696657918213937,0.31229314675664893
292,91906,50389.857142857145,0.03002962584054474,0.17312045513732247
293,91910,72320.57142857143,0.06739541190874897,0.4772363611864378
294,91911,66515.14285714286,0.07251228889782897,0.5176569613957226
295,91913,109842.0,0.06809387973358419,0.4800091491308326
296,91914,144454.7142857143,0.038726639452945556,0.2503080175836211
297,91915,123321.85714285714,0.04487377467883147,0.2990173975124939
298,91916,101079.57142857143,0.04543801607396347,0.2689251694449533
299,91932,62713.142857142855,0.08046056668610509,0.583003003003003
300,91935,113297.28571428571,0.059449556904690344,0.4082884015080877
301,91941,95287.71428571429,0.059579553448835615,0.4127289527980659
302,91942,69045.28571428571,0.06272347725136757,0.43458381145732194
303,91945,69052.0,0.04594654106229166,0.3069197714812559
304,91950,51184.71428571428,0.06923704552599079,0.48707559033114434
305,91962,122638.85714285714,0.05337773988368305,0.3389652539137075
306,91977,74028.57142857143,0.07206651487726666,0.5152166070901518
307,91978,84571.0,0.08717161994763818,0.6348415095446148
308,92003,90537.71428571429,0.07742663160092612,0.5614471101571656
309,92004,60044.142857142855,0.11842194346635922,0.811560459583945
310,92007,124663.85714285714,0.08085716725303647,0.5650380680579128
311,92008,90648.57142857143,0.04571448235876533,0.2997052039519939
312,92009,142572.0,0.05213510287257903,0.35005412607211256
313,92010,107806.28571428571,0.029763664037423813,0.18944399518747165
314,92011,124993.71428571429,0.05954460722947121,0.4025157232704403
315,92014,166181.14285714287,0.07304270158100715,0.511730740835723
316,92019,88256.42857142857,0.03530715509169285,0.22867646148704682
317,92020,62546.28571428572,0.05714756895053768,0.39334915046686053
318,92021,61629.71428571428,0.04377736228689994,0.2922221811869853
319,92024,126190.71428571429,0.06312966299534252,0.44154249301372117
320,92025,61157.42857142857,0.04473086865397092,0.2874710518284473
321,92026,79742.14285714286,0.0644417034730997,0.4496141354548434
322,92027,71680.0,0.05980673091394772,0.4161705207065557
323,92028,82309.14285714286,0.0791965627100197,0.5793892069566827
324,92029,99563.71428571429,0.05904680572229388,0.4062064360437192
325,92036,62323.71428571428,0.05184214633660458,0.3372093023255814
326,92037,119989.57142857143,0.04861806577666262,0.32427586979662726
327,92040,85326.14285714286,0.06625459729872106,0.4690198970402621
328,92054,64761.0,0.054605418231204184,0.37037564536229306
329,92056,86585.71428571429,0.06432795124679878,0.45209241746418255
330,92057,84898.28571428571,0.08088517195749359,0.5920800670217222
331,92058,57499.57142857143,0.08726849245634881,0.6475495544644481
332,92059,93767.42857142857,0.012627360909863251,0.06868951143531811
333,92061,61969.71428571428,0.16833796059242934,1.210750221075022
334,92064,118783.28571428571,0.05953047041688846,0.409699683259688
335,92065,102445.57142857143,0.06475124964819252,0.44575567868364874
336,92067,197278.57142857142,0.10979847218365701,0.8230390994807638
337,92069,77695.14285714286,0.0605566838713322,0.42116515232495993
338,92070,62000.0,0.12604955901544643,0.9327071746705744
339,92071,91295.0,0.04435668503427048,0.29231729404278234
340,92075,115068.57142857143,0.06109837813912028,0.41118446452011426
341,92078,93053.28571428571,0.07593590291081066,0.550800334709963
342,92081,85505.85714285714,0.07696842067755151,0.5461993764778529
343,92082,98489.71428571429,0.06505238349615648,0.4488925809643647
344,92083,70242.71428571429,0.06693121536473363,0.46960775593702747
345,92084,79518.0,0.07985386460951786,0.5817420109119251
346,92086,45840.28571428572,0.13382015617156887,1.0566123051879541
347,92091,133424.2857142857,-0.058111415563621226,-0.3636330275229358
348,92101,74941.85714285714,0.07044689192861084,0.4975420825264412
349,92102,56954.142857142855,0.08123303280283727,0.5919064306600299
350,92103,83569.28571428571,0.04545651042093262,0.30009527260040525
351,92104,74793.71428571429,0.07797049122059764,0.568561872909699
352,92105,49791.28571428572,0.08425447942254077,0.6183452522844657
353,92106,112011.14285714286,0.042641679502517627,0.2817027707808564
354,92107,90241.0,0.05609043945817643,0.3816903041310817
355,92108,83355.28571428571,0.06715740218947804,0.4738001391143056
356,92109,91919.14285714286,0.08481938026948439,0.6217698265816711
357,92110,81430.14285714286,0.07860156979425713,0.5719433837849442
358,92111,80139.14285714286,0.06576854237246098,0.46058250637500386
359,92113,45633.57142857143,0.10192253422565085,0.7864754716981132
360,92114,74282.71428571429,0.06640626868508924,0.4678658635845678
361,92115,58182.857142857145,0.08002746676366847,0.581496129249411
362,92116,79854.42857142857,0.06737955195391956,0.4743915392786219
363,92117,90159.42857142857,0.06700610490986815,0.47310835012312513
364,92118,113470.42857142857,0.05252954176297778,0.35542597926556335
365,92119,96619.28571428571,0.06549123323787602,0.46105332339075594
366,92120,101511.0,0.04483287869208021,0.29905217568762615
367,92121,116368.14285714286,0.04627197231083339,0.3063115061614383
368,92122,86226.57142857143,0.04363551661762264,0.2855786242064731
369,92123,93640.28571428571,0.08891010003395378,0.663063653237253
370,92124,96511.0,0.03907782699810307,0.2573662685318585
371,92126,103839.28571428571,0.05017481119780757,0.33859071702458154
372,92127,150092.7142857143,0.058883607809047195,0.408663255441062
373,92128,109593.42857142857,0.05188228612531712,0.35001316829075585
374,92129,132046.42857142858,0.04108089120988442,0.2689330639596272
375,92130,165510.7142857143,0.060854047426429865,0.4213815650409368
376,92131,147566.0,0.06456345729079131,0.44984204422761626
377,92139,75817.28571428571,0.072694298365584,0.5230315220258507
378,92154,73421.57142857143,0.06003433286713672,0.41479933373141836
379,92173,50723.57142857143,0.09195087737119757,0.692709002595667
380,92201,50283.857142857145,0.08142149943406135,0.5748777433910558
381,92203,79102.28571428571,0.063807587309659,0.4433100562774389
382,92210,116315.42857142857,0.05959636260735964,0.4058240216707783
383,92211,70822.28571428571,0.06454202609427,0.44854702549107067
384,92220,47372.142857142855,0.06782566130929252,0.47587067781800024
385,92223,85580.28571428571,0.06581591211989805,0.46149929443256377
386,92225,45875.28571428572,0.046475961754376766,0.3055894929749542
387,92227,49518.0,0.05542039934656773,0.3731502254855304
388,92230,58548.57142857143,0.1848297307770909,1.6019933554817276
389,92231,44863.57142857143,0.050010583418939276,0.32917804949208285
390,92233,41297.0,0.07230199745519289,0.5073980818739922
391,92234,53367.42857142857,0.07580022450766055,0.5436750109389034
392,92236,42536.42857142857,0.1254691105173142,0.9509328845428431
393,92240,41624.28571428572,0.0623770478358076,0.4293597926363611
394,92241,35407.142857142855,0.06919018117616645,0.4746558810098506
395,92242,37034.0,0.048480719135240664,0.2680554620717507
396,92243,49346.0,0.04197835153193218,0.2748049815245655
397,92249,54740.57142857143,0.09287257486280685,0.6172359252767922
398,92250,55483.857142857145,0.05647989994691954,0.3572781019359326
399,92251,84907.57142857143,0.0005474989880876769,-0.00238353454337437
400,92252,46065.857142857145,0.08764667715373652,0.6357505533133706
401,92253,84013.57142857143,0.038705386295659804,0.2450401390806361
402,92254,30367.285714285714,0.09084281486375123,0.6199776369735371
403,92256,49119.0,0.030271951350731217,0.1464398845913282
404,92260,61419.0,0.05090150930556095,0.34422325581395347
405,92262,57061.57142857143,0.06706139989883869,0.4739548494983278
406,92264,60234.142857142855,0.07931238241267273,0.5781790725476625
407,92270,87173.14285714286,0.09255277174866759,0.6978565030731693
408,92273,38215.71428571428,0.1374891311046255,1.1160293045913083
409,92274,29282.428571428572,0.03980748188526408,0.2303784520968292
410,92275,29661.0,0.037818050105875634,0.1784262533461119
411,92276,57465.42857142857,0.1205765685285744,0.9437315384242894
412,92277,45470.28571428572,0.05998858783930202,0.4066538286119698
413,92281,34461.28571428572,0.002639749339595204,0.009736605132823054
414,92282,47893.857142857145,0.13669452901345433,0.9374335738658611
415,92283,28290.428571428572,0.07025837865306887,0.4207037037037037
416,92284,46650.142857142855,0.03707010320952209,0.23788123493200383
417,92285,35301.57142857143,0.07548901926435415,0.5371029668411867
418,92301,50504.42857142857,0.12411725227016542,1.0108198944544355
419,92305,84287.57142857143,0.1144640430355015,0.7997452589866969
420,92307,64424.857142857145,0.04920471996714695,0.320542957634458
421,92308,54745.28571428572,0.056821103548167835,0.3926510913677745
422,92310,57580.0,0.047999246886205806,0.3228502005096699
423,92311,48658.142857142855,0.06137851993850316,0.42103120434897146
424,92313,75001.42857142857,0.04440145680219101,0.27610767940212005
425,92314,60516.0,0.07611269112339247,0.5426918356612705
426,92315,60834.142857142855,0.08210752494702604,0.584370691549943
427,92316,65345.57142857143,0.0738914021333106,0.5306628392484343
428,92320,64586.28571428572,0.10615806644263848,0.8201293859207158
429,92321,53372.142857142855,-0.05062895822285173,-0.30579312790713536
430,92324,58576.0,0.06148325130132155,0.42902136769731153
431,92325,66092.57142857143,0.0585055300256573,0.3875485836338807
432,92328,65513.71428571428,0.25373809473193726,2.0804931599391994
433,92333,90644.28571428571,0.05221536572046032,0.08631377497954486
434,92335,59907.28571428572,0.08083371752102829,0.5923008512260196
435,92336,101294.71428571429,0.05708030078280596,0.3902830962800875
436,92337,87882.57142857143,0.055615711358333896,0.37990163848197145
437,92339,71118.14285714286,0.06028332426163202,0.3272361778200623
438,92342,83515.0,0.07540838997168894,0.5175376001756504
439,92344,89193.0,0.03776723038542074,0.2452823133491213
440,92345,55062.142857142855,0.0607083979202284,0.4123051224944321
441,92346,71128.0,0.05778861777196483,0.39659487584798786
442,92347,42316.42857142857,0.010542858604238224,0.04532571428571429
443,92352,90504.28571428571,0.0632993415804755,0.44263959390862945
444,92354,64813.142857142855,0.07970935474028298,0.5682890828580279
445,92356,36150.71428571428,0.09313702977762174,0.6827270102497474
446,92358,56193.42857142857,0.1736243551646055,1.2282214483007086
447,92359,64454.42857142857,0.04971689738336754,0.3148612829121753
448,92363,35169.57142857143,0.030335633363244116,0.17761058578998215
449,92365,56648.71428571428,0.021852046408064665,0.13388248215266338
450,92368,41933.857142857145,0.16877486991711185,1.2522522522522523
451,92371,63472.71428571428,0.06729839566252482,0.47093099262302734
452,92372,55523.71428571428,0.04228808149963633,0.2194958433896487
453,92373,82133.14285714286,0.07250642601414924,0.5191046282280629
454,92374,80504.14285714286,0.0612303090243388,0.4234979143862971
455,92376,61660.42857142857,0.07335463937876638,0.5273138862963919
456,92377,94843.0,0.06317958451336973,0.4409422263729992
457,92378,70309.71428571429,-0.004682019246063713,-0.07869293684183021
458,92382,69031.85714285714,0.06346619109616093,0.4309369069810402
459,92386,40720.28571428572,0.08085875613303904,0.526514529633886
460,92389,30141.428571428572,0.009208114735417125,0.024411742162949338
461,92391,57931.0,0.09550858498061715,0.4769573268418534
462,92392,66171.57142857143,0.059687275641081,0.4062656080464323
463,92394,61995.42857142857,0.07695622871665042,0.5479170941924892
464,92395,50141.71428571428,0.048707685818978885,0.32289434266620576
465,92397,69441.57142857143,0.059607634769303385,0.39041823626002126
466,92398,55786.0,-0.010432803106623716,-0.07191876177217263
467,92399,74918.85714285714,0.08394626824630701,0.6171760286836264
468,92401,32288.14285714286,0.12232540723630923,0.8616499587727292
469,92404,52423.71428571428,0.07887003688350457,0.573636774392999
470,92405,46018.142857142855,0.0755901319104025,0.5291006656003302
471,92407,72097.28571428571,0.0672038850439693,0.47242999700804306
472,92408,50912.142857142855,0.09134898063870417,0.635369329122699
473,92410,40497.28571428572,0.11841589424570897,0.9497498447942154
474,92411,46529.857142857145,0.06986050478054474,0.48813932270702515
475,92501,68288.85714285714,0.07157309793718335,0.5043303377301058
476,92503,76527.57142857143,0.0642803868912946,0.45279215213181373
477,92504,71497.42857142857,0.06634322102124333,0.46431715135108204
478,92505,72456.57142857143,0.053134834843947175,0.3582722715001928
479,92506,103056.42857142857,0.056061966993723955,0.38636311503612797
480,92507,57250.42857142857,0.08299617080597967,0.611306555040969
481,92508,123190.71428571429,0.0571510870026854,0.39005406861518926
482,92509,77333.42857142857,0.06970946098511148,0.49434234686671163
483,92518,77661.28571428571,0.038737666465474,0.23859570993839532
484,92530,65994.14285714286,0.08555900944359295,0.6331997996995493
485,92532,94791.57142857143,0.04914291969453297,0.32757535076568495
486,92536,60705.71428571428,0.08067021703197134,0.4440134937672506
487,92539,49589.28571428572,0.07301721276616689,0.483708155312456
488,92543,38479.71428571428,0.07030434856754669,0.49464177823003785
489,92544,55895.42857142857,0.06353050493245758,0.4449811320754717
490,92545,50179.71428571428,0.052016401640193534,0.3488882851061903
491,92548,50840.57142857143,0.049634635589034796,0.32848640278718666
492,92549,76133.0,0.04883750959018247,0.30046200911531495
493,92551,74178.28571428571,0.09094855606309078,0.6772268219452279
494,92553,57626.28571428572,0.06766363262947887,0.4762151089408016
495,92555,94597.28571428571,0.057954602518315336,0.40111461826790296
496,92557,78588.0,0.05713618461813911,0.3924703148046066
497,92561,74990.85714285714,0.04673331596643898,0.07628081616520922
498,92562,97316.71428571429,0.056508185906477985,0.3890061349693252
499,92563,100998.71428571429,0.05411761729877277,0.3688958188958189
500,92567,76029.71428571429,0.050104318884644915,0.3162086426429379
501,92570,63528.28571428572,0.08534814277292001,0.6263418316001342
502,92571,70483.42857142857,0.07100779256423631,0.5064036120236819
503,92582,77281.85714285714,0.08097393890441378,0.5846887314122626
504,92583,50068.71428571428,0.07631146326838723,0.5444144866282883
505,92584,99287.57142857143,0.048497656832787284,0.32671554012183285
506,92585,83139.57142857143,0.07190079865975188,0.5017794686138554
507,92586,46149.0,0.06746460049655258,0.46368639358039415
508,92587,88920.57142857143,0.067054845514345,0.4724936663047412
509,92590,69534.14285714286,0.018320633011321818,0.10494952830865988
510,92591,91600.71428571429,0.05651435652578784,0.3894398839889168
511,92592,112007.71428571429,0.0498636716730377,0.33746933336025603
512,92595,82542.71428571429,0.05878432771512838,0.4058018766564
513,92596,106634.28571428571,0.03631550273910194,0.23688761986634327
514,92602,117414.57142857143,0.06783005030536987,0.45506786498592394
515,92603,160600.7142857143,0.08134038587486114,0.5885787536699334
516,92604,112214.28571428571,0.04604252319827291,0.3083829582946037
517,92606,114111.0,0.07277219569912884,0.5211660219979688
518,92610,148221.7142857143,0.060466249911040014,0.414978524014057
519,92612,82150.14285714286,0.0438589597806634,0.2697601778813066
520,92614,105508.14285714286,0.045221297989192964,0.2983192377689755
521,92617,52095.857142857145,0.12573047024523162,0.9382268320398442
522,92618,115896.0,0.046538364199803554,0.3069739200832707
523,92620,122480.14285714286,0.05912439410776877,0.40613723678451585
524,92624,109942.14285714286,0.04054008906861433,0.2521172052890185
525,92625,162505.42857142858,0.060612084111050846,0.4160689590931564
526,92626,96553.85714285714,0.05498212929174213,0.37315262310009106
527,92627,86732.0,0.08570246757855698,0.6296738759425327
528,92629,108203.85714285714,0.06609777526893185,0.46241035546970405
529,92630,103789.28571428571,0.055678250683031234,0.3781918009625656
530,92637,49086.57142857143,0.06748133566899732,0.47501040722873866
531,92646,108877.28571428571,0.05945467894842976,0.4101268510164004
532,92647,92673.57142857143,0.05646577480060074,0.3872892581113926
533,92648,102727.28571428571,0.04544964788187774,0.30175035554096924
534,92649,104663.28571428571,0.04925485636967467,0.3304886321363706
535,92651,134120.14285714287,0.030803677460338182,0.19340493092384167
536,92653,109990.71428571429,0.0413361007305702,0.26938525763123355
537,92655,48749.71428571428,0.08006372733656338,0.540967965078835
538,92656,118422.71428571429,0.04075654922642694,0.2696576195689102
539,92657,198606.42857142858,-0.008241381740057925,-0.05668372093023256
540,92660,135679.42857142858,0.0444313146420911,0.29472728648157953
541,92661,154389.14285714287,0.13388072170061327,1.049492075597141
542,92662,130300.0,0.08861268687141366,0.6604502464366592
543,92663,114148.42857142857,0.053087073315297495,0.35537214385837657
544,92672,92574.0,0.059886723148559744,0.41498462686375154
545,92673,157763.42857142858,0.03796979050446451,0.24766682140357926
546,92675,104917.0,0.07607840184771777,0.5496171182086949
547,92676,107726.0,0.0222558264608409,0.1384595440856784
548,92677,118794.42857142857,0.06093141849763104,0.42394903942557954
549,92679,183621.14285714287,0.052473449017022465,0.3567326351002594
550,92683,69026.14285714286,0.06294438802868864,0.4371633128279985
551,92688,122191.14285714286,0.05535687634962742,0.3759143535338856
552,92691,121224.71428571429,0.04156467879690442,0.27395126711139883
553,92692,123355.71428571429,0.03546588656086799,0.22887336954513543
554,92694,170563.0,0.030594866653111216,0.18644419110788682
555,92701,55230.28571428572,0.08644633577305166,0.6382171984547146
556,92703,66830.0,0.073084702947433,0.5257126675476685
557,92704,76987.71428571429,0.06957158290423666,0.49468726211621417
558,92705,111570.85714285714,0.05072318194748362,0.3369004395184407
559,92706,77290.42857142857,0.08718859576940642,0.6441140362842722
560,92707,83840.14285714286,0.0714404585714607,0.5092917064882659
561,92708,95035.14285714286,0.04780494511211154,0.3070169285447063
562,92780,80040.14285714286,0.06701770075363686,0.471091757758325
563,92782,124154.71428571429,0.05229922127042649,0.351547703180212
564,92801,67115.57142857143,0.06311829786657619,0.4405793376899919
565,92802,67962.57142857143,0.0752179610384503,0.5367552468114823
566,92804,67307.57142857143,0.050516520187533186,0.338237404908856
567,92805,71761.71428571429,0.06148649356995228,0.4286214836319952
568,92806,78591.57142857143,0.06246703451986025,0.43301392153317664
569,92807,120287.85714285714,0.045096747085013655,0.3019133263178035
570,92808,133566.57142857142,0.03466334119836672,0.22636701030927836
571,92821,100100.71428571429,0.05237852971319882,0.3554083885209713
572,92823,153635.0,0.04345323096833861,0.2716396193933632
573,92831,76471.71428571429,0.05773271007069072,0.3929272166682239
574,92832,74049.42857142857,0.0721311692438303,0.505667311726538
575,92833,91091.85714285714,0.07605604782256835,0.5485634619064542
576,92835,119142.42857142857,0.05949542034099539,0.40717370319565105
577,92840,78514.71428571429,0.06916711827454027,0.49046031304992127
578,92841,67001.57142857143,0.060600172835057496,0.41916105465436354
579,92843,69932.85714285714,0.06544586316154109,0.45731598962220565
580,92844,63643.28571428572,0.044678700427470984,0.29477795763248643
581,92845,112085.0,0.05362575457622177,0.3618696086628464
582,92860,108428.28571428571,0.052736852605208585,0.3597869825052332
583,92861,169995.57142857142,0.06309672454208014,0.43104761771633454
584,92865,111451.14285714286,0.04921680951400642,0.3309151842731759
585,92866,76981.85714285714,0.02855742713656641,0.18304290112124721
586,92867,103888.0,0.06273143125173196,0.43954547535130684
587,92868,74099.42857142857,0.06113375410866939,0.41673030418734885
588,92869,120550.14285714286,0.07301091849089308,0.5251148656357282
589,92870,99095.57142857143,0.037775363742610195,0.24788398600609413
590,92879,74767.71428571429,0.06860573122838108,0.4868491332567211
591,92880,120113.28571428571,0.0725642879383769,0.5118043424007986
592,92881,115505.14285714286,0.05849976052503323,0.40318313615102963
593,92882,86433.57142857143,0.06242707237678114,0.4333024845162668
594,92883,112654.14285714286,0.04282373502231195,0.27811873305720997
595,92886,131690.7142857143,0.03662140960501083,0.23962586172277625
596,92887,145802.85714285713,0.033413652836385886,0.21177607044974614
597,93001,71719.85714285714,0.056484597029626465,0.3830179306808531
598,93003,85192.0,0.052359338265824694,0.3551856455709885
599,93004,96368.57142857143,0.06011322204932066,0.4116889230235612
600,93010,97993.57142857143,0.03128760849981665,0.2025038776866829
601,93012,109451.14285714286,0.029451230970407635,0.1883490988360777
602,93013,90511.0,0.08419319659456914,0.5885617727466308
603,93015,75600.14285714286,0.06425369083279348,0.43679460035976375
604,93021,121896.85714285714,0.06788857106793929,0.47449004693634567
605,93022,91899.71428571429,0.07108539078750757,0.499294665479696
606,93023,77911.28571428571,0.0236261466808063,0.1484349925342934
607,93030,77958.85714285714,0.05726715549804929,0.3952627339199405
608,93033,70881.71428571429,0.06848534154731871,0.48451468986148816
609,93035,92083.85714285714,0.031007942600086876,0.19021121563206542
610,93036,81519.42857142857,0.07457930046428007,0.5370330712515679
611,93040,70472.85714285714,0.17919323121368125,1.5327589743589745
612,93041,66684.28571428571,0.034330831689181725,0.2225303069383544
613,93060,66222.71428571429,0.05922931666626682,0.4095045858564397
614,93063,101440.57142857143,0.06240079027911657,0.43110988034661407
615,93065,103587.71428571429,0.026568112028818456,0.1683130738062266
616,93066,120230.42857142857,0.09665152536211037,0.7126827315320774
617,93101,65422.857142857145,0.06666217382890961,0.4692420897718911
618,93103,96194.71428571429,0.06315932666295351,0.41726860406517724
619,93105,106748.71428571429,0.06709846862397044,0.46100754474405387
620,93108,174359.0,0.08916771878751302,0.6610899477971589
621,93109,105706.28571428571,0.04660374529058057,0.29783447048353606
622,93110,96277.57142857143,0.06584186048696962,0.46014132104454686
623,93111,121249.14285714286,0.04564368351832256,0.30024075778279746
624,93117,72099.42857142857,0.0562374443378823,0.38484779939249014
625,93201,38530.71428571428,0.1056124141008269,0.7060333333333333
626,93202,52366.0,0.04060856928514314,0.26588905409084246
627,93203,42260.42857142857,0.05090430309278978,0.3422064477965099
628,93204,46315.71428571428,0.07738808932521792,0.5297072579248224
629,93205,25070.0,0.06302417902151035,0.4058013849011991
630,93206,43731.857142857145,0.06687846373704329,0.4678113957597173
631,93210,63866.57142857143,0.06383268693808959,0.4423076923076923
632,93212,44115.0,0.06691943121933414,0.46844745762711865
633,93215,47653.71428571428,0.07914191304586374,0.571249231399877
634,93218,43070.0,0.25417547624499043,2.2914256045097168
635,93219,38886.0,0.11484912776581864,0.8926666905264665
636,93221,63357.71428571428,0.09047279395394042,0.6363406473700591
637,93222,53327.0,-0.0077049134766006,-0.07250998635608963
638,93223,45243.857142857145,0.07397700719837748,0.5294509062841021
639,93224,51226.142857142855,0.008319466586711075,-0.014634146341463415
640,93225,46729.28571428572,0.02916018738471957,0.17014095691880088
641,93230,65359.71428571428,0.05095809490449236,0.34482695577453976
642,93234,32910.857142857145,0.10241751929153693,0.7419975649031852
643,93235,41182.0,0.10873184471227366,0.8454411666332197
644,93239,45333.142857142855,0.057108310690416185,-0.11032281597665512
645,93240,34178.71428571428,-0.03151887694136629,-0.20255428555459296
646,93241,36063.142857142855,-0.018391822725854334,-0.12012154326494201
647,93242,48763.857142857145,0.07766629500978066,0.5154514189573695
648,93245,65861.28571428571,0.06246573853137923,0.4343032215454612
649,93247,41431.28571428572,0.08910701804818573,0.6551765302772555
650,93249,37443.0,0.03924141823251576,0.2541782729805014
651,93250,39691.142857142855,0.06310325416918916,0.4265487716156472
652,93251,55890.0,0.10027408859069344,0.715648942515025
653,93252,40200.857142857145,0.05013921022585358,0.2830620927672488
654,93254,49464.0,0.04529801242179051,0.19420309227821592
655,93255,29302.14285714286,0.08705302133612881,0.5298526315789474
656,93256,41609.42857142857,0.16853021640760937,1.4295752922222602
657,93257,47262.857142857145,0.06689328649878373,0.469567410770589
658,93263,51861.857142857145,0.0864848780400262,0.6217909795254172
659,93265,73707.42857142857,0.10570197220702902,0.7407482033716166
660,93266,50700.0,0.09689987676116502,0.7026369508682643
661,93267,35895.42857142857,0.06045508734017646,0.4013579899245909
662,93268,47013.28571428572,0.039582203904131454,0.22923683744017018
663,93270,47489.71428571428,0.13736377519359752,1.003940295391681
664,93271,73539.57142857143,0.048328047580984225,0.32142406659939454
665,93272,43219.42857142857,0.10129804886399801,0.7227239299897044
666,93274,58272.42857142857,0.06069061918762847,0.4205734723322969
667,93277,65604.14285714286,0.06181158793258342,0.4283764367816092
668,93280,42423.71428571428,0.07259842723437267,0.5058115684397648
669,93283,32445.0,0.10298431025260274,0.06530205014322037
670,93285,34198.0,-0.0030449752196602307,-0.09127400447019113
671,93286,43619.71428571428,0.02529211822610952,0.1502800097394692
672,93287,90065.42857142857,-0.00982348378148381,-0.10317460317460317
673,93291,65882.0,0.08139363262563903,0.596388138049908
674,93292,66408.85714285714,0.07808411327193747,0.5669175265730468
675,93301,35056.71428571428,0.026091910380157745,0.14521526391271336
676,93304,43433.57142857143,0.06060689804592393,0.4187919094206881
677,93305,33879.0,0.04721469585880105,0.3063148569982283
678,93306,58464.857142857145,0.04237275656865821,0.27567032297379646
679,93307,43657.28571428572,0.06156244513079948,0.4252561947622404
680,93308,48721.0,0.050939338883467015,0.3400360279216393
681,93309,54162.0,0.041690040097633135,0.2749374256288211
682,93311,101637.85714285714,0.042773447945024884,0.27555647155812035
683,93312,101902.85714285714,0.030472825785019208,0.1945328073970395
684,93313,83597.57142857143,0.04505953040336038,0.2941290581828763
685,93314,115427.57142857143,0.03304178960084229,0.21341567533724173
686,93401,77866.14285714286,0.08303191504744767,0.6123394185260311
687,93402,83795.57142857143,0.06094368897633636,0.41937997211514805
688,93405,47762.57142857143,0.028568369857891813,0.18030316660669304
689,93420,91886.57142857143,0.054288243529969464,0.3701644690384788
690,93422,83958.71428571429,0.031258570225290876,0.19618459737391744
691,93426,89435.14285714286,0.04486012784340821,0.23698861391473008
692,93427,97360.57142857143,0.05709307620911227,0.3798548094373866
693,93428,79270.0,0.052303379699953904,0.3370847132517121
694,93430,72005.28571428571,0.05995247219986274,0.4121437098330363
695,93432,96856.14285714286,0.08063000366380364,0.5763934426229508
696,93433,71578.42857142857,0.052756967855871105,0.3424091604046713
697,93434,55937.42857142857,0.08446993983826774,0.6216136363636363
698,93436,65380.28571428572,0.05350403843973369,0.3664730974656773
699,93437,68810.28571428571,0.04961998571531004,0.31140710813711253
700,93440,63288.57142857143,-0.01872882776041671,-0.18191379100109742
701,93441,112522.57142857143,0.05908461191231626,0.37253658536585366
702,93442,76513.14285714286,0.06632165765576135,0.4674234945705824
703,93444,92848.71428571429,0.04822724566259016,0.3259415433655861
704,93445,67638.42857142857,0.050695278927540825,0.33354666666666666
705,93446,77416.14285714286,0.06392394912605866,0.44323977644076595
706,93449,93859.57142857143,0.06726717163452352,0.46040922965492265
707,93451,71150.14285714286,0.07001546852403327,0.48323336746801904
708,93453,58587.0,0.06789922635919361,0.3839489643222809
709,93454,70128.42857142857,0.06553620729533517,0.46210897469299844
710,93455,94034.57142857143,0.056682392398409075,0.3909136359557476
711,93458,62498.142857142855,0.0699189269952665,0.4874357625541213
712,93460,109839.0,0.06670531022872334,0.42447472413569715
713,93461,64784.0,0.07990995319893489,0.5249596317037138
714,93463,103111.85714285714,0.0936385968146643,0.6932075471698114
715,93465,102834.85714285714,0.07137227605929315,0.49384379558434494
716,93501,42049.142857142855,0.0898702734390165,0.6397773039564084
717,93505,49312.57142857143,0.037553940448914844,0.21714311000973538
718,93510,108244.28571428571,0.043655724051718185,0.27753513000528435
719,93512,51064.42857142857,0.08145334763775232,0.5281315227843054
720,93513,56469.0,-0.004642241448189016,-0.052434782608695656
721,93514,66077.42857142857,0.0685913651728569,0.479767425010868
722,93516,56657.0,0.09447651845331821,0.6888688726652129
723,93517,73406.85714285714,0.13643275851639278,1.0166007260268386
724,93518,47185.57142857143,0.11610683041172036,0.9265648854961832
725,93523,63664.857142857145,0.009569369475884583,0.05793094681983571
726,93526,50923.857142857145,0.05411638273014993,0.3213496168787963
727,93527,76474.42857142857,0.02530523875281201,0.14968569203382287
728,93532,77199.28571428571,0.09784170784792233,0.7242443685296617
729,93534,46326.28571428572,0.07758047177789107,0.554549534091809
730,93535,51649.0,0.07531685100591744,0.5354134673553911
731,93536,86144.28571428571,0.05989922733644203,0.41706363411074704
732,93543,57132.57142857143,0.09017405046265607,0.6666266275885264
733,93544,59699.28571428572,0.13900285711163016,0.7321993434795584
734,93545,42142.0,0.039699313354544775,0.19363682274006205
735,93546,74789.0,0.07323194869399614,0.511104498183185
736,93549,61302.857142857145,0.09317908025667133,0.6321451688503003
737,93550,50681.71428571428,0.08491255811333522,0.6245576516713766
738,93551,97569.14285714286,0.040375764647675005,0.2650066188889396
739,93552,71392.57142857143,0.05956317210050834,0.40061373985349436
740,93553,62123.42857142857,0.045697444904907854,0.2568453661474916
741,93555,71846.71428571429,0.05846976632917561,0.40235
742,93560,65637.85714285714,0.054916299341961135,0.372402117926737
743,93561,71309.71428571429,0.05462237746947374,0.36653342216300244
744,93562,44888.57142857143,0.13220517903278114,1.029310293102931
745,93591,51367.28571428572,0.05405656793817576,0.36900667610762694
746,93601,67476.71428571429,0.05592172107637666,0.3538039146222655
747,93602,66861.14285714286,0.02460869692368134,0.15089965610415132
748,93604,104465.14285714286,0.16307135405680992,1.2382027740757193
749,93608,38290.57142857143,0.031787866203798726,0.17946407812136714
750,93609,53405.0,0.07845224274389541,0.5533720613597168
751,93610,57165.57142857143,0.08518924378932209,0.6143716350584469
752,93611,99363.28571428571,0.05347063575368167,0.36474746513067074
753,93612,50138.28571428572,0.07961974195773863,0.5749256519281343
754,93614,74787.14285714286,0.06650179210424258,0.4541022611936573
755,93615,47537.42857142857,0.0998191553586137,0.7591329130322135
756,93616,42976.71428571428,0.10423124470497776,0.8019269905876367
757,93618,49454.42857142857,0.07519952264383087,0.5411067482867107
758,93619,123264.57142857143,0.03165843161083647,0.20153910149750415
759,93620,46329.57142857143,0.03510589526419511,0.2246551131621582
760,93622,40685.142857142855,0.01886740876163633,0.08250901896892819
761,93624,36542.857142857145,0.03158567750066196,0.1826577116814584
762,93625,58474.42857142857,0.03370857879195688,0.20446898295317234
763,93626,102175.85714285714,0.10508342292843625,0.781426427499464
764,93630,53864.57142857143,0.050344011232129844,0.2956018021883716
765,93631,71262.0,0.041261995275585266,0.2714607726504289
766,93635,62949.142857142855,0.07349714414539324,0.5045883279749611
767,93636,98781.85714285714,0.07738235532668702,0.5468389478541763
768,93637,61862.71428571428,0.06941774119920004,0.4943028215551595
769,93638,49181.857142857145,0.0810769065193178,0.5930948463457354
770,93640,35568.57142857143,0.08897594361016302,0.6579165316337187
771,93643,60929.71428571428,0.03957872768147759,0.2546530831895192
772,93644,60166.28571428572,0.07566971019647822,0.534465880817392
773,93646,30367.85714285714,0.0715839389903926,0.4992812287205871
774,93647,41777.57142857143,0.08528134176982854,0.5901829799593378
775,93648,40806.0,0.08660881116818557,0.6375698985878115
776,93650,39198.28571428572,0.05849438546099995,0.381404752672686
777,93651,97702.85714285714,-0.011479492831884638,-0.07841350344718281
778,93652,40090.857142857145,0.03462120914177722,0.22331972789115645
779,93653,86097.0,0.09653460082224614,0.6435643564356436
780,93654,54708.0,0.07349779579128314,0.5281873570247559
781,93656,55523.71428571428,0.04775627789957294,0.30185746012517667
782,93657,62353.857142857145,0.07214451615372143,0.5164326583217794
783,93660,40499.142857142855,0.11817106954197815,0.9058947368421053
784,93662,47346.857142857145,0.05234828499846086,0.34996549837009544
785,93664,116436.71428571429,0.045007520469151206,0.28384145516227116
786,93667,66008.28571428571,0.025762592750963247,0.06235352164795856
787,93668,52355.28571428572,0.09480596054398642,0.6165557360725329
788,93673,47218.142857142855,0.0733802765217722,0.5246145121654829
789,93675,68808.14285714286,0.031302982203490336,0.1456136606189968
790,93701,24858.285714285714,0.1111511231279682,0.8532036152207703
791,93702,32280.14285714286,0.10037566265282616,0.7576125720108163
792,93703,34891.71428571428,0.07763149192269332,0.5511785598966742
793,93704,62093.71428571428,0.037630236258329654,0.24573482599520727
794,93705,44365.142857142855,0.07891528023699547,0.5753663343711617
795,93706,33889.57142857143,0.04910780009063314,0.32631892895015907
796,93710,53671.142857142855,0.0462270978450115,0.305324476667435
797,93711,80427.28571428571,0.055045540207825615,0.37258545925550485
798,93720,92525.57142857143,0.04426884903383987,0.291848970993356
799,93721,27405.0,0.05082203423098725,0.30116538952745847
800,93722,64779.71428571428,0.061678331896082426,0.4285054583741249
801,93723,92467.0,0.08549883845107925,0.6183326143527087
802,93725,53806.71428571428,0.09502070158501681,0.7220257701995737
803,93726,44216.142857142855,0.07256453832235114,0.5137192010497157
804,93727,64448.28571428572,0.08470542942702802,0.6196412043874677
805,93728,41484.857142857145,0.07329398561292456,0.513715710723192
806,93730,127711.14285714286,0.03282443689864902,0.2095841737912176
807,93901,72837.42857142857,0.07922164941861633,0.5774805480961234
808,93905,58911.28571428572,0.08707651008849032,0.6473608633218746
809,93906,76978.71428571429,0.07917578709236833,0.5695515753693293
810,93907,87227.0,0.059609874640571096,0.4102641138393467
811,93908,145507.2857142857,0.04536416911503257,0.2949870150310852
812,93920,59819.42857142857,0.06701900031800995,0.3654588235294118
813,93923,106789.71428571429,0.048405536453193454,0.3203561189074996
814,93924,127375.0,0.09424740902093758,0.6862883327458583
815,93925,56737.142857142855,0.04458846782966323,0.2723895996698308
816,93926,67579.0,0.06842066474013653,0.48032429538414473
817,93927,63881.142857142855,0.06840099396961799,0.48637159289822457
818,93930,59288.71428571428,0.09505979464218879,0.7026094710658469
819,93932,61565.857142857145,0.2542595703678525,1.7693953676661944
820,93933,75611.42857142857,0.07174495060372212,0.5110114192495921
821,93940,90870.71428571429,0.06253467179513851,0.43279388917659245
822,93950,91603.57142857143,0.045734340600397584,0.30330864197530866
823,93953,142565.7142857143,0.029091432160796127,0.1826526946565469
824,93954,59304.142857142855,-0.0029841284305542407,-0.05304347826086957
825,93955,69717.0,0.061346051560559146,0.4276969497286143
826,93960,68408.0,0.09402044923131891,0.6887996348699225
827,94002,162906.14285714287,0.08556796069866472,0.6294664903700635
828,94005,122568.71428571429,0.056458233527837944,0.3827440893169877
829,94010,162890.42857142858,0.06007403616787336,0.4174582172187193
830,94014,98984.14285714286,0.051661185158295965,0.34910420219102567
831,94015,103034.85714285714,0.06047665471426228,0.42111801242236024
832,94019,137219.57142857142,0.042800743433497296,0.27905734695240003
833,94025,175652.57142857142,0.07546000329325021,0.5437772199695351
834,94030,132967.7142857143,0.06295018224752381,0.4348665458552266
835,94037,143929.85714285713,0.14821475898702002,0.924985899605189
836,94038,124799.57142857143,-0.005612969666421587,-0.058645325978522386
837,94040,148732.42857142858,0.07511235098038711,0.537091345352751
838,94041,148427.14285714287,0.05667100728201244,0.3890669954788327
839,94043,149084.57142857142,0.07339544623845011,0.5274470871530564
840,94044,132158.14285714287,0.06593531631043764,0.46465468076552696
841,94061,121324.42857142857,0.06135316749842543,0.4269777285095233
842,94062,190628.85714285713,0.08168535168991135,0.5932604984636395
843,94063,87278.14285714286,0.1022751029030043,0.7850432632880099
844,94065,180702.2857142857,0.04935776268007613,0.33090267164858744
845,94066,114921.42857142857,0.0626654315653349,0.4365128833578077
846,94070,194754.0,0.07443158911378843,0.5354652262689916
847,94080,110979.71428571429,0.06768327017708654,0.4764629868931143
848,94085,143347.42857142858,0.10115263780930929,0.7719291471596119
849,94086,149448.14285714287,0.07258316354659476,0.5198438132505735
850,94087,170762.85714285713,0.06541601126697764,0.4585912300584082
851,94089,129116.42857142857,0.07132903744832032,0.5090459315395263
852,94102,51193.57142857143,0.11806836584276993,0.9307641869337149
853,94103,85132.57142857143,0.167426238576759,1.4940675201826632
854,94104,49917.857142857145,0.014097048364668394,0.03029176732949266
855,94107,164933.2857142857,0.04521186936168537,0.2973227292687517
856,94108,63387.0,0.025793106899978036,0.15400878191575865
857,94109,98112.14285714286,0.058325481638795335,0.4028807561985021
858,94110,136465.85714285713,0.05702214432043712,0.3886757724584727
859,94111,129034.14285714286,0.05728078235859028,0.32050792246440923
860,94112,105225.14285714286,0.07968735299473292,0.5830551927635079
861,94114,167833.2857142857,0.053722499747474624,0.36570721741184975
862,94115,129892.14285714286,0.06909052933962584,0.4886755126658625
863,94116,125489.14285714286,0.07029009291336595,0.4996854913215262
864,94117,166146.7142857143,0.04990375468682753,0.31671918122410303
865,94118,131688.2857142857,0.07800787950578732,0.5638937081581243
866,94121,111455.42857142857,0.08085184014681926,0.5902460891254123
867,94122,124978.57142857143,0.06045370152528573,0.41695676695384976
868,94123,179010.7142857143,0.0873939983599219,0.6518852598862094
869,94124,66954.0,0.06955471428407216,0.48555255002418357
870,94127,177753.2857142857,0.05307816097897297,0.35961057355024023
871,94129,208666.42857142858,0.037960545629992716,0.24201359857388505
872,94130,70802.71428571429,0.10943794552065128,0.7595842203172046
873,94131,165536.7142857143,0.08894536863634324,0.6575414429138454
874,94132,90164.57142857143,0.0862046658492744,0.6247361929560094
875,94133,71878.85714285714,0.03855399647047239,0.24996236186805576
876,94134,87607.85714285714,0.07151454053714855,0.5075400829689427
877,94158,161434.7142857143,0.05587292679340055,0.3755233951082616
878,94301,180958.7142857143,0.08330951244268957,0.6078381846977227
879,94303,122076.28571428571,0.07137298379662262,0.5049765659153527
880,94304,139999.42857142858,0.08028508449405782,0.568472136461871
881,94305,64362.142857142855,0.03109418916770089,0.1846729766400209
882,94306,164358.14285714287,0.07113574303858512,0.48526120443159465
883,94401,100309.14285714286,0.0691079557666569,0.48585922948730514
884,94402,166088.0,0.043716218002258195,0.2817471074144351
885,94403,144830.85714285713,0.08106653794567796,0.592287599061407
886,94404,159158.42857142858,0.05313718905916756,0.3607522229516023
887,94501,100028.71428571429,0.0665489365146036,0.4639943155367162
888,94502,167372.0,0.08347795018994325,0.5920910695606695
889,94503,109264.57142857143,0.05122288277177217,0.34699679745539314
890,94505,132633.57142857142,0.05115712064664552,0.34100760754138887
891,94508,101569.28571428571,0.06612609512435186,0.4423417290673928
892,94509,69203.42857142857,0.05605505848660244,0.38571647144824306
893,94510,110240.28571428571,0.046997191803236284,0.3141010168851203
894,94511,59294.28571428572,0.17698959444326404,1.1675284098764067
895,94513,116977.0,0.06332198465815551,0.4431511871688682
896,94514,77813.71428571429,0.061241506518040105,0.34402744425385934
897,94515,86816.85714285714,0.06526209421377838,0.41687681296736295
898,94517,149319.57142857142,0.02793424157469858,0.17454278610155244
899,94518,99661.57142857143,0.047082598133588,0.3122644176404071
900,94519,103059.0,0.07658116221836109,0.553923667968258
901,94520,66900.71428571429,0.07429262045007169,0.5320072193848162
902,94521,109062.42857142857,0.051556557111931745,0.3452666504644061
903,94523,123097.0,0.05949757799909164,0.4136526281358721
904,94525,87716.14285714286,0.04343698955148854,0.27494179205367647
905,94526,170676.57142857142,0.07449133051568303,0.5305620022432121
906,94530,110579.14285714286,0.048693005383965586,0.32787549900199603
907,94531,106398.42857142857,0.04791145384234932,0.3205657672308647
908,94533,75542.28571428571,0.05460369243986057,0.373378905002236
909,94534,119871.57142857143,0.048526418477152895,0.3267163653328002
910,94535,72080.85714285714,0.054761601062424635,0.3751008379842281
911,94536,133120.57142857142,0.05688530153359444,0.3915638572837006
912,94538,122489.57142857143,0.061752465038896164,0.4292880819274724
913,94539,193241.42857142858,0.06599775995252517,0.46627673755154414
914,94541,85787.28571428571,0.07872457518562469,0.5711821171058258
915,94542,119295.0,0.04364773064000444,0.2812226989458153
916,94544,89203.0,0.07512948281134701,0.5434073525431937
917,94545,95073.0,0.05499646400850172,0.36272597216803226
918,94546,104398.14285714286,0.06660483485782105,0.47124877181490665
919,94547,116567.28571428571,0.0344847817553559,0.2178864215032503
920,94548,137165.85714285713,0.10855247335559097,0.738362654159823
921,94549,188772.42857142858,0.06985510898170984,0.4894185859236592
922,94550,148619.57142857142,0.07514600678551724,0.5419646741494822
923,94551,119345.42857142857,0.0319434636136125,0.20211719044597118
924,94552,174465.7142857143,0.07567434934658662,0.5389173498548616
925,94553,106811.85714285714,0.05143743811627144,0.34915220226748267
926,94555,168163.42857142858,0.08286648860484008,0.6073119866288218
927,94556,163593.85714285713,0.06289400243399494,0.4245482616651418
928,94558,97878.85714285714,0.046505905934202056,0.31084787581895057
929,94559,82337.28571428571,0.06615324983664252,0.46320843943252094
930,94560,131122.57142857142,0.09326096656851325,0.7033062375409277
931,94561,107032.14285714286,0.06755630254722948,0.4737203671377893
932,94564,102617.85714285714,0.06413226687621636,0.44651279718438003
933,94565,78825.42857142857,0.0733965131971868,0.5265440526865311
934,94566,166499.42857142858,0.05116269579750688,0.3444366459449394
935,94567,59476.0,0.037366443316389046,0.22055674518201285
936,94568,162296.0,0.07484770240483564,0.5328364568771539
937,94571,72595.57142857143,0.0474691126436468,0.3171546047546913
938,94572,79636.71428571429,0.04909230536828999,0.3259992556754745
939,94574,108228.71428571429,0.08954620812414675,0.6696010511227902
940,94577,89375.71428571429,0.08646835606916468,0.6397630233726325
941,94578,71418.28571428571,0.09369493135936739,0.7007001278162498
942,94579,88549.42857142857,0.032548416444511556,0.20676710994952213
943,94580,97410.14285714286,0.04431506191586052,0.29504475364909843
944,94582,181213.57142857142,0.05945982515508714,0.4090511747709514
945,94583,160011.0,0.049899405723555466,0.3362934671323492
946,94585,85036.85714285714,0.045929186922240406,0.30420066077809993
947,94586,157457.7142857143,0.09534936743633582,0.7113290322580645
948,94587,119937.28571428571,0.06259396141798539,0.43470849673202616
949,94588,159591.42857142858,0.05338197977323966,0.3644667749060219
950,94589,73981.0,0.07405483926112255,0.5331777427045905
951,94590,56739.71428571428,0.07004744238896529,0.4982881693481617
952,94591,92035.85714285714,0.05431896285440538,0.3716360584015872
953,94592,137932.2857142857,0.016249760584414394,0.02081165452653486
954,94595,81486.85714285714,0.06691350007043843,0.47225306881959245
955,94596,116243.42857142857,0.0770020766709877,0.555005817434229
956,94597,121300.71428571429,0.06437389014584842,0.4508912683159961
957,94598,161102.2857142857,0.06722173614395656,0.4666521173196985
958,94599,70954.85714285714,0.02040169526847571,0.11203203706029274
959,94601,54214.142857142855,0.06956006869817673,0.4922088389378946
960,94602,105419.71428571429,0.08197681476900193,0.5921988078675635
961,94603,57810.142857142855,0.06147490219794202,0.4276303898138292
962,94605,80109.85714285714,0.07325222077059668,0.5260757275981333
963,94606,61464.857142857145,0.06610710333009631,0.4615352842774829
964,94607,62729.0,0.1323559939548289,1.1002388344877
965,94608,95852.42857142857,0.09420672017741209,0.7015742041198502
966,94609,92851.0,0.06406835049855282,0.446458347454755
967,94610,109377.85714285714,0.07041097222217882,0.49823682789832185
968,94611,142661.7142857143,0.06589425912549725,0.4636445800615252
969,94612,61215.42857142857,0.10445151937340565,0.7973180970149254
970,94618,172429.42857142858,0.07736006072944222,0.5440525821596244
971,94619,106360.42857142857,0.0789234715851243,0.564920355688363
972,94621,44307.28571428572,0.07680109142010733,0.5363652143725047
973,94702,86783.85714285714,0.042619039520324226,0.2758851465269823
974,94703,89510.85714285714,0.06400076557280489,0.4487969034729519
975,94704,41958.71428571428,0.1211986089222181,0.9472681067344345
976,94705,137944.2857142857,0.05870576562030408,0.40433548387096774
977,94706,109603.71428571429,0.07390586650555127,0.5315739446463517
978,94707,167666.7142857143,0.05470578105940239,0.3719128802417357
979,94708,190250.42857142858,0.0633143717156813,0.4398601662412132
980,94709,77825.57142857143,0.06343835649690159,0.44216090143575454
981,94710,92806.71428571429,0.11390858510728262,0.8873872432985733
982,94801,63415.142857142855,0.07740369978542261,0.5522919995084183
983,94803,97751.0,0.058194164112172486,0.40207517997777453
984,94804,66941.0,0.08889244882436009,0.664740552409569
985,94805,91642.28571428571,0.07094375020770609,0.5056234589876455
986,94806,69791.85714285714,0.06598186293255305,0.46308629979683774
987,94901,98685.28571428571,0.041204373345629174,0.2671820605665452
988,94903,112111.28571428571,0.04475186253144933,0.2865924438029292
989,94904,140745.57142857142,0.05750610537420295,0.3898548111514652
990,94920,192380.0,0.07098925376373239,0.49479058855999447
991,94924,79032.42857142857,0.11110537469648753,0.8413747016706444
992,94925,171431.57142857142,0.08760767930755992,0.6365287393811804
993,94928,78902.57142857143,0.07454503627540422,0.5362673704963907
994,94929,156583.57142857142,0.14864850025163825,1.1911841059602648
995,94930,114308.14285714286,0.05406954245631302,0.3661012194022224
996,94931,87463.71428571429,0.05915058774891071,0.40942395494436395
997,94933,105712.28571428571,0.06075865478143492,0.3661151667782418
998,94937,74255.42857142857,0.020108338304228687,0.044571428571428574
999,94938,110406.0,0.11793571702118501,0.7624633431085044
1000,94939,135995.57142857142,0.10659732775581848,0.8277955591118223
1001,94941,171257.42857142858,0.07927979782548518,0.5751075212420015
1002,94945,110742.28571428571,0.030024492304915624,0.1704793899642724
1003,94946,123091.0,0.09501994188699898,0.5344827586206896
1004,94947,113113.71428571429,0.04494802161185391,0.29768099315770064
1005,94949,99812.42857142857,0.05762488942014917,0.39604877110288106
1006,94951,101405.42857142857,0.0340982916213454,0.21854269879922747
1007,94952,96661.0,0.057192885356868534,0.39310570207821444
1008,94954,97757.0,0.036457016177816305,0.23703609996204847
1009,94956,73747.57142857143,0.03095002827140533,0.19538686659928495
1010,94960,148085.2857142857,0.05735691573675608,0.3913338338944462
1011,94963,154277.57142857142,0.12267023030183338,0.9438165206743901
1012,94965,117321.14285714286,0.05586577970510836,0.37735293829146516
1013,94970,111616.28571428571,0.026564953984498735,-0.02289592609268431
1014,94973,118200.0,0.21842258781480764,1.2191257240131472
1015,95002,96888.85714285714,0.01819161304753654,0.08468827328142918
1016,95003,116292.0,0.07512742039945779,0.5408743169398907
1017,95004,126488.0,0.10225471031732165,0.6801220204313281
1018,95005,92816.42857142857,0.06295639170553735,0.41451803278688526
1019,95006,110253.42857142857,0.08239874785473729,0.5863861416700621
1020,95008,125310.28571428571,0.05070909906917911,0.34077682661260045
1021,95010,82075.14285714286,0.05994058808406166,0.3895818364707573
1022,95012,66009.14285714286,0.06648174817752951,0.4582702169985217
1023,95014,187160.57142857142,0.07296724532062926,0.5217931428495506
1024,95017,73626.42857142857,0.07407935506265749,0.4392857142857143
1025,95018,106996.42857142857,0.03602207452471832,0.23257907316013285
1026,95019,55238.857142857145,0.10202266352924456,0.7582230915735831
1027,95020,111094.71428571429,0.06878915787925177,0.48919506567270143
1028,95023,92113.28571428571,0.045977484196053374,0.3041056248869597
1029,95032,159589.42857142858,0.07252898054522212,0.5110120222640253
1030,95033,168342.14285714287,0.039105882015452995,0.24534104688420869
1031,95035,142541.85714285713,0.08168363813361551,0.5970052142166475
1032,95037,133417.0,0.06540524019806011,0.45785507673600234
1033,95039,46144.71428571428,0.07234904987068348,0.45640589427334816
1034,95041,91123.28571428571,0.2965761378907035,1.8835885038947087
1035,95043,96028.14285714286,0.1017849308304486,0.7197032713785063
1036,95045,88446.42857142857,0.09777065746493556,0.6996117528639217
1037,95046,128695.14285714286,0.06135833766260787,0.4249592760180996
1038,95050,104104.42857142857,0.07524899946912417,0.543284007167523
1039,95051,149548.7142857143,0.08651459936281687,0.6424558267932509
1040,95054,167111.42857142858,0.06422931539290026,0.44830719000638797
1041,95060,86295.14285714286,0.08457344201087903,0.625457945644343
1042,95062,87474.71428571429,0.0770134376894011,0.5583400506678949
1043,95064,81812.85714285714,0.19370365850086202,1.6952344523445235
1044,95065,115089.85714285714,0.07715291053280524,0.5525517361375425
1045,95066,121385.71428571429,0.06299001588995239,0.4276650732579379
1046,95070,206620.85714285713,0.05660861510223384,0.38702306333062814
1047,95073,99442.42857142857,0.04801387886615924,0.3221576204899674
1048,95075,106524.85714285714,0.1306694776062984,0.8473191993567771
1049,95076,74608.0,0.06038989230003843,0.41616702880201273
1050,95110,105627.85714285714,0.09890000179566623,0.741639344262295
1051,95111,79260.85714285714,0.06540969170103635,0.46000691220003304
1052,95112,74648.85714285714,0.06817758064396263,0.48011358945995475
1053,95113,128887.42857142857,0.03686269691547107,0.23048044770776765
1054,95116,70637.14285714286,0.06792109215540472,0.4818735679141725
1055,95117,101323.57142857143,0.05898164143722753,0.40713912419937043
1056,95118,124254.71428571429,0.0650154153538527,0.4584201218314011
1057,95119,133801.57142857142,0.05519027601982998,0.3669328980353291
1058,95121,113595.85714285714,0.05914573294039605,0.41006981796705266
1059,95122,84625.28571428571,0.07621782832073139,0.5525027775275501
1060,95123,121976.85714285714,0.049510085284967774,0.3290967748223667
1061,95124,160077.7142857143,0.062434975772037056,0.43568
1062,95125,126896.57142857143,0.044711637016673356,0.29755389645586
1063,95126,107260.0,0.06875101659226379,0.48904537425867656
1064,95127,104296.14285714286,0.06183497198099541,0.43102363513337055
1065,95128,101152.85714285714,0.07199907438232898,0.5157323644273073
1066,95129,158121.2857142857,0.056103902907414314,0.3840546766078681
1067,95130,140236.42857142858,0.06799821469464949,0.46310470805901743
1068,95131,141167.14285714287,0.06821253334641054,0.483566601264443
1069,95132,135180.7142857143,0.09013581239064551,0.6746315666679629
1070,95133,102176.42857142857,0.09017884165649852,0.6708500436471287
1071,95134,160413.42857142858,0.06795056657374027,0.4812666019519757
1072,95135,166162.14285714287,0.06255602712100272,0.43126354264702665
1073,95136,120997.85714285714,0.06546615456597675,0.46121618873296727
1074,95138,176472.7142857143,0.03515460026206659,0.21962701884992247
1075,95139,155360.42857142858,0.07829639822156752,0.533995470978507
1076,95148,143600.42857142858,0.050060659331203794,0.3384268203317567
1077,95202,17428.14285714286,0.0904842117808151,0.6464361811808371
1078,95203,48540.0,0.0805029942597984,0.5699451695861032
1079,95204,58050.57142857143,0.08171785016781083,0.5970458033946566
1080,95205,43908.142857142855,0.09658648038360285,0.7142267433289106
1081,95206,58314.42857142857,0.09957959281656094,0.7588769794009969
1082,95207,55200.142857142855,0.08909877464629871,0.6647783668627594
1083,95209,86992.14285714286,0.06071064578750307,0.42080514434992294
1084,95210,50921.142857142855,0.08389748278652676,0.6180428437144412
1085,95212,96560.71428571429,0.041228436936984296,0.26523219061512276
1086,95215,52129.0,0.07173561563216758,0.5006051803437425
1087,95219,87535.85714285714,0.04598321336644532,0.2992140556947032
1088,95220,91238.42857142857,0.10160217733132106,0.7710179348984502
1089,95222,57182.71428571428,0.058262460387426614,0.39050440477118575
1090,95223,72682.28571428571,0.1024878015085096,0.7331604856086751
1091,95227,110029.0,0.09896068650257428,0.6917521126760563
1092,95228,88078.28571428571,0.0601700534848685,0.41259135081331694
1093,95230,103138.28571428571,0.0876844063095807,0.6302668835472016
1094,95231,56965.0,0.11862632666168811,0.8244548441700688
1095,95236,78758.71428571429,0.05457197444719225,0.36054738804389275
1096,95237,70724.0,0.0858588012188757,0.6186854565112031
1097,95240,58154.71428571428,0.09572714105277493,0.7274545495404391
1098,95242,80058.14285714286,0.07089431236415993,0.49654789421547146
1099,95245,66635.14285714286,0.09022719605070863,0.6162902951030684
1100,95246,66694.71428571429,0.17624739151316937,1.5230635335073976
1101,95247,58483.71428571428,0.07586074556891374,0.5239335238700117
1102,95249,38427.142857142855,0.049353987001570676,0.2654317654047632
1103,95251,77532.42857142857,0.14142445109350307,0.8618752992302876
1104,95252,79679.85714285714,0.041597562182811826,0.2523558208253091
1105,95254,92838.57142857143,-0.03744213126323322,-0.2688045702246622
1106,95255,48357.71428571428,0.1326642973195256,1.0196620036235113
1107,95258,99182.85714285714,0.03427435281743359,0.18383952402789047
1108,95301,61283.0,0.03485235133391319,0.2247676084799941
1109,95303,102415.14285714286,0.21012005914294055,1.7195701269371544
1110,95304,97508.85714285714,0.052325735131925094,0.3448462397836185
1111,95306,52945.42857142857,0.11062458409897254,0.7347171074656846
1112,95307,62948.57142857143,0.06830592784341055,0.4850533533649216
1113,95310,43652.71428571428,0.08235774118530848,0.5041492693110647
1114,95311,48793.42857142857,0.08516539084135115,0.5209246109684242
1115,95313,52993.0,0.09282083830990362,0.5801306561209553
1116,95315,62139.857142857145,0.05522652954023511,0.3669009687619585
1117,95316,81672.28571428571,0.058321483244231025,0.3848458781362007
1118,95317,48232.42857142857,0.08623163987141991,0.5620461776943787
1119,95319,37383.42857142857,0.08073749951456517,0.555871244932608
1120,95320,70685.85714285714,0.054596956876041915,0.3560033190863119
1121,95321,57951.142857142855,0.06537664416267938,0.45829932399907913
1122,95322,55968.857142857145,0.07599886123198725,0.5133859011284764
1123,95323,75814.0,0.06241194971321657,0.43562173038229374
1124,95324,66105.42857142857,0.03963162767810784,0.24950751684810782
1125,95326,80584.57142857143,0.07655505428909061,0.4999243888095438
1126,95327,53925.71428571428,0.02999245862957266,0.13330461330985782
1127,95328,51128.28571428572,0.028993111684782167,0.14836236028073824
1128,95329,61760.71428571428,0.059631652759497146,0.38116393533282944
1129,95330,93345.57142857143,0.08587795462386695,0.6362468576480014
1130,95333,53847.57142857143,0.04710693371281326,0.3094358736255619
1131,95334,62258.857142857145,0.06115158689241248,0.41767728674203497
1132,95336,71688.85714285714,0.057649711360345725,0.39640600507425544
1133,95337,89964.14285714286,0.059443940215607276,0.4107911457265833
1134,95338,55229.857142857145,0.03570137857636526,0.22725462304409672
1135,95340,58394.142857142855,0.04151229818963035,0.27042418332520723
1136,95341,45070.42857142857,0.08505812253074845,0.6178347661372577
1137,95346,85261.57142857143,0.17844343197755194,1.1048930673452342
1138,95348,52488.142857142855,0.06991778142553677,0.4915945698811282
1139,95350,58484.71428571428,0.07866379193751812,0.5740617983534695
1140,95351,46520.28571428572,0.06583794247234011,0.4599014221902757
1141,95354,54409.71428571428,0.06418854362085899,0.44533985071669197
1142,95355,71060.42857142857,0.052626877450471225,0.35553029072600295
1143,95356,78844.0,0.06000389618830365,0.41475932655937103
1144,95357,79299.14285714286,0.07832199468466543,0.5659136688252235
1145,95358,64139.57142857143,0.05065346670985458,0.34304066977012737
1146,95360,65200.71428571428,0.056412609409747676,0.3840399468870977
1147,95361,75646.71428571429,0.07398995168459788,0.5274207297708392
1148,95363,77908.85714285714,0.08123787139182867,0.590535671390824
1149,95365,41004.57142857143,0.005599632570715378,0.010146617380733832
1150,95366,91321.0,0.0436878261863168,0.2866495034939316
1151,95367,75862.42857142857,0.05954014762672973,0.3996077583544382
1152,95368,83026.0,0.04181961967352038,0.2714933377563996
1153,95369,63799.0,0.12184044239475432,0.8186226964112512
1154,95370,62611.71428571428,0.04698411264196382,0.314907599026976
1155,95372,83016.85714285714,0.03317695400722045,0.20708115657166504
1156,95374,50130.857142857145,0.027057971504788326,0.15505854433922134
1157,95376,86817.85714285714,0.06636786232595106,0.4679649934043489
1158,95377,123600.14285714286,0.07823344080845622,0.5690818923459174
1159,95379,63551.0,0.028053800907909713,0.16685814145402178
1160,95380,52726.42857142857,0.08245516284497932,0.5965035291917917
1161,95382,78348.28571428571,0.05654782207285505,0.3882757802302124
1162,95383,74824.14285714286,0.08519344696813685,0.5938734261714477
1163,95385,59709.28571428572,0.02854843539339068,0.10672004249829248
1164,95386,62419.42857142857,0.04904486202760617,0.3116610892509102
1165,95387,46469.42857142857,0.09403769996849842,0.5635991934580487
1166,95388,50185.42857142857,0.060575012227928875,0.4216658867571362
1167,95389,50709.857142857145,-0.04549022432721106,-0.3092970382204744
1168,95391,148911.7142857143,0.06284255494020448,0.42691936503710604
1169,95401,78385.28571428571,0.0706194390674194,0.502361673414305
1170,95403,81614.57142857143,0.055457427737327,0.3782640408460977
1171,95404,86462.85714285714,0.060669635358294956,0.4224319238432588
1172,95405,97168.85714285714,0.06216974628185749,0.4333932955733282
1173,95407,69813.85714285714,0.06705883965911551,0.47364393507972663
1174,95409,84141.14285714286,0.07321226568921811,0.5178868791271892
1175,95415,45628.57142857143,0.05939097281281306,0.3938889458047331
1176,95421,61684.0,0.06963593678904169,0.48356418071684865
1177,95422,35211.28571428572,0.07650886543277384,0.5492802179595744
1178,95423,43664.857142857145,0.03331741275785296,0.189518351151769
1179,95425,84562.42857142857,0.08987093246645379,0.6710696428293276
1180,95426,82956.85714285714,0.036896532748317,0.1756954988805106
1181,95427,41023.142857142855,0.1595331289153198,1.2904166666666668
1182,95428,41178.42857142857,0.040249021547556184,0.25498753117206985
1183,95436,74789.57142857143,0.0842637363311692,0.6125310673742191
1184,95437,50195.42857142857,0.03196533670937176,0.18752965535090368
1185,95441,107500.42857142857,0.09642855536709775,0.7188169451585261
1186,95442,132589.14285714287,0.09652524040917114,0.5950391202189763
1187,95445,66482.57142857143,0.1159104068271933,0.9100859247135843
1188,95446,72523.71428571429,0.08285503760531716,0.6078321120220561
1189,95448,94719.71428571429,0.04738484780493718,0.31246258676685984
1190,95449,59435.57142857143,0.08927714102345256,0.60298
1191,95450,75753.28571428571,0.1058109674707599,0.3574296481527137
1192,95451,56444.42857142857,0.040931610809673495,0.26809079806928104
1193,95452,107989.42857142857,0.08873879369976106,0.5616736245973509
1194,95453,56463.42857142857,0.07298709199278361,0.4994498461814834
1195,95454,36608.71428571428,0.03391287325050909,0.21815693430656935
1196,95456,37820.142857142855,0.14761793973327117,0.44169109997162587
1197,95457,46112.142857142855,0.032603858645682694,0.08014383731503678
1198,95458,44060.57142857143,0.08097399474007792,0.5427042342200535
1199,95459,56495.28571428572,0.04285955394887964,0.26910846327726906
1200,95460,65049.71428571428,0.05966706407089215,0.34223215335763846
1201,95461,59888.28571428572,0.1090504301580567,0.7866812227074236
1202,95464,55589.28571428572,0.10204356088222884,0.7735030303030302
1203,95465,80174.57142857143,0.12661306164321126,0.9615775112634051
1204,95466,50089.28571428572,-0.015381107869464642,-0.14099591836734693
1205,95467,70987.28571428571,0.02717608311329829,0.14605494697125826
1206,95468,71520.57142857143,0.1307174530053896,1.0240139548405853
1207,95469,56389.71428571428,0.06009308736163558,0.40753773104968627
1208,95470,66217.85714285714,0.018529054137664296,0.10074799761699874
1209,95472,96400.14285714286,0.058609413255756686,0.40285747147001316
1210,95476,89051.71428571429,0.06882797913573607,0.489658397051543
1211,95482,57251.42857142857,0.07101746360462986,0.5079634970513538
1212,95485,55299.71428571428,0.1514701239982064,1.2854711016239293
1213,95490,52897.0,0.08175926101074925,0.5845815810612862
1214,95492,114592.14285714286,0.06300670871193878,0.4385849336275898
1215,95493,69558.0,0.09354161567318346,0.6326735657590676
1216,95497,87372.85714285714,0.08559470020181366,0.5858856941856981
1217,95501,46626.42857142857,0.05276412447852676,0.35558345024489896
1218,95503,60398.57142857143,0.06965797638261938,0.4920252081226173
1219,95519,59248.28571428572,0.04203794448996367,0.2696965081299265
1220,95521,42560.42857142857,0.08000959038369046,0.5813926408942711
1221,95524,70934.85714285714,0.031720457085479034,0.17408958614325265
1222,95525,53243.857142857145,0.04652058078963021,0.29461717029424017
1223,95526,35748.57142857143,0.0631303517193021,0.3959963725523125
1224,95527,48270.857142857145,0.12503634583340573,0.9630872483221476
1225,95528,65603.85714285714,0.047796697344948846,0.3073394495412844
1226,95531,51535.71428571428,0.08259351558796878,0.5953631631727234
1227,95536,58384.857142857145,0.05386750111992428,0.3533191013520382
1228,95540,51593.42857142857,0.051207318271582314,0.33999613127861245
1229,95542,33580.42857142857,0.06849228864027775,0.43203636594824846
1230,95543,39120.28571428572,0.0503772900014181,-0.09435281776327292
1231,95546,37832.42857142857,0.14711381016743585,1.0450443441730202
1232,95547,63253.142857142855,0.054505963873537344,0.27767861160694196
1233,95548,40246.142857142855,0.06059628214242549,0.4004405559692231
1234,95549,75150.57142857143,0.06722735620628416,0.46857377049180327
1235,95551,62198.857142857145,0.13255819284097223,0.9774458350154757
1236,95552,22456.285714285714,-0.02364196000740219,-0.17256184023948323
1237,95555,36974.71428571428,0.028637763963075682,0.14855534310601232
1238,95558,49681.71428571428,0.03472617783895332,0.01862341740703198
1239,95562,40131.857142857145,0.05131410058740434,0.3063232651664242
1240,95564,47446.42857142857,0.1158139657992708,0.8886191943709603
1241,95565,53438.142857142855,0.19165956107276838,1.1551926175479712
1242,95567,71773.42857142857,0.11794933392917846,0.8294139361170825
1243,95570,58960.71428571428,0.04682195765747401,0.28443748108319833
1244,95585,27446.714285714286,0.06412206895319793,0.31432600520682674
1245,95602,84853.71428571429,0.0723039544126252,0.5134121205830454
1246,95603,72456.14285714286,0.043373227624367426,0.2887085976601103
1247,95605,57394.142857142855,0.09145901225811144,0.6810600706713781
1248,95607,99779.85714285714,0.15611022527279997,1.1422238805970149
1249,95608,69866.28571428571,0.061734950451574115,0.4313487241798299
1250,95610,66057.28571428571,0.061208752828552704,0.42622046520180196
1251,95612,103855.71428571429,0.02619979709438719,0.036083333333333335
1252,95614,108836.14285714286,0.041549386942936306,0.2662223746753565
1253,95615,61727.0,0.0340583403813623,0.21696613683483068
1254,95616,61388.142857142855,0.0695286904039677,0.49516
1255,95618,99403.71428571429,0.04749252801928037,0.317501230170818
1256,95619,65969.14285714286,0.041385404898534546,0.23155249933879926
1257,95620,84903.57142857143,0.052628488287107845,0.35340904487326646
1258,95621,66275.14285714286,0.06031324676739417,0.41864217223108374
1259,95623,78598.71428571429,0.09942951222516953,0.7120239899397027
1260,95624,102430.85714285714,0.0530336149446947,0.36142576480493965
1261,95626,79085.0,0.0846391175346508,0.5954429682659875
1262,95627,82118.0,0.09252185571714373,0.6978228656103955
1263,95628,93636.28571428571,0.06647216286322286,0.46696817112130734
1264,95630,121657.85714285714,0.04525131613618586,0.30267776082663345
1265,95631,86939.0,0.05216145583729973,0.35449949180370594
1266,95632,79994.71428571429,0.04848932195638981,0.32179664219783416
1267,95633,76103.28571428571,0.022911155758309636,0.12408540324009101
1268,95634,60579.857142857145,0.05656130564403403,0.3399640834369388
1269,95635,64942.57142857143,0.14845561267950994,1.0512716792233403
1270,95636,64889.857142857145,0.12087396633151916,0.8731859090814175
1271,95638,88359.0,0.02407997967553614,0.033760329653102814
1272,95640,76216.42857142857,0.05849715919735254,0.39023164367969015
1273,95641,48494.71428571428,0.11991294430147968,0.8263179208651945
1274,95642,66579.85714285714,0.08184105483544242,0.593043087130086
1275,95645,49202.42857142857,0.08333334751809995,0.590693873627034
1276,95648,91183.71428571429,0.05488051394050474,0.37456171553432593
1277,95650,109211.85714285714,0.07721703324517588,0.5469914007821569
1278,95652,31635.285714285714,0.04448469352777883,-0.08607762422816818
1279,95655,102662.71428571429,0.09168842992270992,0.6650717703349283
1280,95658,102828.28571428571,0.08653329083474988,0.630562254093159
1281,95659,60080.42857142857,0.05060929415201588,0.288286388127241
1282,95660,52712.57142857143,0.08544870363625505,0.6284901254985894
1283,95661,91897.85714285714,0.04915159097843804,0.3280379933178868
1284,95662,83245.0,0.037973322321513396,0.23902109749318368
1285,95663,118575.85714285714,0.07844782645891339,0.5348258222628518
1286,95664,77437.57142857143,0.11485942291731306,0.8554595741456391
1287,95665,70727.0,0.030155436028587154,0.058387436392349536
1288,95666,66873.71428571429,0.07476896756361055,0.5285612246867821
1289,95667,75730.14285714286,0.06661364847150959,0.4685912727390747
1290,95668,73012.0,0.08725576573748499,0.6153936525519024
1291,95669,80128.71428571429,0.04274873591902206,0.2685290364199868
1292,95670,74369.42857142857,0.06888148088433964,0.48871289085011443
1293,95672,116331.0,0.07436891703292325,0.525993467610234
1294,95673,75689.42857142857,0.09036724649370409,0.675370354327298
1295,95674,98710.42857142857,0.0569015662720388,0.34797117749570505
1296,95677,92443.57142857143,0.04412393557246445,0.2925526020954656
1297,95678,82037.42857142857,0.08114022585439894,0.5939107931191963
1298,95681,62010.71428571428,0.1568093257959017,1.023523460225117
1299,95682,95240.42857142857,0.06026889065484924,0.4128551353332926
1300,95683,117381.0,0.04128078780851378,0.26057249990335923
1301,95684,65826.85714285714,0.06840444861725077,0.3941993828371653
1302,95685,59570.0,0.011627142930808639,0.06501783119799234
1303,95686,38103.857142857145,0.038185239904265235,0.14221918671850373
1304,95687,91921.85714285714,0.055578410721039084,0.3810572116754293
1305,95688,100481.28571428571,0.05802742650683734,0.39829004093757925
1306,95690,65980.14285714286,0.08346872090431544,0.5914554905782976
1307,95691,83718.71428571429,0.06346768840922548,0.44342796604103135
1308,95692,78010.0,0.037760649892870375,0.2363729932954984
1309,95693,109584.71428571429,0.07387887235106817,0.4941963499794613
1310,95694,89364.28571428571,0.06363932495127596,0.43710531949052767
1311,95695,69328.57142857143,0.048885419434191,0.3288238960863925
1312,95701,82856.85714285714,0.07441070078187434,0.5251111321290078
1313,95703,85239.71428571429,0.04106902580743494,0.22422814631122132
1314,95709,77137.85714285714,0.012836680744187886,0.06714457035829302
1315,95713,78978.14285714286,0.07516588103824143,0.5156830855018587
1316,95714,62592.28571428572,0.07632352066142245,0.503941036037743
1317,95722,96174.0,0.047548385560980976,0.2568176163224683
1318,95726,76037.57142857143,0.08546451079249885,0.6176070468999761
1319,95742,136036.57142857142,0.05297878784940663,0.35952092017094917
1320,95746,157015.42857142858,0.06021716634602351,0.40178990181681185
1321,95747,115145.42857142857,0.04969025450211573,0.33546923107681237
1322,95757,112864.42857142857,0.057955553775951435,0.400006294850812
1323,95758,92248.42857142857,0.07561324797758845,0.5461442401944329
1324,95762,144468.2857142857,0.04578418350157489,0.29811046284275233
1325,95765,112534.57142857143,0.04271747052040708,0.28090757620307755
1326,95776,87092.14285714286,0.0666957157303167,0.4708710407239819
1327,95811,64140.71428571428,0.10533953792318368,0.8010422698320787
1328,95814,38800.0,0.055324156920486055,0.37099097510068496
1329,95815,42631.857142857145,0.1151165464327099,0.9003600272453051
1330,95816,74560.14285714286,0.06716390002017593,0.46906748028173584
1331,95817,52304.28571428572,0.07015165768034752,0.46433265352368003
1332,95818,94373.57142857143,0.08439602879938136,0.6187872763419483
1333,95819,113208.0,0.0406792904034887,0.267257059367266
1334,95820,56646.28571428572,0.07218072403568981,0.5169368313694855
1335,95821,48329.857142857145,0.06132936727916453,0.42378383655934976
1336,95822,64242.0,0.08127898647317601,0.5947876181269359
1337,95823,51719.142857142855,0.0713479408130646,0.5101465079891897
1338,95824,42148.57142857143,0.09206784873603992,0.6914826894129453
1339,95825,47394.57142857143,0.09885502569442857,0.7551276799126041
1340,95826,68075.42857142857,0.05434659428163571,0.36843866694849575
1341,95827,66460.42857142857,0.07893876392267747,0.5712460185767961
1342,95828,60713.857142857145,0.08458095956361335,0.6181510780855372
1343,95829,97657.71428571429,0.04984119407175037,0.33495962518613576
1344,95830,110049.42857142857,0.14950182887709515,1.1964715447154473
1345,95831,83400.14285714286,0.05376780092358082,0.36791302868805986
1346,95832,58336.857142857145,0.0986709888753892,0.7335903913486682
1347,95833,70791.28571428571,0.0718125368986101,0.51382195856022
1348,95834,76978.57142857143,0.0951247073769424,0.7133656799776599
1349,95835,103899.0,0.04571222470898975,0.3031983962457571
1350,95837,181347.57142857142,-0.012575969199122674,-0.21666666666666667
1351,95838,51577.57142857143,0.0729559698115545,0.5241601143674053
1352,95841,53842.142857142855,0.06805802154485684,0.4787696105190706
1353,95842,56198.42857142857,0.059438632407128544,0.40802850854208156
1354,95843,83578.14285714286,0.04959204915071458,0.3337790853169297
1355,95864,110890.14285714286,0.04971805491681456,0.3356683877776973
1356,95901,55776.42857142857,0.05975861879265008,0.40494657370353565
1357,95903,50130.0,0.058070625424029666,0.39749524876955317
1358,95912,70306.14285714286,0.038929470802696715,0.23478141409207473
1359,95916,36367.0,0.050104786060258005,0.3347520815210637
1360,95917,67893.28571428571,0.06602320789210145,0.46425460879663233
1361,95918,73395.57142857143,-0.05441902830144304,-0.31704122600861734
1362,95922,60709.28571428572,0.058706360431657785,-0.022950819672131147
1363,95926,52570.57142857143,0.06447889190625304,0.4516872773003563
1364,95928,56400.857142857145,0.0611383377956339,0.421672069093045
1365,95932,57162.857142857145,0.0415625611773277,0.26708784822466347
1366,95937,46531.857142857145,-0.007775073228397379,-0.07718784617819276
1367,95938,88495.71428571429,0.05035898195288432,0.33705929590964434
1368,95943,61261.142857142855,0.05863362473295689,0.35421986788510645
1369,95945,52391.57142857143,0.05519442874765259,0.3781368478064633
1370,95946,70925.85714285714,0.05159031888349678,0.3436766292277429
1371,95947,53470.28571428572,0.18779150587913185,1.491923754114675
1372,95948,57074.0,0.04951901225717049,0.3191845064918147
1373,95949,78535.57142857143,0.06792053207425694,0.47397541986975467
1374,95951,53991.71428571428,0.08227286107959995,0.557615460203079
1375,95953,61173.71428571428,0.0387867113889046,0.25030969630992156
1376,95954,53121.857142857145,0.050151748915715784,0.3353209324432346
1377,95955,58642.0,0.018930378031169676,0.019680665859764895
1378,95957,66125.0,0.06911741911662016,0.47674418604651164
1379,95959,70153.0,0.04104685721700375,0.26393348806155215
1380,95960,37383.71428571428,0.046731109441009756,0.19698507462686568
1381,95961,63996.42857142857,0.08768694952194238,0.6486303882014555
1382,95963,54525.857142857145,0.07658811407851455,0.5469580892293826
1383,95965,39981.71428571428,0.06997060253711151,0.47219310344827586
1384,95966,51640.71428571428,0.0718206585657913,0.5036328152554728
1385,95968,33117.0,0.04638381259727223,0.25412684622067766
1386,95969,55409.857142857145,0.072148184536019,0.49551861894806565
1387,95970,67259.85714285714,0.09838350736466439,0.716420698673641
1388,95971,60581.0,0.09563011960777244,0.7003255340793489
1389,95973,75865.42857142857,0.06576141993969449,0.4632629424550604
1390,95977,71148.28571428571,0.10853019036089163,0.7130513020744915
1391,95979,33583.71428571428,-0.017782501907754027,-0.1506989699390372
1392,95982,83344.85714285714,0.031514960559936335,0.17316363636363635
1393,95987,73015.14285714286,0.07806439590198873,0.5671588594704684
1394,95988,57961.42857142857,0.07723977326526944,0.5355711227865343
1395,95991,55199.28571428572,0.06446317320913782,0.4501688244896134
1396,95993,75601.71428571429,0.05599728952919061,0.3845892578697914
1397,96001,59553.142857142855,0.06700282987478685,0.4668883116883117
1398,96002,61721.857142857145,0.08377669868399407,0.6057020484976963
1399,96003,59094.142857142855,0.06616565542189604,0.4673028977806842
1400,96006,47131.857142857145,-0.027043687596919014,-0.1916503764491842
1401,96007,51016.71428571428,0.0793234735799577,0.5715667311411993
1402,96008,72242.42857142857,0.0974263657384067,0.7224175824175825
1403,96009,51464.857142857145,-0.03556794663835317,-0.2236190476190476
1404,96013,48242.57142857143,0.05138672872549993,0.3314494680851064
1405,96017,41193.0,0.03414421624920443,0.1625
1406,96019,52236.71428571428,0.03558320832370284,0.22161447376329868
1407,96020,66790.85714285714,0.09864902255841966,0.7130013975511567
1408,96021,48662.28571428572,0.05214421072331732,0.3412636145467971
1409,96022,65535.857142857145,0.09184900936253627,0.6757286403196987
1410,96023,34171.857142857145,0.024773058981772605,0.14621260343730108
1411,96024,45482.42857142857,0.02676971238349676,0.14719820215936294
1412,96025,38045.857142857145,0.028428417894647506,0.17004362838253795
1413,96027,59497.142857142855,0.05743251537861341,0.3608334148488702
1414,96031,25826.571428571428,0.06362024369107669,0.3804041353383459
1415,96032,53952.57142857143,0.0766320559511222,0.5495868683959861
1416,96033,43060.28571428572,0.019875404582821558,0.10927152317880795
1417,96034,42727.71428571428,0.13154233764106518,1.0681818181818181
1418,96035,42651.142857142855,0.05872859286964622,0.29508817074093696
1419,96038,52812.142857142855,0.07258745575188946,0.48515776974964
1420,96039,35797.42857142857,0.035367320710826884,0.2188142149159918
1421,96041,35176.57142857143,0.08075330649610687,0.5229840280483055
1422,96044,50315.28571428572,0.05843171645543241,0.3963332164504333
1423,96047,67666.28571428571,0.18375078438338957,1.6121675488466314
1424,96048,54974.0,0.04810475763546725,0.32179532763056073
1425,96050,30089.85714285714,0.04783902024092504,0.28648572336145134
1426,96051,54839.0,0.07907076020526936,0.5603715170278638
1427,96052,46848.71428571428,0.09085828869847362,0.6497237569060773
1428,96054,50729.57142857143,0.1313838829057728,1.042632356282663
1429,96055,53397.28571428572,0.04025355432434522,0.21745740022235835
1430,96056,64436.57142857143,0.08321470614227106,0.5847158204351023
1431,96057,43405.142857142855,0.0010418898297213364,-0.026950832088531697
1432,96058,45014.0,0.06477952552671536,0.3058939929328622
1433,96062,80361.42857142857,0.10232702201881295,0.7426342200059776
1434,96064,52155.0,0.046906109335608716,0.3128483006233618
1435,96067,51583.0,0.08496318018776194,0.6097262889879058
1436,96069,63003.57142857143,0.08103716811841481,0.551979057591623
1437,96073,100551.14285714286,0.07490241701610674,0.5416187140355266
1438,96076,29015.0,0.010812241074449606,-0.04762252841635905
1439,96080,49348.57142857143,0.0871041854991841,0.635647909137842
1440,96086,43151.857142857145,0.0915762110841732,0.600231884057971
1441,96087,62231.42857142857,0.23439018453900648,1.9981971864286558
1442,96088,57402.71428571428,0.0761547937309162,0.5357549459755547
1443,96091,49210.28571428572,0.031563671070618464,0.15561259211728792
1444,96093,48447.42857142857,0.11405655946348357,0.7877351539859522
1445,96094,55724.71428571428,0.041307787424919806,0.25930866488806403
1446,96096,54340.42857142857,0.035359657462997816,0.2220607528509436
1447,96097,44077.71428571428,0.05189678659126062,0.32903535253787775
1448,96101,48215.142857142855,0.07895491577695787,0.5669958847736626
1449,96103,66258.28571428571,0.027006834022235738,0.16144473455178415
1450,96104,45600.42857142857,0.00675503219397632,0.020111355485545584
1451,96107,47815.28571428572,-0.031525905678555004,-0.19594844761014826
1452,96109,50256.28571428572,0.05356704113805869,0.27496028043275417
1453,96113,49456.42857142857,0.031170930536769736,0.18374032803845075
1454,96114,75760.85714285714,-0.00398218745745018,-0.06976744186046512
1455,96117,55408.28571428572,0.21072384676963596,1.9513787675625256
1456,96118,51758.71428571428,0.014130853112780164,0.016523629705916008
1457,96120,74139.42857142857,0.08786484005007948,0.6241067404879933
1458,96121,83668.28571428571,0.009328689238671086,0.02846770888225306
1459,96122,51083.28571428572,0.028788961830452972,0.1607067263774703
1460,96125,99977.71428571429,-0.10038084727931396,-0.5170167182895952
1461,96128,74187.71428571429,0.07678452011704623,0.545327175548752
1462,96130,60984.857142857145,0.045855655374443804,0.30022668275382985
1463,96132,36313.42857142857,0.012540136005307498,0.00484656429852972
1464,96134,42745.42857142857,0.03857938459201278,0.2079823404039379
1465,96137,53773.42857142857,0.03799799552909081,0.22161496420598875
1466,96140,97668.0,0.2477673951891877,2.6223874755381607
1467,96141,89243.57142857143,0.16594595225958655,1.2534807610524563
1468,96142,73044.42857142857,0.024675950867104907,0.08603703703703704
1469,96143,52730.71428571428,0.06139958030447459,0.38394114555964265
1470,96145,94609.85714285714,0.1002859707319626,0.7027355538169219
1471,96146,88706.85714285714,0.0824924241947646,0.5613843102386977
1472,96148,80547.85714285714,0.03043862867573664,0.16742196433865572
1473,96150,65445.42857142857,0.07954473199329765,0.5781756502073124
1474,96161,104497.14285714286,0.06358891053116722,0.44273832373640437
