ZIP,Median_Income_ACSST5Y2017,Median_Income_ACSST5Y2018,Median_Income_ACSST5Y2019,Median_Income_ACSST5Y2020,Median_Income_ACSST5Y2021,Median_Income_ACSST5Y2022,Median_Income_ACSST5Y2023
90001,35660.0,38521,43360,48011,52806,57698,60751
90002,34000.0,35410,37285,42245,46159,54221,56158
90003,34397.0,37226,40598,42220,47733,51275,54781
90004,46581.0,48754,49675,52775,54947,58420,62655
90005,32461.0,35149,38491,42398,44913,49226,52755
90006,33790.0,35411,37072,37375,41068,47599,49847
90007,23070.0,25226,27406,30530,33222,36326,36032
90008,36641.0,39907,43364,47230,49379,57880,61822
90011,33824.0,36954,40940,44616,47126,51819,53781
90012,38786.0,42275,47027,49905,53278,58444,67635
90013,22808.0,21676,22316,21175,22291,24853,32848
90014,37619.0,35857,40641,36429,31332,26550,33822
90015,32979.0,39016,43890,48743,53062,61959,63211
90016,43443.0,46680,48715,49958,53659,63090,71067
90017,28638.0,31423,35605,36870,44607,46626,51317
90018,37341.0,41768,45984,49644,55275,58987,63671
90019,50671.0,52625,56389,58313,61616,65972,71395
90020,42407.0,46504,49068,50207,51013,55321,55832
90021,12864.0,15149,21635,21625,25364,29659,32250
90022,41276.0,43366,46051,51183,57464,65142,67829
90023,40225.0,41308,42972,45991,48293,52918,56623
90024,59418.0,63306,65855,63344,67422,74852,79994
90025,78713.0,83655,87280,97791,100453,103511,104627
90026,54342.0,60820,65269,67435,70436,80549,85835
90027,58344.0,64091,66947,71651,78356,86826,90532
90028,40068.0,43998,45499,50253,52814,57258,59393
90029,37379.0,39562,41998,45004,50822,56529,60793
90031,41126.0,44343,48479,51076,53319,59889,62119
90032,47370.0,50989,57225,59723,65761,76608,81563
90033,31683.0,35548,38266,43646,49734,50616,56001
90034,65572.0,71295,75714,80773,88490,97511,103082
90035,76677.0,79534,89337,99367,101570,110520,108224
90036,74279.0,80998,80539,84315,87868,97583,102877
90037,31045.0,33856,35424,37945,45128,52238,56417
90038,36996.0,39984,47116,48786,51096,57102,61566
90039,81394.0,86031,90538,88104,99226,108338,105578
90040,43585.0,46532,47120,54567,56948,62083,70909
90041,73250.0,80547,85971,90461,95811,111938,111834
90042,55596.0,59746,64267,73152,81853,89168,94401
90043,41812.0,47500,54729,56285,60599,63990,65496
90044,32278.0,34311,35981,39434,43388,48386,51433
90045,90399.0,96812,104578,110535,115943,125692,132577
90046,65990.0,67667,72266,72457,77162,87339,94259
90047,42551.0,47477,52605,58830,62399,67018,70187
90048,85396.0,95197,100586,93583,102567,102244,104227
90049,121671.0,127658,129688,133032,143000,161605,169898
90056,84438.0,86100,92656,84387,105744,123457,127252
90057,31337.0,33861,37700,41748,43796,46513,44876
90058,16425.0,20982,21964,27708,33146,34093,36680
90059,37653.0,41995,44838,44839,47682,50939,53840
90061,37126.0,39739,42500,47468,50427,56837,60114
90062,40018.0,44835,49443,52661,56500,61422,63652
90063,44121.0,46613,48559,50913,57026,69307,71725
90064,92194.0,95865,102117,103045,109357,123929,129703
90065,58405.0,63147,67479,76080,80386,88329,92903
90066,75209.0,79088,83899,87589,90983,100344,107786
90067,123889.0,129306,118393,111299,109704,125995,135328
90068,82718.0,83756,88535,87327,90733,97151,101720
90069,86403.0,92952,93380,90546,98440,106133,110705
90077,184722.0,210833,209531,222982,200625,203194,220464
90094,136250.0,146325,155417,170634,166667,156536,159904
90201,39498.0,42255,44046,46109,49554,53692,56824
90210,149732.0,143542,147270,152037,154740,172285,190382
90211,71402.0,82212,86437,96111,89946,115025,118125
90212,103032.0,93846,95080,86496,91663,101963,116238
90220,54014.0,53988,57074,61279,65337,69901,77535
90221,46008.0,48762,51377,53683,57610,64439,68191
90222,40719.0,45689,49894,57101,63843,68722,76467
90230,79242.0,80677,85524,87469,96837,107870,106827
90232,82254.0,82164,90467,98116,105932,113278,125490
90240,81205.0,82722,86383,87107,91518,99874,108860
90241,64222.0,69308,72715,72274,75111,81220,84375
90242,62402.0,66019,71233,73037,75005,81448,83238
90245,92942.0,98813,109577,115846,126683,142596,149149
90247,46076.0,51386,55561,61234,65598,70012,73851
90248,58703.0,62179,61448,63620,69645,75865,81777
90249,53964.0,59778,60669,65397,69670,83125,84921
90250,49417.0,53303,56304,60162,65935,74616,74923
90254,124849.0,137188,136702,142500,144388,149500,152019
90255,40325.0,42581,44962,49366,53929,57013,61376
90260,58792.0,62047,65340,70389,76236,80205,86736
90262,45897.0,49801,52313,57236,61941,67620,70507
90265,137672.0,149202,152378,163909,175607,186264,191080
90266,148899.0,150083,153023,153926,169586,187217,193904
90270,37553.0,39760,44124,50996,54631,57741,61753
90272,180962.0,194151,192500,199598,212115,225256,200985
90274,158497.0,162163,169919,181776,186144,206013,222273
90275,124384.0,133156,138293,145816,158952,166602,175212
90277,101532.0,102281,106185,104859,111859,120008,131985
90278,107242.0,118000,116783,126979,132479,143785,148581
90280,47281.0,50246,52321,55084,59713,67287,71379
90290,103553.0,118667,129772,129000,135262,138316,142148
90291,88078.0,91779,99652,99496,105871,111610,119043
90292,103948.0,109268,114726,121021,137813,136854,136964
90293,100042.0,103874,105865,104814,110884,124688,130699
90301,42100.0,44135,47464,51498,55111,61910,62991
90302,43788.0,47863,51850,54432,62794,68662,72461
90303,44470.0,50438,55897,62826,65077,67598,70853
90304,41054.0,44574,49120,47612,50052,57647,63317
90305,68760.0,74009,80165,88910,80281,85466,89030
90401,71154.0,72872,82681,95217,90682,89892,106704
90402,140179.0,147111,154583,145742,139667,171844,182688
90403,92096.0,107335,107420,111611,113204,123391,121512
90404,73601.0,75221,78542,75610,74591,87209,85081
90405,88445.0,94446,95674,96352,97010,101713,114489
90501,64995.0,70671,71712,75388,80816,89926,92815
90502,68676.0,69824,73826,85515,89206,95528,98867
90503,84615.0,90102,93063,97688,105142,117364,119685
90504,79352.0,86563,90210,92636,97289,101773,105474
90505,91569.0,96827,99764,95113,101043,108857,110690
90601,69740.0,74296,76732,76177,86268,96209,102267
90602,48427.0,51237,55216,54752,55328,63956,67259
90603,95354.0,98181,103535,104028,109485,117324,121222
90604,66974.0,70877,74944,77898,88342,95570,101104
90605,66963.0,75575,78297,77482,83667,94200,100825
90606,66566.0,70640,74986,74717,82377,86596,94904
90620,84942.0,88082,91512,99351,104701,115501,122582
90621,58639.0,60799,67650,72000,76101,88735,94679
90623,91131.0,99576,107480,107956,105632,110028,112366
90630,90165.0,92073,93183,102263,109051,117610,124360
90631,76910.0,79500,83629,86973,93045,98009,102208
90638,86141.0,87429,95723,92508,97838,104114,110606
90640,50326.0,53615,56009,62521,66460,72163,74833
90650,63669.0,66453,70667,77425,83217,91259,98709
90660,61524.0,65617,67636,70620,78056,82539,86956
90670,66509.0,67500,71343,71318,76397,83259,87830
90680,53492.0,58402,59220,69212,71473,79303,83150
90701,62863.0,63792,67765,74523,83321,92702,97712
90703,98175.0,98934,105832,108844,115272,124240,133300
90704,63021.0,69828,73287,77868,77644,89107,91644
90706,52944.0,55729,60011,63848,70236,75379,77602
90710,57968.0,59817,63907,65119,68537,75114,77486
90712,83627.0,91242,96634,102687,108877,119143,119246
90713,94110.0,100132,102970,108311,112118,123809,129397
90715,69905.0,72616,76105,74471,79941,89113,94796
90716,38500.0,45150,50149,61525,66537,73784,76235
90717,61077.0,69150,71388,75286,85728,88111,92984
90720,97598.0,101484,106332,109847,118531,131660,134232
90723,49064.0,53031,55670,57313,60493,67130,70912
90731,49464.0,51161,53456,56881,61144,69019,71936
90732,89440.0,99519,104567,101738,105297,115120,118658
90740,65299.0,67970,68947,72226,75019,75007,82427
90742,77153.0,81667,82614,81528,91250,112600,119115
90743,137361.0,150208,116500,142000,154750,162391,166023
90744,43284.0,47776,50875,50965,55141,58869,61440
90745,73053.0,76551,80176,86981,93759,103471,106457
90746,81988.0,84523,89364,87713,96939,109596,113545
90755,75828.0,75461,75426,86140,79260,96521,102684
90802,51302.0,53358,54616,60939,62720,69613,72152
90803,83861.0,87870,90278,92230,98428,107889,111500
90804,47437.0,49860,52948,52122,55647,64160,68940
90805,47981.0,49370,50914,53299,57232,64848,68615
90806,50615.0,49962,54437,57037,60172,67632,73674
90807,75057.0,77488,78948,77966,81622,89319,95079
90808,102563.0,109918,110625,111163,118814,131535,131959
90810,56061.0,58095,60227,60486,67687,75152,82222
90813,34257.0,36075,38449,41175,44867,48535,50302
90814,64623.0,69867,73391,81925,84195,89776,98070
90815,84714.0,88710,94559,100034,102939,110565,116567
91001,91090.0,98289,101061,104577,114668,129030,133840
91006,99360.0,100730,103224,105011,113817,123358,127511
91007,79964.0,80166,83964,84833,87339,93128,101762
91008,112813.0,117955,96500,108846,167500,139167,137500
91010,68599.0,72381,74738,83051,88357,95172,98189
91011,160288.0,161450,175652,170571,187297,210532,221451
91016,71341.0,74076,77622,82801,88285,95606,99555
91020,69150.0,73839,67742,65506,59412,61771,60899
91024,98547.0,96630,100988,106719,116884,128056,141094
91030,92847.0,96692,104432,109927,115088,127882,128105
91040,77910.0,81940,86594,92280,98044,103823,104719
91042,53412.0,55507,64532,66453,73115,81324,81707
91101,64223.0,65592,70075,72144,79154,86631,94180
91103,69334.0,69059,71231,71600,73705,78513,84683
91104,72189.0,74011,77919,78285,85049,93856,103052
91105,112765.0,122917,131158,137637,143892,163253,156835
91106,77380.0,80291,82211,84782,84153,91220,89213
91107,92266.0,95630,102850,100866,111084,120822,124880
91108,152553.0,158884,165765,163654,170223,173312,186023
91201,56580.0,58004,60101,59073,59432,67102,74980
91202,66657.0,70841,75703,81665,82476,90232,92343
91203,51360.0,55783,61071,61384,66245,70650,77925
91204,44304.0,45245,49122,55847,63443,69102,72906
91205,38730.0,43769,44835,47160,48888,58290,59005
91206,57379.0,62915,70141,74893,82664,85651,86684
91207,81110.0,88365,85956,85107,103505,106984,108196
91208,105000.0,102950,108374,104866,107000,112485,131229
91210,155833.0,159500,135741,138333,105536,-,102721
91214,94322.0,100625,104981,108583,116201,126175,131716
91301,117615.0,121614,124012,130315,142177,157582,166912
91302,122967.0,129145,133996,149724,146521,172651,167470
91303,51486.0,55130,61250,62848,66494,77437,76051
91304,64367.0,68282,70505,71039,74987,79673,82289
91306,64772.0,67869,69917,73894,77597,82380,88958
91307,111043.0,116803,120474,119452,125343,130877,136154
91311,82738.0,86156,91897,96432,101623,112172,117574
91316,68720.0,74611,76978,76088,79858,85354,90802
91320,116208.0,115102,118986,125093,130893,143873,150861
91321,66178.0,68831,73187,74986,74424,84503,93281
91324,68477.0,75949,80260,83894,88003,100086,99834
91325,65129.0,68642,71400,72041,73119,83853,92602
91326,105611.0,112865,117590,120563,130322,142170,148636
91331,57353.0,60360,63807,64375,72089,76942,82025
91335,55580.0,60413,63748,65740,68163,74632,77164
91340,54703.0,53564,57398,64479,67638,71664,79124
91342,68600.0,70106,74050,79572,84312,89264,95480
91343,61692.0,62791,66661,67043,71380,77790,81719
91344,86460.0,92286,96162,103329,104640,111897,116647
91345,74193.0,75969,77273,80759,85659,93622,96345
91350,103837.0,112664,117707,113028,122399,137626,135612
91351,76706.0,80397,81758,85755,90671,104214,112888
91352,52171.0,55177,57145,58696,65085,68132,74621
91354,120560.0,126753,128308,130557,136229,145442,148818
91355,92066.0,92707,95696,95640,104637,109752,109348
91356,71654.0,74561,76929,80872,90886,105513,110094
91360,93476.0,95852,100246,94149,99229,111095,116729
91361,116114.0,121331,119303,119659,122305,127304,131911
91362,108167.0,109934,117566,119967,127279,135998,143683
91364,100323.0,103278,106225,110525,116443,128306,134534
91367,84937.0,87699,96085,95212,98803,106355,109629
91377,129721.0,128622,132578,137047,143153,150898,160484
91381,121719.0,128310,135357,134115,144476,148873,146706
91384,106431.0,108102,112122,111990,119866,127416,129603
91387,87346.0,90433,98371,94545,100523,111090,114378
91390,108836.0,116298,120617,121902,133150,145465,143963
91401,51784.0,54058,53882,57493,65458,72476,75933
91402,41669.0,42857,45796,48933,51485,55130,56369
91403,89552.0,95944,104802,101021,104499,107970,114348
91405,41283.0,43548,47037,49232,54391,58365,61207
91406,51564.0,55542,59472,61880,64875,71819,76653
91411,50332.0,54555,58605,61914,67430,73669,77582
91423,82554.0,83732,90931,90783,97727,104205,112119
91436,159965.0,149423,174085,153304,157898,155346,174803
91501,64006.0,70326,67817,73622,78630,80198,85419
91502,41784.0,38147,47148,53580,52906,59711,61443
91504,73501.0,75825,83994,86295,89219,99318,103164
91505,82630.0,84651,87138,89021,94610,104361,106364
91506,72681.0,79148,81597,85086,83217,104009,107171
91601,50832.0,52607,53911,57411,61761,73735,77540
91602,78526.0,81917,84008,81795,83866,93210,97994
91604,99745.0,103470,111341,119586,124271,132494,141317
91605,43004.0,47000,50623,53335,56403,61031,64539
91606,44773.0,46397,50155,54649,57146,64976,66884
91607,60772.0,62139,71691,76092,80871,82995,84925
91701,89067.0,94591,100923,100653,105044,111745,113576
91702,59104.0,62514,68852,68058,74175,82382,87577
91706,57240.0,62161,65755,68773,72737,76348,79473
91708,89622.0,90612,85545,57198,98161,102150,104242
91709,102746.0,104590,106347,104661,109318,117603,122784
91710,75408.0,79592,81892,86702,89375,98099,104205
91711,97002.0,97593,101270,100598,112430,115079,121970
91722,70632.0,77459,80089,82441,86583,95157,98033
91723,63270.0,64583,64422,70428,73977,82018,87363
91724,82821.0,83598,82976,84679,90799,96720,102129
91730,68716.0,69034,72995,74943,76750,84850,89654
91731,36344.0,39383,42293,48723,52758,57047,60887
91732,48254.0,51899,51268,56098,58883,62047,67172
91733,42758.0,45519,50691,57500,59375,63883,67245
91737,102610.0,105406,106603,103679,105943,112857,116903
91739,103974.0,105221,112790,119397,126111,138079,141475
91740,76825.0,82447,85590,89655,92975,96433,98819
91741,99474.0,105874,110430,108750,113446,117252,127063
91744,63318.0,66278,71243,74100,80266,86290,92624
91745,81397.0,84224,85975,88702,94608,101427,106611
91746,64607.0,68254,70825,77740,79042,83634,84967
91748,64983.0,71000,74438,73948,77183,83610,83455
91750,83743.0,86352,89360,93166,96184,103774,104827
91752,70880.0,79181,85296,89255,98913,108779,113450
91754,58056.0,60261,63909,66218,71735,83490,81890
91755,49755.0,52624,58411,59285,66355,70459,74362
91759,51719.0,52250,71042,97109,101688,111071,118750
91761,68021.0,71727,74072,76207,79614,89041,97396
91762,53462.0,56881,60293,64383,69103,74245,76289
91763,54263.0,58094,62386,63529,67853,72997,77627
91764,51961.0,56168,61501,60941,65941,71336,75605
91765,95285.0,97968,100480,101161,99705,105712,104737
91766,54163.0,55785,59819,61018,67756,72692,77699
91767,54157.0,57521,62153,63283,70039,75870,80201
91768,50044.0,51149,56002,62136,64820,71462,76313
91770,51383.0,53506,59776,61394,65042,70863,73757
91773,81020.0,84355,86201,89669,100614,101466,105926
91775,81250.0,82598,86415,94024,99362,107359,113703
91776,52051.0,54131,58658,65563,70538,77147,79926
91780,67910.0,68456,75672,83029,88119,94946,101746
91784,110945.0,118916,130421,133287,138017,145496,157118
91786,54931.0,58649,61898,65542,71693,81973,86961
91789,95081.0,99398,101841,105848,116583,123555,125742
91790,74965.0,79926,82128,84505,93181,97868,100142
91791,80020.0,80890,84530,87147,89794,96470,100365
91792,70932.0,77333,82954,85040,88610,94439,96383
91801,53644.0,55832,60519,66804,73060,81580,85549
91803,61424.0,60394,63264,66169,72773,76694,84537
91901,90397.0,92287,88395,93214,105679,110013,116600
91902,92759.0,95330,102617,106769,112331,123516,121727
91905,32819.0,34911,33463,42896,-,86000,70450
91906,49919.0,47227,50387,48100,49191,49344,58561
91910,59371.0,61922,65847,70283,77005,84111,87705
91911,52274.0,58598,61748,65074,70873,77705,79334
91913,87440.0,96617,103127,113415,114352,124531,129412
91914,131486.0,133730,131563,136833,150284,162889,164398
91915,106452.0,112083,115435,125864,128839,136297,138283
91916,87344.0,98235,96429,89531,109861,115324,110833
91917,78929.0,85096,73214,-,82586,96797,157941
91931,40982.0,-,-,63455,65316,56518,49808
91932,49950.0,51838,53690,59795,68917,75731,79071
91934,25636.0,-,36172,37422,-,-,50797
91935,98668.0,100534,103155,106735,114746,130290,138953
91941,79001.0,86791,88225,94111,100224,107055,111607
91942,56645.0,61628,64090,66551,72145,80996,81262
91945,60739.0,62698,64027,67236,71294,77989,79381
91950,42942.0,45712,46708,48359,51300,59414,63858
91962,104760.0,107390,109506,130938,138775,126833,140270
91963,28508.0,-,-,-,-,-,25208
91977,60986.0,64173,66147,71396,76902,86189,92407
91978,68206.0,72933,76660,84266,82885,95541,111506
92003,70817.0,77208,80844,89201,98304,106813,110577
92004,39514.0,38856,49744,61809,83676,75128,71582
92007,105469.0,106811,111901,107778,124219,151406,165063
92008,81073.0,85980,84671,86046,89502,101897,105371
92009,120090.0,126348,138078,138138,149820,163402,162128
92010,101402.0,102095,102004,102793,108398,117340,120612
92011,110505.0,114691,116382,115301,121353,141739,154985
92014,128679.0,140625,155531,162305,178080,203520,194528
92019,80791.0,82261,86741,85067,89937,93732,99266
92020,52264.0,55666,59151,61830,64691,71400,72822
92021,54154.0,56863,58414,60510,63395,68093,69979
92024,103417.0,114131,116616,125458,133304,141329,149080
92025,55703.0,60042,58273,56866,58608,66894,71716
92026,67122.0,71597,75868,76534,83194,86579,97301
92027,60802.0,63904,65989,70009,74690,80260,86106
92028,64801.0,69620,74708,80775,87754,96160,102346
92029,85363.0,90278,95273,96690,98848,110456,120038
92036,53750.0,52451,56284,64861,64545,72500,71875
92037,107094.0,105904,109194,113676,125636,136601,141822
92040,70513.0,74918,79803,83692,88820,95952,103585
92054,56170.0,60017,63404,63355,64694,68713,76974
92056,70636.0,77751,81583,85047,90777,97736,102570
92057,66844.0,72633,75687,81339,91298,100066,106421
92058,43992.0,46010,52591,57213,61636,68576,72479
92059,90203.0,94399,96806,96500,87486,94579,96399
92061,41841.0,44325,44423,43787,78162,88750,92500
92064,102292.0,105788,108030,115391,119838,135943,144201
92065,83382.0,89750,98366,100645,103743,120683,120550
92066,59500.0,59688,60938,68250,45375,-,43542
92067,130769.0,163281,174107,212188,216781,245427,238397
92069,65485.0,69625,71488,77618,80429,86156,93065
92070,43333.0,47583,55417,52500,75417,76000,83750
92071,81716.0,83712,87334,85751,93043,101906,105603
92075,103608.0,105027,106934,104201,111500,128000,146210
92078,74094.0,79673,85335,91564,97908,107894,114905
92081,66397.0,76134,82989,80584,90621,99153,102663
92082,81857.0,83788,95889,94067,103509,111716,118602
92083,56215.0,63262,67693,68551,73204,80160,82614
92084,61584.0,66099,73645,77970,85150,94768,97410
92086,33173.0,37333,41083,38152,48750,54167,68224
92091,136250.0,141818,155789,165132,151458,96818,86705
92101,60417.0,66202,71925,71077,78092,86403,90477
92102,44801.0,47467,51744,54862,59586,68900,71319
92103,74523.0,77551,78720,78338,84756,94210,96887
92104,59202.0,64157,67668,73447,79929,86291,92862
92105,40272.0,40947,43282,48072,51868,58924,65174
92106,99250.0,102250,103840,114158,117589,119782,127209
92107,77631.0,82522,85299,84190,93741,101042,107262
92108,69008.0,72170,75296,80572,87032,97705,101704
92109,72945.0,77774,80467,92379,95170,106399,118300
92110,65211.0,68368,73651,77579,87286,95408,102508
92111,65098.0,69442,74217,77249,85347,94540,95081
92113,33125.0,36787,40310,43958,49651,56427,59177
92114,61430.0,64390,66015,73090,79917,84966,90171
92115,47536.0,48442,51636,56137,59931,68420,75178
92116,64959.0,67461,74559,78697,83869,93661,95775
92117,71472.0,77621,86243,91347,97702,101445,105286
92118,99641.0,101520,108967,108992,114559,125558,135056
92119,79121.0,84191,92500,97965,101109,105849,115600
92120,88202.0,91947,97747,102597,103596,111909,114579
92121,103953.0,106688,107786,118155,117200,125000,135795
92122,76872.0,80232,79816,81438,88073,98330,98825
92123,73272.0,78880,81899,90602,97691,111282,121856
92124,86068.0,89080,93147,94485,98693,105885,108219
92126,92061.0,93994,96915,99376,105284,116013,123232
92127,127227.0,134769,138338,147827,156464,166804,179220
92128,94925.0,97952,103238,104501,112779,125609,128150
92129,120279.0,121357,125250,126371,131688,146754,152626
92130,141926.0,149344,155452,157333,166789,186000,201731
92131,125035.0,128653,137500,137987,153058,169448,181281
92139,60656.0,64510,69541,75576,80594,87463,92381
92145,141691.0,162700,202266,"250,000+",-,-,-
92154,63638.0,64942,66498,70846,74705,83287,90035
92173,38911.0,42561,46549,48967,54003,58209,65865
92201,42329.0,42757,45848,44215,50144,60031,66663
92203,67878.0,67739,71711,77281,80430,90708,97969
92210,103365.0,99871,103750,108750,120680,132479,145313
92211,60531.0,62043,63936,66202,72445,82917,87682
92220,40055.0,41144,42963,44167,48622,55538,59116
92223,68739.0,73588,80148,86068,90074,99983,100462
92225,39288.0,41886,44647,43822,48102,52088,51294
92227,44127.0,43460,43061,47367,51459,56559,60593
92230,34615.0,48284,49286,47500,66337,73750,90068
92231,37703.0,40759,43504,42739,47476,51750,50114
92233,35347.0,35230,37009,40587,41071,46553,53282
92234,43423.0,46367,46521,50350,56671,63209,67031
92236,34463.0,34222,34436,34269,40641,52489,67235
92239,53750.0,40000,32396,35938,39750,-,72857
92240,35879.0,36067,37060,40456,42155,48469,51284
92241,30658.0,30532,30933,31478,36268,42771,45210
92242,29714.0,29063,33276,42083,45994,41429,37679
92243,43842.0,46648,48290,47614,48888,54250,55890
92249,46786.0,44293,47021,58148,54668,56604,75664
92250,51758.0,53042,51250,49637,55777,56673,70250
92251,83909.0,84544,83566,82394,85599,90632,83709
92252,38405.0,37632,38333,42370,49032,53868,62821
92253,78228.0,81193,79027,76158,83348,92744,97397
92254,26830.0,24755,24194,26328,28897,38103,43464
92256,49563.0,50515,53500,44944,42552,45938,56821
92257,17694.0,21250,20976,-,11214,11181,17663
92259,30114.0,31786,-,35739,-,-,-
92260,53750.0,54099,56898,61161,63023,68750,72252
92262,47840.0,49229,52092,55757,60289,63710,70514
92264,47679.0,50795,53778,60318,63518,70305,75246
92266,27663.0,28125,19438,-,19131,20677,20870
92268,39234.0,47500,42401,44500,44028,63971,-
92270,64754.0,71227,78682,84891,95158,105557,109943
92273,26071.0,27054,29595,32961,43500,53162,55167
92274,29330.0,27779,28660,26132,26500,30489,36087
92275,30259.0,27794,30660,24750,25975,32531,35658
92276,41302.0,44970,52333,58814,56055,68504,80280
92277,39466.0,40903,43080,41322,47049,50957,55515
92278,51528.0,41912,51818,61481,-,-,-
92281,35536.0,35809,33214,31935,33833,35020,35882
92282,35754.0,37177,38396,41534,42500,70625,69271
92283,27000.0,23413,22100,27014,26685,33462,38359
92284,42723.0,41989,42360,45511,50353,50729,52886
92285,28650.0,31458,31810,35767,35732,39656,44038
92301,33919.0,38591,44574,48819,57714,61709,68205
92305,63594.0,53854,70250,88846,91016,108000,114453
92307,56579.0,58819,60732,59084,69595,71450,74715
92308,45585.0,49098,52330,54738,57265,60717,63484
92309,38977.0,38750,36528,38750,28933,31786,-
92310,50621.0,53333,54787,55986,58000,63369,66964
92311,41757.0,42409,43395,46102,49919,57687,59338
92313,65565.0,67034,71971,70200,76791,89781,83668
92314,51333.0,51752,53932,56132,61034,70238,79191
92315,50047.0,51083,51155,55061,67547,71653,79293
92316,53648.0,55603,57772,63529,68589,76161,82117
92320,49619.0,52983,56051,61067,67835,74236,90313
92321,73311.0,62171,47222,49018,43542,47448,50893
92322,35179.0,29750,-,57154,-,-,-
92324,48578.0,51105,54435,58589,61070,66836,69419
92325,57118.0,57153,64667,63707,64549,76200,79254
92327,35905.0,27917,31058,-,18201,-,-
92328,29605.0,34375,43750,90962,82750,85956,91198
92333,72109.0,74706,74779,80000,117708,136875,78333
92335,47226.0,50730,53099,58070,64946,70082,75198
92336,87744.0,90172,92569,96447,103200,116942,121989
92337,76046.0,77087,83081,84649,89965,99414,104936
92339,65167.0,60625,73438,63661,77649,70795,86492
92342,72872.0,75109,69882,75045,81861,99250,110586
92344,80230.0,82229,83095,89795,90560,98533,99909
92345,46696.0,50836,51118,51712,54881,64243,65949
92346,60732.0,61823,66560,67823,74569,81571,84818
92347,43750.0,45168,38438,38140,40923,44063,45733
92352,73875.0,79340,82398,89625,97034,104683,106575
92354,54877.0,54850,57855,59320,67776,72951,86063
92356,27708.0,30513,31008,36701,36720,43780,46625
92358,41635.0,41100,32500,53403,63194,68750,92772
92359,56590.0,62306,65352,58250,62891,71384,74408
92363,34159.0,31958,33942,33479,33268,39155,40226
92365,54630.0,55729,53300,55938,55625,59375,61944
92368,33300.0,32545,31000,36500,41442,43750,75000
92371,53545.0,55153,57692,62143,63605,73410,78761
92372,52206.0,50964,54493,52500,62542,52296,63665
92373,65403.0,69818,78484,81557,86430,93886,99354
92374,67606.0,71297,71245,78191,86132,92821,96237
92376,50359.0,52618,56013,59416,64478,71825,76914
92377,77094.0,83384,86784,95953,100625,108973,111088
92378,76538.0,78571,65208,69318,59205,72813,70515
92382,59547.0,58073,58750,66011,72331,83303,85208
92385,41635.0,49464,-,53854,47386,69911,72778
92386,30455.0,40714,41840,38378,40568,46597,46490
92389,26094.0,27625,30577,33173,35227,31563,26731
92391,48063.0,43523,48233,44298,75117,75296,70987
92392,58063.0,57885,62961,61872,66908,73860,81652
92394,48730.0,53636,53107,61270,68767,73028,75430
92395,43395.0,47921,50404,48495,50223,53147,57407
92397,62118.0,61496,68640,63705,66591,77171,86370
92398,61055.0,54073,56757,55572,52259,54122,56664
92399,58570.0,63984,69745,73647,76311,87457,94718
92401,23043.0,23295,22500,34167,38667,41447,42898
92404,42051.0,44474,46770,49799,55381,62318,66173
92405,38762.0,39681,42022,41631,45478,55282,59271
92407,56819.0,63171,68281,72281,76743,83724,83662
92408,38949.0,39472,42595,57197,56683,57793,63696
92410,27383.0,30072,35358,41060,45741,50477,53390
92411,37266.0,40539,41984,44129,52281,54053,55457
92501,55192.0,56239,61630,71204,71980,78750,83027
92503,62998.0,66579,71542,75415,80594,87042,91523
92504,60211.0,62699,63581,69531,73153,83139,88168
92505,62232.0,64505,70854,71139,72721,81217,84528
92506,87190.0,91216,98111,101670,107085,115246,120877
92507,44912.0,48872,51288,54701,61410,67203,72367
92508,103942.0,104668,116976,121021,129794,141449,144485
92509,63719.0,66232,68210,76568,81747,89640,95218
92518,67365.0,74741,70365,75741,85435,86544,83438
92530,51922.0,55399,57286,64270,70714,77569,84799
92532,84173.0,85181,87636,92288,94752,107765,111746
92536,55433.0,53107,59960,48182,65509,62703,80046
92539,42598.0,42370,43036,52857,48954,54107,63203
92543,31447.0,33197,33319,38686,41826,43881,47002
92544,46375.0,49793,52744,53885,57881,63579,67011
92545,44166.0,46910,46904,48052,49458,56193,59575
92548,41332.0,44717,50464,53643,54444,56375,54909
92549,64068.0,68977,78977,79276,72738,85577,83318
92551,54955.0,61938,66370,71947,80287,91579,92172
92553,48329.0,50741,51516,54234,59966,67254,71344
92555,81104.0,84612,87338,91839,98162,105490,113636
92557,67121.0,70234,73661,76174,79833,89629,93464
92561,80964.0,71343,81667,51528,62115,90179,87140
92562,81500.0,89002,92093,95156,101667,108595,113204
92563,86580.0,90906,96929,96604,105106,112347,118519
92567,61023.0,68086,68516,79962,86818,87484,80319
92570,47696.0,52325,60789,62764,68305,75249,77570
92571,56921.0,61780,64583,69444,73026,81884,85746
92582,61667.0,70578,70642,72701,78812,88850,97723
92583,41169.0,42931,44756,46844,50847,60352,63582
92584,85527.0,88201,95242,97674,103842,111057,113470
92585,65188.0,73417,73682,82217,89105,100470,97898
92586,36887.0,39780,40757,44179,50921,56528,53991
92587,71838.0,80156,83943,88771,95000,96955,105781
92590,69643.0,70865,68125,63938,65389,71827,76952
92591,77234.0,83189,88034,89574,94745,101117,107312
92592,99049.0,101676,105279,108412,114281,122882,132475
92595,69805.0,74735,78057,79895,83799,93376,98132
92596,97713.0,101327,101903,103138,106957,114542,120860
92602,103367.0,105433,100745,101459,123455,137037,150406
92603,120915.0,131196,146505,170781,175012,187713,192083
92604,97901.0,105108,106821,112543,114575,120460,128092
92606,92554.0,96588,102991,112688,124586,128580,140790
92610,128050.0,131845,129270,141629,155101,170469,181188
92612,75556.0,79366,83942,74672,76648,88929,95938
92614,93410.0,97742,104021,107662,104971,109475,121276
92617,41361.0,39135,36824,42756,57372,67056,80167
92618,103758.0,101822,107353,112054,117833,132843,135609
92620,102815.0,110483,115826,116650,131521,135494,144572
92624,100132.0,97976,98689,115403,110990,121028,125377
92625,139561.0,140232,155372,162250,167925,174570,197628
92626,85662.0,84968,88398,95175,98766,105281,117627
92627,64454.0,71776,79790,85585,94833,105647,105039
92629,90078.0,100243,99838,105014,111155,119368,131731
92630,87059.0,92552,97554,99565,108963,120848,119984
92637,40837.0,41928,44020,46582,53076,56928,60235
92646,94205.0,96915,98882,102473,112926,123899,132841
92647,77761.0,80218,87237,91331,97736,106555,107877
92648,91410.0,93413,95857,97470,105759,116189,118993
92649,91398.0,97459,100341,101466,104320,116055,121604
92651,120302.0,126469,132222,129164,138734,148381,143569
92653,101327.0,99078,101735,104571,111111,123490,128623
92655,41923.0,42342,40529,41538,48323,61991,64602
92656,105964.0,108288,111690,116350,121275,130854,134538
92657,215000.0,204688,204291,187396,181176,194881,202813
92660,118971.0,122222,123955,135373,142500,152700,154035
92661,102279.0,106673,123558,171339,169911,197344,209620
92662,97591.0,106143,117969,127443,143781,157128,162045
92663,102017.0,103965,106526,106209,118718,123333,138271
92672,77733.0,81347,87455,89029,96929,105534,109991
92673,144331.0,147747,151007,149882,159244,172056,180077
92675,82532.0,88692,94429,105524,111875,123474,127893
92676,100282.0,103935,104779,107083,107794,116042,114167
92677,98743.0,103322,108252,119322,125495,135822,140605
92679,153053.0,162447,175027,182857,197951,206361,207652
92683,57546.0,61813,62617,67104,71108,80292,82703
92688,103215.0,108876,116064,116557,127522,141089,142015
92691,106581.0,113280,117517,118379,122967,134070,135779
92692,108252.0,114167,117828,125115,128194,136906,133028
92694,154384.0,166262,166015,171121,165290,187701,183168
92701,41934.0,46728,52372,53710,57796,65375,68697
92703,52970.0,57186,61584,65687,71807,77759,80817
92704,63056.0,65645,69272,76136,80902,89654,94249
92705,94194.0,101711,108786,106058,119260,125059,125928
92706,58648.0,64102,70201,80051,80990,90617,96424
92707,65919.0,73648,77505,86001,89455,94862,99491
92708,85536.0,84509,92301,89478,92765,108860,111797
92780,67057.0,70536,75378,75626,83662,89375,98647
92782,106125.0,112204,118438,125469,123909,139505,143433
92801,54476.0,60554,63046,65683,71309,76264,78477
92802,54414.0,58944,60170,66429,70622,81538,83621
92804,55736.0,61611,65786,66936,70649,75847,74588
92805,59934.0,63691,66253,71253,74002,81576,85623
92806,66372.0,68272,68973,77570,83330,90512,95112
92807,104530.0,107390,113323,120435,126354,133894,136089
92808,121250.0,124466,128378,130818,137009,144348,148697
92821,86070.0,89970,91531,96700,105330,114444,116660
92823,138831.0,144325,151071,147847,143971,172857,176543
92831,64218.0,65948,70725,80279,79461,85220,89451
92832,61493.0,61208,65455,68287,79593,89722,92588
92833,73162.0,74578,82465,88725,98176,107241,113296
92835,98415.0,102929,113345,117208,132228,131385,138487
92840,64782.0,68233,72926,75653,80471,90983,96555
92841,57763.0,59882,62339,65934,68875,72243,81975
92843,56274.0,60232,63248,70680,74940,82147,82009
92844,56836.0,57126,58463,63598,64536,71354,73590
92845,98074.0,99063,106269,105189,116333,126103,133564
92860,92199.0,96214,102345,106065,115773,121031,125371
92861,143077.0,146417,169125,164919,172375,189306,204750
92865,97871.0,101643,104103,107706,118212,120365,130258
92866,70814.0,72846,74331,75562,78365,83179,83776
92867,87388.0,90233,95591,103040,108547,116618,125799
92868,62856.0,65217,64949,69034,79722,87868,89050
92869,96417.0,102536,111835,121712,126864,137440,147047
92870,88610.0,89360,94908,100685,103233,106298,110575
92879,61783.0,66638,69801,71817,76973,84500,91862
92880,100175.0,105087,107076,109438,128425,139147,151445
92881,94498.0,98861,107886,119023,125134,130536,132598
92882,70235.0,75804,80424,85819,90900,101185,100668
92883,99231.0,106403,111149,107393,112151,125423,126829
92886,119528.0,123737,125359,129253,132888,142900,148170
92887,133542.0,142615,139872,139750,143723,159295,161823
93001,62407.0,65884,68356,66460,72259,80363,86310
93003,74012.0,77185,78899,81501,87552,96895,100300
93004,80726.0,82240,90018,92074,102158,113404,113960
93010,90260.0,92045,93534,95836,100895,104847,108538
93012,102756.0,103043,102480,106388,111228,118153,122110
93013,72791.0,77711,81216,82231,88995,115000,115633
93015,62819.0,67882,76334,72311,74518,85079,90258
93021,101627.0,104483,107363,119139,125801,145017,149848
93022,73015.0,75500,84043,97429,98101,105739,109471
93023,71661.0,72670,77530,80685,79815,80720,82298
93030,64552.0,68543,73093,78522,82427,88508,90067
93033,57829.0,61698,63204,68542,76445,82606,85848
93035,85363.0,86630,92109,85218,93593,100074,101600
93036,65374.0,70173,77158,78931,85037,93481,100482
93040,48750.0,49853,48864,65625,69808,86938,123472
93041,62032.0,63103,63387,64208,67334,70890,75836
93043,86250.0,88333,-,-,-,-,-
93060,56478.0,58352,62789,63573,69133,73628,79606
93063,86667.0,89341,96400,96654,101509,115483,124030
93065,97485.0,98946,101102,100497,102654,110537,113893
93066,92417.0,101827,106875,106900,134063,141250,158281
93067,64904.0,57788,48828,75144,96250,-,-
93101,54360.0,56697,60612,62925,67368,76130,79868
93103,83342.0,90986,92101,84853,99725,104238,118118
93105,88671.0,91966,94556,103156,109018,130325,129549
93108,134667.0,139130,149829,165764,192303,215126,223694
93109,97759.0,96799,90341,99556,107364,121250,126875
93110,81375.0,81429,87111,93264,99261,112684,118819
93111,107577.0,106750,109561,117480,132603,134897,139876
93117,61892.0,62547,66151,70878,77964,79553,85711
93201,30000.0,31154,41000,33688,36442,46250,51181
93202,47753.0,48302,50590,49821,53528,56118,60450
93203,37191.0,38836,38985,40045,42857,47991,49918
93204,34638.0,41709,41114,49781,52080,51902,52986
93205,23684.0,22746,22438,23051,23061,27215,33295
93206,36224.0,36172,38542,43889,47188,50938,53170
93207,32778.0,18846,20667,20500,36875,49861,-
93210,53976.0,59302,61038,61808,64940,68152,77850
93212,36875.0,38075,38521,42983,46312,51890,54149
93215,39032.0,41877,43520,46752,47586,53480,61329
93218,26964.0,24583,28750,26905,37750,67788,88750
93219,27941.0,29176,32278,41012,42205,46707,52883
93221,51408.0,50469,49354,61782,66308,80062,84121
93222,60833.0,60742,52990,46625,47083,48594,56422
93223,37571.0,38360,39720,44286,47355,51952,57463
93224,51250.0,43250,45000,49500,63333,55750,50500
93225,40296.0,43021,45818,52300,51595,46923,47152
93226,64286.0,44464,66719,-,-,27188,-
93230,54697.0,59904,62239,65674,68450,72996,73558
93234,25461.0,24412,26054,31788,34429,43879,44353
93235,29898.0,33441,38859,39332,42438,49131,55175
93238,62963.0,-,-,23325,39652,41563,49665
93239,54830.0,29145,55082,41707,41568,46219,48781
93240,35783.0,42758,38951,33793,30522,28909,28535
93241,35872.0,39463,41563,36741,34119,33121,31563
93242,40417.0,44741,43500,49659,45139,56641,61250
93243,38750.0,40595,44219,34006,24351,-,34737
93244,54444.0,67625,-,68750,-,-,-
93245,54508.0,57314,62292,65631,67407,75696,78181
93247,33507.0,34309,34329,39426,44205,48783,55460
93249,34464.0,35094,33875,35833,38077,41534,43224
93250,35738.0,35112,36299,38111,39009,42587,50982
93251,43594.0,45500,48750,46719,63125,68750,74792
93252,33611.0,30526,36726,40870,46215,50333,43125
93254,44886.0,54444,47333,39375,47500,59107,53603
93255,23750.0,23333,32569,28200,30955,29974,36334
93256,29173.0,27611,33807,34607,43538,51652,70878
93257,39645.0,41048,43893,44693,48411,54889,58261
93260,38571.0,40521,41500,41382,43026,-,56250
93263,41173.0,42953,46274,45867,55847,64145,66774
93265,59556.0,59191,52174,67617,82821,90921,103672
93266,35761.0,46107,50144,51776,51458,58766,60888
93267,31959.0,32319,30781,32003,38245,41175,44786
93268,45128.0,46289,39517,45655,46827,50204,55473
93270,38322.0,37697,34023,42625,42898,60068,76795
93271,63424.0,70972,72188,71929,73674,78780,83810
93272,33995.0,34706,37532,46250,41528,49961,58564
93274,49209.0,52096,53185,55269,61756,66487,69905
93276,28542.0,27361,-,-,-,-,-
93277,55680.0,57596,59223,65975,67422,73801,79532
93280,36565.0,37770,39429,39425,40696,48021,55060
93283,31071.0,34611,26458,37015,21717,43143,33100
93285,43846.0,30665,29736,29194,30556,35545,39844
93286,41070.0,42489,42882,44980,41127,45548,47242
93287,78750.0,92083,102500,101250,95000,90250,70625
93291,51054.0,57223,61599,65729,68388,75679,81502
93292,51556.0,54832,61498,67433,71089,77670,80784
93301,35561.0,35412,33324,31089,31992,37294,40725
93304,36388.0,38102,40710,41311,45563,50334,51627
93305,31608.0,31454,31471,31739,34212,35379,41290
93306,52512.0,53254,55133,54450,60857,66060,66988
93307,36886.0,38891,38415,42128,46552,50157,52572
93308,44410.0,43659,43717,46071,49490,54189,59511
93309,48742.0,50742,50839,52268,54572,59828,62143
93311,92188.0,95293,98130,93200,101447,113616,117591
93312,94308.0,97311,97671,97615,102677,111084,112654
93313,72169.0,72946,75162,83312,92049,96149,93396
93314,105414.0,108767,111635,110877,118504,124885,127911
93401,59160.0,65846,72107,78788,83814,89962,95386
93402,73158.0,75302,77708,81494,82894,92174,103839
93405,44464.0,45611,45933,47783,49678,48388,52481
93420,77887.0,83210,85551,91211,94315,104314,106718
93422,75169.0,82548,82766,81599,84456,91257,89916
93424,78182.0,71090,58125,80857,78629,89063,-
93426,83523.0,81917,79750,80066,105223,92250,103317
93427,77140.0,82917,91293,106682,108447,108603,106442
93428,66731.0,69766,71774,74004,87961,95429,89225
93429,60893.0,49286,47404,-,-,-,-
93430,61151.0,63373,64948,67750,77662,82799,86354
93432,76250.0,90321,93867,93017,97500,106838,120200
93433,61482.0,68333,64217,66408,77637,80438,82534
93434,44000.0,45361,50864,55511,58449,66026,71351
93436,55794.0,59375,62423,63966,67941,71922,76241
93437,63364.0,63777,69911,67917,64576,69031,83096
93440,65608.0,71433,64583,73375,67418,46930,53673
93441,102500.0,101964,100833,94464,111587,135625,140685
93442,62806.0,68115,70580,73701,79918,88309,92163
93444,79683.0,83222,87087,93603,98125,102566,105655
93445,56250.0,64541,69274,66428,68671,73293,75012
93446,65486.0,65694,67766,76859,81707,89889,94512
93449,77316.0,88003,84484,90837,94268,109196,112913
93450,32969.0,51250,50556,59886,61333,66083,-
93451,61521.0,63401,64882,70568,68929,77500,91250
93453,50788.0,43186,50675,50893,68029,76250,70288
93454,57573.0,62015,64575,68954,73166,80438,84178
93455,78007.0,84404,88874,93200,99418,105838,108501
93458,49426.0,53890,58847,59937,66350,75519,73518
93460,92618.0,92557,95585,98968,113017,144196,131932
93461,58214.0,56208,50272,61250,66650,72120,88774
93463,76850.0,81914,97347,98116,115112,122321,130123
93465,80894.0,84366,92051,99989,113017,128684,120843
93501,33768.0,32109,36250,41047,48447,47351,55372
93505,45196.0,48312,49014,47641,44733,55282,55010
93510,92727.0,102563,105714,101750,113056,123438,118462
93512,42639.0,45481,40735,42708,57917,62813,65158
93513,57500.0,57813,54758,56466,52500,61761,54485
93514,55208.0,57027,63849,64330,68963,71470,81695
93516,42188.0,46739,49318,51012,64306,71786,71250
93517,49034.0,60878,72067,70260,66736,95991,98882
93518,32750.0,36298,41563,46250,53914,56429,63095
93523,62937.0,63274,62760,63314,62768,64018,66583
93526,46591.0,41625,43077,54861,52500,56250,61563
93527,71904.0,72595,68421,73720,83255,82759,82667
93529,53482.0,-,-,100586,101250,108239,40703
93531,73889.0,135917,139167,93850,-,105481,104044
93532,57667.0,62932,64969,76250,80357,98788,99432
93534,37883.0,39906,41537,43247,46875,55945,58891
93535,42978.0,43929,46600,49304,51560,61183,65989
93536,72634.0,75380,79990,84674,89987,97418,102927
93543,41626.0,48542,51719,57003,61936,69727,69375
93544,50265.0,44156,43913,38523,73409,80560,87069
93545,41583.0,43859,46875,37083,35574,40385,49635
93546,63848.0,66500,62747,69702,78029,86216,96481
93549,44803.0,61875,59688,58558,61607,69464,73125
93550,39279.0,41675,45918,48002,54693,61394,63811
93551,87628.0,92500,93055,93637,98181,107133,110850
93552,60612.0,63261,65728,66289,73074,85890,84894
93553,58105.0,57833,51630,62875,59805,71587,73029
93554,26037.0,-,20865,20700,24537,-,-
93555,60000.0,64431,68794,70571,73166,81824,84141
93558,26029.0,-,-,-,-,-,-
93560,55526.0,56274,60743,63936,70119,76663,76204
93561,63042.0,63288,64246,65401,74949,82093,86149
93562,33333.0,34643,37176,35703,45682,60040,67643
93563,83875.0,82656,-,200625,210600,-,-
93591,44487.0,46258,47453,48911,53733,57826,60903
93601,56455.0,59278,67955,64634,66961,80625,76429
93602,65136.0,65231,63804,66060,65215,67617,74965
93604,81036.0,84186,86595,87159,102155,108750,181375
93606,30543.0,30855,-,-,72917,41429,40313
93608,34408.0,39844,38203,36361,36413,42222,40583
93609,44068.0,41569,45362,53084,57298,64000,68454
93610,41234.0,48694,54031,57689,62561,69383,66567
93611,84028.0,87379,92811,98228,104748,113672,114677
93612,40687.0,42664,44105,46892,51820,60721,64079
93614,60101.0,64722,71047,72446,76963,90838,87393
93615,34737.0,36311,43380,46886,53150,57191,61107
93616,31448.0,35066,36250,43281,47500,50625,56667
93618,41003.0,42665,44576,46804,50993,56950,63190
93619,115392.0,118010,120944,117146,121444,131268,138648
93620,40738.0,42484,45014,45257,49789,51135,49890
93621,53661.0,42353,-,-,-,-,149750
93622,42965.0,42399,39290,38391,38453,36788,46510
93623,105868.0,108092,108243,-,-,-,-
93624,33352.0,32167,32216,35000,40200,43421,39444
93625,53793.0,55588,54806,58690,63527,58125,64792
93626,83958.0,82500,86473,90703,105313,116719,149565
93627,44375.0,-,-,-,69583,81167,85347
93628,73750.0,-,35820,-,-,26838,-
93630,46610.0,46311,49360,62706,56705,54972,60388
93631,63884.0,65466,68502,72786,72252,74718,81226
93635,46967.0,52664,62526,63529,68770,75522,70666
93636,80179.0,80074,83977,99643,104201,119375,124024
93637,49937.0,52207,56462,61422,67333,71057,74621
93638,37682.0,41129,45811,49021,52399,58200,60031
93640,27771.0,29962,30752,35982,37779,40692,46042
93643,53889.0,60445,58819,59452,60982,65309,67612
93644,49034.0,52597,51745,55678,63438,73431,75241
93646,26434.0,26413,27761,27909,29904,34522,39632
93647,30987.0,36884,35000,41402,49067,49828,49275
93648,31653.0,33117,35210,38724,44632,50472,51834
93650,36106.0,33100,35440,38616,38643,42606,49877
93651,100952.0,108594,102824,90482,93310,94722,93036
93652,36750.0,37313,39259,38438,40481,43438,44957
93653,63125.0,70370,64219,83462,103194,114559,103750
93654,44151.0,46839,50903,52642,57452,63498,67471
93656,49530.0,50902,49259,51830,55856,66808,64481
93657,51209.0,53624,57600,60689,63994,71706,77655
93660,28500.0,32627,35339,39625,40000,53085,54318
93662,42027.0,42305,42308,43894,49504,54655,56735
93664,110833.0,102222,100938,106071,120357,132344,142292
93666,26932.0,-,28750,25990,27054,36111,39531
93667,64856.0,76719,75250,62446,49688,64199,68900
93668,38162.0,45074,50063,50063,66471,54963,61691
93669,36667.0,35833,-,-,41250,46250,78125
93673,37031.0,39643,44375,46406,52031,54583,56458
93675,70275.0,72000,73151,57321,61140,67262,80508
93701,17371.0,21820,23153,23356,25905,30211,32192
93702,25517.0,26580,27159,30473,32418,38965,44849
93703,27873.0,31209,33550,32170,35526,40678,43236
93704,55918.0,56769,60109,60362,63490,68349,69659
93705,35009.0,38105,40516,44509,46253,51012,55152
93706,30176.0,30433,32325,31854,34147,38269,40023
93710,47723.0,49882,51605,54004,55175,55015,62294
93711,71028.0,71825,73930,74979,81599,92138,97492
93720,80223.0,84614,89671,91096,94011,104428,103636
93721,25056.0,26885,28529,28101,24643,26019,32602
93722,54137.0,56028,59028,62225,69214,75491,77335
93723,71861.0,82708,82702,86833,94564,112306,116295
93725,41288.0,43469,47524,52477,57219,63571,71099
93726,34295.0,38435,40489,43651,47809,52921,51913
93727,50781.0,54491,57537,62413,65633,78036,82247
93728,34887.0,34667,36197,38091,45546,48197,52809
93730,118487.0,114171,121716,125804,130726,139754,143320
93901,58092.0,60060,64678,72434,78290,84669,91639
93905,45962.0,49659,51472,57081,63694,68795,75716
93906,61192.0,65203,67199,75373,80214,93626,96044
93907,73226.0,76360,82520,86380,88540,100295,103268
93908,127070.0,135606,129789,143750,158094,159688,164554
93920,53125.0,53690,57353,46429,65026,70573,72540
93923,92778.0,95644,99955,108424,107255,120972,122500
93924,96458.0,103426,101761,127813,141250,158261,162656
93925,55729.0,53222,50750,50987,56563,59000,70909
93926,52298.0,57246,65566,70057,74167,76301,77418
93927,51987.0,55788,58766,63696,66786,72873,77272
93930,42614.0,48141,54605,57007,64762,75337,72555
93932,34583.0,37273,37159,75446,57054,93672,95774
93933,61300.0,64921,66711,73856,80360,89507,92625
93940,77240.0,81807,85503,85765,91165,103946,110669
93950,81000.0,81710,88326,89088,92980,102553,105568
93953,130833.0,138542,145938,143750,138917,145250,154730
93954,57500.0,58500,56818,56111,68750,63000,54450
93955,57667.0,61445,63832,68772,73866,80106,82331
93960,54775.0,58981,63604,65108,64821,79063,92504
93962,90658.0,117593,120385,-,-,-,-
94002,125546.0,134529,155473,159599,175694,184929,204573
94005,109632.0,110372,112016,114583,122202,137583,151593
94010,135283.0,144281,152388,158316,172009,186198,191758
94014,85622.0,88942,90970,98879,101168,111795,115513
94015,86940.0,90972,95541,100208,106742,117289,123552
94019,119832.0,122959,136758,140460,137601,149655,153272
94020,92386.0,116705,139219,183642,191915,"250,000+","250,000+"
94022,208984.0,216042,223859,"250,000+","250,000+","250,000+","250,000+"
94024,220970.0,237454,"250,000+",247604,"250,000+","250,000+","250,000+"
94025,139833.0,151279,161827,169352,183750,207656,215871
94028,244671.0,220625,234091,221667,"250,000+",243516,"250,000+"
94030,109813.0,120533,128494,126319,141399,146649,157567
94037,104607.0,90066,93167,167888,165722,184692,201367
94038,136328.0,144327,120438,110448,116773,116950,128333
94040,120028.0,129188,139278,139717,153275,175147,184494
94041,121650.0,129444,139818,149291,160328,169479,168980
94043,118355.0,125916,138232,145994,159898,174416,180781
94044,106959.0,115602,125500,130327,138381,151680,156658
94061,99230.0,105513,112609,119370,131140,139810,141599
94062,146450.0,158269,178480,184479,203000,230391,233333
94063,64720.0,71458,77166,80313,94028,107734,115528
94065,160313.0,161719,172663,173760,181975,201125,213361
94066,94657.0,102081,109387,112933,117747,131669,135976
94070,153291.0,172048,185459,190872,205912,220323,235373
94080,92089.0,96927,105600,106352,113008,126916,135966
94085,103595.0,116332,127774,150915,153003,168250,183563
94086,118576.0,129112,139847,145103,162017,171265,180217
94087,137652.0,153036,160907,168228,178128,196611,200778
94089,101869.0,112750,119054,130164,136983,149270,153725
94102,33552.0,41835,46372,53539,55888,62388,64781
94103,49052.0,57015,75764,87587,93143,111028,122339
94104,48429.0,52679,51500,56944,42591,47386,49896
94105,199364.0,213009,213987,"250,000+",244662,"250,000+",239781
94107,143467.0,150451,166985,166430,164289,176788,186123
94108,55341.0,62173,63263,64908,65392,68768,63864
94109,79979.0,88593,94278,98567,104476,108691,112201
94110,109747.0,123576,134592,138890,143938,152115,152403
94111,99464.0,110455,120905,141230,135735,164107,131343
94112,82692.0,89355,94757,105340,112795,120731,130906
94114,143902.0,155551,162193,162529,169459,184671,196528
94115,103625.0,114819,123037,125550,138023,149927,154264
94116,101746.0,107619,116089,119800,134652,145931,152587
94117,132979.0,152071,170211,167807,174419,190444,175096
94118,102021.0,110216,121644,132201,139043,157143,159550
94121,87001.0,95036,103151,107158,116970,132519,138353
94122,102838.0,109607,122076,122144,130708,141760,145717
94123,134809.0,148276,162206,179143,194098,211854,222689
94124,55823.0,56607,63267,67094,66618,76341,82928
94127,151094.0,158162,172713,176025,180768,200082,205429
94129,190167.0,184035,196917,198194,218717,236445,236190
94130,52143.0,59063,54375,59211,83077,96000,91750
94131,119924.0,137762,151607,172785,181329,196571,198779
94132,72970.0,74187,84349,82557,93995,104537,118557
94133,66422.0,66811,69756,68423,71063,77652,83025
94134,71352.0,76229,77983,82810,93068,104247,107566
94158,133981.0,153077,156856,160236,161391,180208,184294
94301,146488.0,153733,159148,169270,184932,217611,235529
94303,98361.0,103680,105763,120754,133686,144259,148031
94304,103648.0,127731,130227,143412,152772,159637,162569
94305,61173.0,54653,60000,62515,67224,72500,72470
94306,125553.0,142438,143606,167043,185588,199800,186479
94401,81608.0,89176,93850,94334,104260,117678,121258
94402,140186.0,155078,169086,163442,170688,184453,179683
94403,112935.0,123968,134875,139631,151369,171213,179825
94404,134056.0,143109,149836,155789,166203,182699,182417
94501,81626.0,89769,94991,96014,101705,116596,119500
94502,122368.0,140463,154437,161518,190174,207823,194821
94503,91802.0,98247,101865,108638,118143,122500,123657
94505,114886.0,114977,130013,128865,138339,147292,154063
94506,186378.0,205121,212739,200726,223362,246132,"250,000+"
94507,202336.0,226450,237841,"250,000+","250,000+","250,000+","250,000+"
94508,80795.0,87422,89531,111750,111917,113036,116534
94509,58823.0,60821,64502,68224,71905,78637,81512
94510,95291.0,98940,103163,106739,118228,124099,125222
94511,36167.0,38801,33583,62019,80227,85870,78393
94513,96827.0,103128,108243,112302,124673,133930,139736
94514,72875.0,68958,69934,82538,80000,72445,97946
94515,68603.0,84000,85417,85263,84676,102557,97202
94517,140361.0,143591,150032,145426,144097,156870,164860
94518,84896.0,93085,95875,95961,105222,111186,111406
94519,79390.0,85906,96540,105774,111850,118587,123366
94520,52082.0,57252,60652,68756,71846,77927,79790
94521,94637.0,97011,106938,104141,112030,121368,127312
94523,100889.0,109161,117568,124375,130277,136787,142622
94525,79886.0,74534,79681,89630,95099,93333,101850
94526,141761.0,142426,152727,163801,174350,202697,216974
94530,96192.0,99954,107006,107621,115789,119761,127731
94531,93466.0,97104,104646,104275,106570,115300,123428
94533,62612.0,67442,73042,75544,79259,84907,85990
94534,105033.0,110761,114537,115561,121478,132382,139349
94535,60741.0,64888,70230,70943,74821,79418,83525
94536,112587.0,116609,121696,132568,139636,152076,156672
94538,101065.0,106139,112473,119206,130947,143146,144451
94539,160542.0,170358,177836,188596,200046,219913,235399
94541,67819.0,74552,80448,82690,92270,96176,106556
94542,103018.0,108438,121354,115956,121563,132747,131989
94544,70207.0,74896,82520,89657,95744,103039,108358
94545,84579.0,83132,91310,88764,100248,102220,115258
94546,85492.0,91513,97179,101445,111570,117808,125780
94547,107221.0,110476,117018,110669,114124,125880,130583
94548,105329.0,109453,104773,150492,140417,166597,183100
94549,155225.0,159583,178056,185950,190250,221148,231195
94550,114930.0,128466,139387,150061,158887,171388,177218
94551,108729.0,113305,118967,119087,116269,128356,130705
94552,133321.0,151667,162583,180681,183578,204260,205170
94553,89703.0,96997,103728,106557,110971,118704,121023
94555,132823.0,142135,147358,161175,177333,202832,213488
94556,139904.0,150372,141366,152965,167500,193750,199300
94558,83491.0,88765,93052,97759,102244,110397,109444
94559,68725.0,73408,76961,76960,85149,94599,100559
94560,96817.0,108181,116856,127619,144011,159465,164909
94561,88795.0,93515,104089,102911,109410,119646,130859
94563,185066.0,208640,222930,231373,"250,000+","250,000+","250,000+"
94564,83534.0,90596,100240,105217,104275,113630,120833
94565,62255.0,67772,71629,78985,83703,92399,95035
94566,139628.0,153684,161204,163499,172403,187357,187721
94567,58375.0,57250,53125,53813,61477,61042,71250
94568,133769.0,140864,146103,148083,171168,191039,205046
94569,142905.0,153750,181116,-,-,-,-
94571,64694.0,66911,68226,68617,73547,80962,85212
94572,67175.0,69491,75142,78175,86150,92250,89074
94574,83720.0,89095,93587,104848,116322,130250,139779
94576,102188.0,-,-,-,66818,158125,165625
94577,67686.0,75121,78444,89219,97476,106695,110989
94578,52419.0,58120,66450,71758,74912,87120,89149
94579,78054.0,79907,88991,91201,92102,95398,94193
94580,85021.0,90946,96493,96581,99360,103364,110106
94582,149859.0,156824,175490,186021,186367,202775,211159
94583,137719.0,146696,152656,159414,161347,178212,184033
94585,74155.0,78750,82848,81683,86000,95109,96713
94586,116250.0,125568,133125,164063,174792,189464,198942
94587,95625.0,105448,114681,120772,127828,138013,137194
94588,136734.0,143903,153429,157203,162286,177016,186569
94589,59558.0,64860,68494,71715,76554,85373,91313
94590,44689.0,49558,53275,57254,60105,65340,66957
94591,78628.0,80888,85311,91380,95628,104567,107849
94592,120125.0,126389,127679,171000,148125,149583,122625
94595,66638.0,73783,76583,78874,84688,91734,98108
94596,88527.0,101259,109167,115938,125731,135422,137660
94597,98343.0,105370,111750,121067,133930,135960,142685
94598,128299.0,148313,154125,156280,166534,185995,188170
94599,71667.0,64545,69800,65962,69769,75245,79696
94601,44666.0,46830,50122,53433,54972,62825,66651
94602,78347.0,90661,95479,107208,115087,126412,124744
94603,49793.0,50742,52634,55692,60068,64656,71086
94605,66211.0,69087,72778,77939,83026,90685,101043
94606,48421.0,53108,56129,63188,67197,71442,70769
94607,41870.0,50149,55054,60181,66211,77701,87937
94608,68352.0,82753,87517,95716,106037,114286,116306
94609,73765.0,80026,86750,95693,99783,107242,106698
94610,87059.0,96681,100717,104919,117530,128304,130435
94611,120601.0,124483,129576,136538,147080,163837,176517
94612,42880.0,51006,55291,59773,65536,76953,77069
94618,133125.0,156116,167606,169856,172454,202297,205552
94619,82994.0,85855,94490,106875,113554,130876,129879
94621,34566.0,38591,42563,40813,47003,53509,53106
94702,77699.0,78289,82076,85357,86058,98873,99135
94703,75181.0,77259,83074,87114,95125,99901,108922
94704,26758.0,31379,38125,46735,46913,51696,52105
94705,116250.0,121219,125104,139029,143533,157221,163254
94706,89425.0,91588,100461,107669,115712,125410,136961
94707,143297.0,149081,154184,161332,182603,186579,196591
94708,159046.0,160938,170139,192577,201099,218950,229004
94709,66028.0,71175,71859,75721,79808,84965,95223
94710,62524.0,67250,81907,97917,105729,116313,118007
94801,48822.0,51516,56582,66476,72456,72268,75786
94803,82788.0,85266,89851,96971,101696,111610,116075
94804,51918.0,55903,59089,63764,71824,79659,86430
94805,75843.0,78740,85813,89443,95534,101932,114191
94806,56605.0,59564,64403,68012,74867,82274,82818
94901,85889.0,87495,90440,99136,105706,113294,108837
94903,99071.0,102947,105783,106919,111423,131172,127464
94904,116469.0,129727,139500,135972,143338,158338,161875
94920,159423.0,166313,165807,197000,203717,216096,238304
94923,120250.0,86802,85069,66975,-,92283,-
94924,52375.0,59167,68250,86806,90481,99706,96442
94925,134902.0,147587,149439,153101,183661,210560,220771
94928,62894.0,66621,71824,78181,82894,93282,96622
94929,94375.0,117813,119706,171477,183229,202692,206793
94930,99803.0,105100,105219,109044,114811,129839,136341
94931,73154.0,76497,80186,85698,95131,98475,103105
94933,94107.0,79028,91384,109953,120000,116953,128561
94937,66500.0,82903,87273,74500,78077,61071,69464
94938,85250.0,88636,126429,110789,99688,111800,150250
94939,99980.0,107055,119158,136604,150179,156250,182743
94941,133462.0,145602,152125,166934,183882,206580,210217
94945,93765.0,106425,120020,120692,109544,115000,109750
94946,108750.0,103750,140625,112083,104375,125179,166875
94947,97628.0,102748,110274,111285,121833,121338,126690
94949,83164.0,89871,93580,96356,107547,112068,116101
94951,95272.0,94126,96699,96155,101197,110296,116093
94952,82619.0,84772,88848,92314,102238,110739,115097
94954,86953.0,90911,93849,95724,100668,108630,107564
94956,66289.0,68651,74926,76818,73558,76750,79241
94957,243214.0,"250,000+","250,000+","250,000+","250,000+","250,000+","250,000+"
94960,123861.0,130016,133381,148163,156169,172675,172332
94963,106170.0,116250,118272,146563,170938,215375,206375
94965,101947.0,103424,105391,108901,125070,136098,140417
94970,119934.0,120882,121071,122721,104875,74643,117188
94971,84737.0,106000,-,109063,80139,103958,109375
94973,93403.0,72135,56379,120825,125579,151806,207273
95002,82845.0,91667,95875,100000,110536,107438,89861
95003,91500.0,96600,103982,115633,128833,136506,140990
95004,98672.0,106047,110741,114063,116779,173333,165781
95005,76250.0,87168,95242,87860,89761,105577,107857
95006,80991.0,90130,102583,111792,120243,137552,128483
95008,106536.0,115453,122947,121231,128476,139688,142841
95010,69590.0,80011,71531,81095,83827,91771,96701
95012,54793.0,54333,61373,69528,69076,73058,79903
95013,51500.0,67708,-,-,-,-,-
95014,150529.0,160801,168538,179702,198602,222878,229074
95017,70000.0,63333,66484,59609,76667,78542,100750
95018,96651.0,102163,105189,109467,106597,109778,119130
95019,38854.0,46038,47025,59256,61891,65294,68314
95020,90144.0,95829,102741,108494,117236,128977,134242
95023,82935.0,83305,86337,86047,94775,103238,108156
95030,180222.0,197647,209563,199063,215461,242500,"250,000+"
95032,129177.0,135833,154810,153214,163082,185822,195188
95033,147619.0,162308,177000,168723,161971,176938,183836
95035,110659.0,125055,132236,136966,149223,166931,176723
95037,108554.0,120864,125057,128381,139716,153091,158256
95039,39971.0,41551,49556,41154,43867,48700,58214
95041,55845.0,56667,58786,57734,142944,104853,161034
95043,73333.0,74205,76500,105625,104423,112000,126111
95045,62589.0,77644,88804,81886,97369,104456,106377
95046,110500.0,113187,117344,123818,130559,148000,157458
95050,84269.0,88872,96872,102000,107311,119356,130051
95051,113021.0,125520,134230,150094,160979,177365,185632
95054,140890.0,148011,152500,158212,171799,194316,204052
95060,65237.0,71485,78344,87159,93839,101962,106040
95062,69472.0,74061,79233,88204,91801,101291,108261
95064,44444.0,46375,54063,86250,107500,114271,119787
95065,91957.0,92225,104464,116208,121538,136469,142768
95066,102924.0,106113,111480,109894,130975,141373,146941
95070,173739.0,177041,193617,201279,222235,237455,240980
95073,86169.0,88667,93704,96052,105508,112068,113929
95075,70893.0,68125,77083,128750,138611,131250,130962
95076,61211.0,63979,66991,76010,81318,86062,86685
95110,76250.0,87634,95829,98209,119408,129265,132800
95111,66549.0,69039,73093,77009,81166,90808,97162
95112,60569.0,63500,66501,74019,83224,85080,89649
95113,114539.0,122120,135875,131094,124625,133021,140938
95116,56299.0,60855,65667,70656,76339,81216,83428
95117,82279.0,91347,95726,104160,107972,112003,115778
95118,101780.0,107701,115306,123250,130745,142563,148438
95119,120071.0,118090,126860,122944,133017,151500,164129
95120,171908.0,185800,206531,207959,221632,245273,"250,000+"
95121,94818.0,102728,106394,111105,117991,128435,133700
95122,66606.0,73388,78734,84335,90984,94924,103406
95123,102599.0,112946,117579,121404,124389,138557,136364
95124,131250.0,143425,155550,158484,165344,178058,188433
95125,114386.0,116708,118788,121428,128452,140092,148422
95126,85489.0,92788,99160,108503,116063,121520,127297
95127,84239.0,92419,98692,104518,110887,118770,120548
95128,80916.0,88007,93455,100198,105563,117284,122647
95129,131976.0,144333,148068,157747,163245,178818,182662
95130,106477.0,120639,127772,143125,158656,169199,155787
95131,114675.0,121567,126757,139427,151389,164227,170128
95132,102868.0,111623,121288,130078,143695,164447,172266
95133,79043.0,82487,86686,98386,110484,126080,132069
95134,132891.0,139558,150131,153719,166828,182920,196847
95135,137067.0,142531,148438,160901,178977,199042,196179
95136,98340.0,104909,112074,119081,131879,137006,143696
95138,159311.0,173286,179724,166895,172434,189359,194300
95139,125855.0,135089,139612,157500,148750,187656,193061
95148,120088.0,129984,138763,143641,153433,158565,160729
95202,14549.0,14484,14822,17270,16976,19942,23954
95203,41218.0,41452,44922,46892,48044,52542,64710
95204,44953.0,48062,53077,56041,62366,70063,71792
95205,33915.0,35544,36444,39013,48767,55536,58138
95206,45342.0,48908,50918,53830,59893,69559,79751
95207,41307.0,44103,49647,54951,61167,66459,68767
95209,74645.0,78883,81841,84387,88809,94324,106056
95210,40426.0,43587,47142,48614,52453,58815,65411
95212,82260.0,88178,95759,97775,98917,108958,104078
95215,45441.0,45501,46191,49758,51462,58361,68189
95219,81049.0,83194,83558,82078,83934,93638,105300
95220,65682.0,74583,85906,94740,93333,108101,116324
95222,51308.0,52289,54508,53674,57000,60156,71344
95223,57083.0,59330,56121,61331,78403,97574,98934
95224,19000.0,32961,-,-,36667,54605,59167
95227,88750.0,92938,96023,99671,101071,141607,150143
95228,76354.0,80706,83313,84885,86132,97301,107857
95230,82995.0,85299,89016,90417,108889,130048,135304
95231,40172.0,41445,41935,54615,77054,70242,73292
95236,70809.0,74184,74020,74613,80221,81125,96339
95237,53646.0,56190,61042,71979,76333,89042,86836
95240,44499.0,46309,50992,55933,62268,70212,76870
95242,66626.0,68611,73083,75491,80726,96161,99709
95245,52829.0,49549,51830,70325,75700,80826,85387
95246,37917.0,40997,57689,72841,71094,90658,95667
95247,47235.0,49162,52661,56313,58619,73413,71983
95248,30903.0,28750,-,-,-,-,-
95249,37034.0,35745,39052,33138,33342,43815,46864
95251,54306.0,58547,62337,61316,110036,95074,101111
95252,68023.0,77188,79618,81289,76792,89660,85189
95254,98726.0,100795,103559,101745,105243,67614,72188
95255,33669.0,34444,35169,42083,60000,65139,68000
95257,50743.0,51193,54390,72014,76875,119167,-
95258,85047.0,88630,92545,94464,117614,115298,100682
95301,54434.0,57322,60958,60993,61856,66749,66669
95303,51364.0,58542,63173,115500,139750,148889,139688
95304,85035.0,88152,98088,92721,101069,103138,114359
95306,44805.0,45705,46176,39353,55313,61542,77724
95307,51918.0,54405,58827,61287,65316,71786,77101
95310,38320.0,37929,41111,34958,40069,55543,57639
95311,46333.0,44107,40945,40577,49279,49844,70469
95312,39167.0,62688,63077,66429,76563,87734,-
95313,45769.0,48063,52105,41071,53667,57955,72321
95315,49651.0,55795,59298,62533,67021,72813,67868
95316,69750.0,67012,70907,82275,93569,91600,96593
95317,36771.0,39464,53807,47109,49483,53555,57438
95318,86250.0,-,44821,45988,45833,52543,54430
95319,28861.0,31512,31966,34784,40724,48933,44904
95320,63873.0,68326,68492,64508,66420,76570,86612
95321,47781.0,52297,53563,55966,59664,66708,69679
95322,42358.0,53737,54820,60478,56888,59397,64104
95323,62125.0,65000,71667,75197,82130,85391,89188
95324,57870.0,62022,64167,70045,64802,71523,72309
95326,59515.0,74777,79386,75388,87806,97952,89268
95327,53389.0,52656,54046,43313,54199,59371,60506
95328,46164.0,54806,53112,46277,53007,51519,53013
95329,54247.0,60556,55407,57058,58333,71800,74924
95330,72398.0,81339,85092,89653,98811,107665,118461
95333,47383.0,48785,48993,53125,54500,62102,62045
95334,53515.0,52284,55044,59412,68417,71273,75867
95335,38553.0,40893,-,-,-,-,65625
95336,61881.0,62362,64164,70084,75766,81154,86411
95337,78064.0,80351,83933,86414,91190,99665,110132
95338,52725.0,51833,52699,52280,54323,58042,64707
95340,51275.0,56089,55470,56941,59034,64809,65141
95341,34315.0,37105,40802,46547,46760,54448,55516
95345,35000.0,51563,-,33889,58106,65500,65221
95346,51481.0,65365,110032,77557,99327,84707,108362
95348,42651.0,45195,48505,51340,53557,62551,63618
95350,46765.0,49832,53604,57291,62105,66185,73611
95351,38954.0,40819,41309,44517,50649,52525,56869
95354,45417.0,49358,50226,52352,54808,63064,65643
95355,61570.0,65854,66719,67205,72349,80266,83460
95356,67415.0,69334,70699,76225,81825,91034,95376
95357,60071.0,65933,73304,82886,86462,92372,94066
95358,55422.0,59708,60987,62244,65442,70740,74434
95360,53471.0,60586,62679,64036,69571,72056,74006
95361,59827.0,62921,72313,75138,79423,88524,91381
95363,62445.0,66578,71934,72898,83458,88728,99321
95365,40309.0,39808,40592,45640,38571,41394,40718
95366,81570.0,84201,84898,86116,93469,104041,104952
95367,64756.0,67746,71934,70248,75968,89752,90633
95368,72348.0,73073,82928,82752,87615,90476,91990
95369,47426.0,48750,54500,68000,57292,84375,86250
95370,55086.0,55676,57513,62578,65245,69751,72433
95372,77332.0,76667,80737,82979,86932,83125,93346
95374,44667.0,49938,48603,51845,49318,54952,51593
95376,70501.0,76261,82390,84670,90735,99675,103493
95377,99411.0,105120,111076,119614,128732,145264,155984
95379,61801.0,62179,58988,56625,63598,69553,72113
95380,42786.0,45901,46580,48137,53825,63548,68308
95382,67416.0,69720,72206,75333,80571,89600,93592
95383,53929.0,64338,79329,75313,80806,84098,85956
95385,52708.0,51429,68542,70189,56625,60139,58333
95386,54386.0,58529,60895,59833,68454,63503,71336
95387,35708.0,39952,39919,53229,56821,43824,55833
95388,42740.0,44646,47184,48750,51699,55517,60762
95389,65096.0,63214,55809,39097,38325,48466,44962
95391,120196.0,130476,138500,160902,154155,166643,171510
95401,62244.0,66633,75290,80164,82414,88439,93513
95403,68550.0,73985,75954,79990,84517,93826,94480
95404,72272.0,77127,81427,86555,88574,96483,102802
95405,82274.0,84354,89876,94411,99978,111358,117931
95407,56192.0,59971,63981,68720,75542,81484,82807
95409,69660.0,74333,75571,77849,85614,100225,105736
95410,39048.0,47422,64625,70972,85500,-,39628
95412,72102.0,70536,72784,69375,65817,-,-
95415,39044.0,40878,46538,43864,44076,50577,54423
95417,60909.0,63625,60956,65875,-,"250,000+",-
95420,74974.0,102607,85917,132992,139850,235959,-
95421,51838.0,55833,58125,61691,59479,67917,76905
95422,27161.0,29069,31793,36623,38325,41428,42080
95423,36292.0,44611,46500,46833,45600,42648,43170
95425,64199.0,69153,73235,81905,93039,103125,107281
95426,77714.0,82219,79667,95369,74457,79904,91368
95427,24000.0,24125,35852,45722,49335,53158,54970
95428,35288.0,37031,37535,41096,46319,46694,44286
95429,51250.0,54643,53846,-,-,-,-
95432,47955.0,44063,44839,-,-,-,-
95436,59548.0,63556,64902,75417,76742,87339,96023
95437,46366.0,45833,50076,46491,54221,53320,55061
95439,59141.0,52500,-,-,126406,158125,165216
95441,74688.0,86154,100938,111198,125750,125400,128375
95442,82566.0,114879,135000,144129,151342,168512,131696
95443,17404.0,16250,27566,-,-,-,-
95444,59000.0,62685,64028,63396,86483,-,210650
95445,48880.0,56227,58308,59109,70027,79462,93365
95446,55132.0,61161,65784,75035,79205,82706,88643
95448,78515.0,89719,95114,95938,100267,100437,103048
95449,50000.0,46111,53333,60192,64688,61576,80149
95450,56786.0,58958,59350,62679,121667,93750,77083
95451,51587.0,51469,54110,54189,56435,61904,65417
95452,85993.0,87961,81118,92094,129563,144904,134293
95453,44533.0,45763,49690,55625,67846,65012,66775
95454,32880.0,34699,36907,35947,36777,38998,40053
95456,42292.0,44261,40481,26127,22468,28140,60972
95457,48388.0,48260,37991,39875,53284,42721,52266
95458,31765.0,41579,45493,49137,45202,46244,49004
95459,52202.0,50972,53125,52415,60850,59653,66250
95460,51018.0,64464,67934,58705,69712,75037,68478
95461,45800.0,42250,46310,52314,70800,79914,81830
95462,43086.0,45588,44261,45417,-,87188,68333
95464,41250.0,45246,48808,50764,58750,71150,73157
95465,63036.0,58778,65921,65357,79688,104792,123650
95466,61250.0,60139,43854,40625,43750,48393,52614
95467,63079.0,63384,70625,67756,77115,82660,72292
95468,51595.0,48365,53490,71563,80785,90417,104429
95469,47176.0,52650,56050,53000,57950,61500,66402
95470,60428.0,62600,63229,63969,72269,74514,66516
95472,78251.0,87716,92674,95417,102283,108685,109775
95476,72716.0,76151,82036,87374,96029,100734,108322
95482,46462.0,50000,52673,56556,59349,65657,70063
95485,37009.0,37102,43375,55276,58682,71071,84583
95488,67500.0,57452,56920,-,60893,-,-
95490,42326.0,42292,49043,52406,53725,63418,67069
95492,91077.0,99521,107153,118773,125349,129250,131022
95493,59718.0,62760,63358,66838,67857,68875,97500
95497,76759.0,78350,81833,78125,82552,92260,121731
95501,40629.0,42500,44952,43932,47074,52222,55076
95503,51412.0,51462,54873,57565,62463,68307,76708
95519,52522.0,52758,56487,56422,61077,68785,66687
95521,34352.0,36051,39276,42636,43520,47764,54324
95524,70435.0,73531,63214,61792,66750,78125,82697
95525,50401.0,46653,49375,50833,51167,59028,65250
95526,29773.0,30000,33571,32500,37000,45833,41563
95527,37250.0,42396,42333,41328,45750,55714,73125
95528,54500.0,56250,61528,65096,75208,75395,71250
95531,41882.0,46282,44894,48635,51875,60365,66817
95536,49185.0,51424,51045,61081,62581,66815,66563
95540,46527.0,46302,46219,47392,54020,58348,62346
95542,31458.0,31055,30505,27534,32990,36472,45049
95543,51477.0,35855,37321,32500,43333,26736,46620
95546,25708.0,34375,34323,28083,41292,48472,52574
95547,66667.0,55577,58500,55521,60000,61328,85179
95548,32232.0,36125,38977,38092,42882,48276,45139
95549,61000.0,70469,72500,74931,76017,81554,89583
95551,37155.0,53077,58000,61902,68125,83661,73472
95552,25388.0,27056,24318,19750,18125,21550,21007
95553,26120.0,-,-,-,37448,43716,41650
95554,56944.0,62639,51875,48409,-,-,36964
95555,37656.0,32083,35938,33333,36563,40000,43250
95556,35469.0,39300,42561,51552,-,-,-
95558,50313.0,40000,54167,65875,43250,42917,51250
95560,52169.0,78566,81640,63464,72601,66378,-
95562,35061.0,37108,41875,39073,36458,45547,45801
95564,36667.0,41250,42206,41875,45341,55536,69250
95565,40962.0,39115,42955,32955,43393,86406,88281
95567,46053.0,50938,57266,84302,87500,92105,84250
95568,43438.0,45769,45104,-,71250,-,128125
95569,29938.0,47609,47583,-,31333,-,36250
95570,56167.0,51406,50278,51458,62679,68594,72143
95571,32092.0,31458,32344,-,-,-,-
95573,37778.0,49306,66731,73051,82614,-,43576
95585,27656.0,22222,21719,21875,25500,36806,36349
95589,53063.0,51250,-,39665,39861,42199,45074
95595,38500.0,47500,42375,-,-,-,-
95602,67439.0,73485,82397,85662,86352,96578,102063
95603,62738.0,66272,68257,72571,77571,78933,80851
95605,42450.0,45456,51303,60309,62654,68226,71361
95606,51389.0,54152,-,56413,50972,26483,-
95607,67000.0,68990,75964,76726,130000,136250,143529
95608,58433.0,61437,64059,67766,74360,79371,83638
95610,54385.0,58780,61461,65972,68868,75370,77565
95612,84000.0,79750,95000,117694,133411,130104,87031
95614,102035.0,97407,99529,105919,113285,114479,129199
95615,57880.0,58231,55881,58909,63117,67633,70438
95616,50000.0,52827,55510,61213,66205,69204,74758
95618,85354.0,92531,93643,100876,105343,105625,112454
95619,60496.0,67632,68614,57052,61250,72236,74504
95620,74053.0,78079,82956,80080,84891,94042,100224
95621,54543.0,59693,63214,66280,68246,74573,77377
95623,62026.0,63160,75669,67961,81141,94044,106190
95624,89075.0,91971,93090,100453,106600,114558,121269
95626,58108.0,73355,75481,76607,87941,89395,92708
95627,61411.0,66169,75938,81563,88671,96809,104265
95628,76063.0,81235,86181,89923,100458,110012,111582
95629,72399.0,75852,66176,-,-,41201,-
95630,106843.0,109942,114405,118006,128383,134844,139182
95631,76742.0,79000,80772,84265,89141,94706,103947
95632,68795.0,74190,76334,77351,81045,91315,90933
95633,73393.0,74362,74884,75276,69345,82963,82500
95634,50673.0,54013,52868,68672,62569,67364,67900
95635,39554.0,57899,56488,62308,64455,92758,81136
95636,47889.0,49981,50757,52639,78415,84843,89705
95638,89306.0,81500,92708,70313,98198,94167,92321
95640,67647.0,67635,67922,69648,75953,90665,94045
95641,41979.0,36932,42926,42174,46750,52035,76667
95642,53357.0,54004,62083,63453,70019,78143,85000
95645,41607.0,40500,43696,44297,52375,55758,66184
95648,78716.0,81267,88158,88167,93666,100112,108200
95650,88729.0,93783,102107,103669,108063,130869,137263
95651,77759.0,80926,176250,-,-,-,-
95652,27208.0,51250,33000,33125,27232,24766,24866
95653,59583.0,58646,41050,42985,42696,-,-
95655,78375.0,89107,86486,94028,116250,123893,130500
95658,78790.0,82781,96891,108871,106875,117118,128472
95659,52153.0,64375,54931,54833,58750,68333,67188
95660,41116.0,45328,45845,50541,55772,63429,66957
95661,78119.0,83289,86823,88966,96554,105789,103745
95662,75554.0,77993,80434,76079,86535,92507,93613
95663,102826.0,98393,106500,120742,117500,126250,157820
95664,52788.0,71921,72153,79375,83547,84333,97946
95665,68388.0,69265,82215,62688,79058,61094,72381
95666,51801.0,57813,61128,71648,70987,75558,79181
95667,61623.0,69443,71705,74324,78221,84296,90499
95668,59583.0,64375,64063,75667,72813,78333,96250
95669,71307.0,70417,79464,85758,79000,84500,90455
95670,60733.0,64784,67015,71732,79003,86905,90414
95672,95524.0,102750,103708,111034,116719,138813,145769
95673,57715.0,62604,70876,72438,80633,88866,96694
95674,80909.0,83654,104500,94722,109375,108750,109063
95677,81223.0,87014,87742,88897,94695,102549,104985
95678,65690.0,70060,73253,77437,86940,96178,104704
95681,39535.0,53362,44833,49948,66250,100147,80000
95682,81835.0,87743,87347,87974,97607,108556,115621
95683,103476.0,107395,108338,111865,131890,128264,130439
95684,56063.0,60163,50475,66702,67891,81331,78163
95685,60568.0,61270,57420,56599,56469,60158,64506
95686,38068.0,41094,33056,40333,32083,38611,43482
95687,77222.0,81586,86056,92653,95153,104135,106648
95688,82809.0,88053,94863,98579,106575,116699,115791
95689,60885.0,56146,52700,73864,-,127708,107500
95690,55404.0,56850,57619,65742,66823,71250,88173
95691,69849.0,73086,77303,80916,86675,97380,100822
95692,69953.0,72555,80357,76071,81472,79174,86488
95693,85205.0,100679,100265,100479,116741,136411,127313
95694,74744.0,82620,84949,87097,87371,101354,107415
95695,59357.0,62380,64390,68158,73131,79009,78875
95698,39706.0,-,26615,-,-,-,-
95699,113300.0,-,-,-,-,-,"250,000+"
95701,63438.0,71058,83958,85294,87625,91875,96750
95703,80650.0,82794,68359,83657,88882,93602,98734
95709,74213.0,76472,79483,71659,76644,82298,79196
95713,60256.0,64176,72746,75369,90413,98558,91329
95714,52778.0,46705,56250,57500,68194,77344,79375
95715,35000.0,50250,-,-,-,151316,158819
95717,55227.0,54643,52639,49583,57917,-,-
95720,38750.0,43750,-,-,-,-,-
95722,80380.0,98295,94071,88125,95529,115795,101023
95726,58806.0,62699,75774,75213,78326,86320,95125
95736,45238.0,-,56786,56845,34632,-,-
95742,113718.0,126348,132636,133710,141629,149613,154602
95746,130063.0,135360,147201,171325,159804,173034,182321
95747,100036.0,103895,105431,113991,119601,129469,133595
95757,95316.0,101823,105390,108507,117356,128216,133443
95758,74473.0,79885,85221,92222,96486,102306,115146
95762,127862.0,132470,142453,136203,143847,162464,165979
95765,102030.0,106554,108188,107776,110656,121847,130691
95776,70720.0,77699,81184,84856,91236,99930,104020
95811,43175.0,52145,59254,69560,71265,75826,77760
95814,34017.0,35264,33938,37595,39612,44537,46637
95815,30831.0,31467,34583,42276,45929,54747,58590
95816,61618.0,65292,72270,70448,77839,83933,90521
95817,44130.0,45410,50925,52323,48359,60362,64621
95818,74444.0,80938,84908,88101,97982,113733,120509
95819,100611.0,104414,106514,113879,114622,124916,127500
95820,46083.0,50031,51068,55003,59933,64501,69905
95821,40969.0,42290,42456,47056,51188,56019,58331
95822,50687.0,54552,57535,61988,67323,76774,80835
95823,42182.0,44981,47553,50832,53238,59547,63701
95824,31888.0,33986,38985,40979,44877,50387,53938
95825,36615.0,37956,40515,45248,50560,56604,64264
95826,56772.0,62527,64241,65967,71647,77685,77689
95827,52431.0,56064,59115,63936,70485,80810,82382
95828,47909.0,51229,53229,56190,64423,74493,77524
95829,82601.0,86483,93377,97009,102342,111523,110269
95830,61500.0,80278,101786,116838,144722,130139,135083
95831,70552.0,75632,79368,81626,86665,93449,96509
95832,45126.0,44811,47341,55734,62045,75071,78230
95833,57481.0,60455,63418,69798,74677,82694,87016
95834,57296.0,63228,64996,77404,84073,93684,98169
95835,87794.0,96743,102895,104404,106843,114201,114413
95837,225000.0,242557,219063,145833,139167,121563,176250
95838,41970.0,44849,48416,50161,53425,58253,63969
95841,42133.0,47215,50295,53866,58384,62697,62305
95842,47705.0,50412,53458,54146,56229,64269,67170
95843,71041.0,78102,81028,82000,85787,92336,94753
95864,96643.0,101446,105849,107115,112560,123535,129083
95901,48478.0,49759,54851,55128,54732,59378,68109
95903,41042.0,45250,49750,51940,51307,54265,57356
95912,65512.0,68590,69786,64923,64667,77772,80893
95914,50938.0,-,-,-,-,49286,84688
95916,32188.0,32273,33942,34050,37768,41385,42963
95917,55112.0,57917,62660,67730,71678,79458,80698
95918,81696.0,79152,73261,73977,72353,77535,55795
95919,46333.0,46995,59365,78625,83371,65703,-
95922,38125.0,59531,97764,75795,65625,50875,37250
95925,22794.0,22669,21453,21786,21189,21629,-
95926,42939.0,45782,49520,51838,54649,60932,62334
95928,45967.0,47599,52913,56204,60750,66023,65350
95930,77917.0,-,-,-,83265,-,-
95932,53342.0,50551,54167,55284,56582,62625,67589
95936,20139.0,21250,93533,-,-,106058,111643
95937,50552.0,49095,51625,41125,40688,45988,46650
95938,77206.0,82097,86111,83606,89118,98103,103229
95939,37500.0,34375,41250,46125,-,35972,35893
95941,53327.0,-,55870,58654,85462,66938,69464
95942,38224.0,-,-,174028,136595,147009,153270
95943,47383.0,58309,58594,71250,64375,64750,64167
95945,44312.0,46771,48648,51530,54469,59943,61068
95946,63036.0,65500,62434,68242,74141,78428,84700
95947,39189.0,42277,34828,43194,46023,71125,97656
95948,46058.0,53438,58254,56667,61155,63187,60759
95949,61269.0,67873,71059,80216,88730,90293,90309
95951,45795.0,43688,48500,51890,60053,56685,71331
95953,53278.0,57556,57949,59875,63993,68951,66614
95954,46287.0,47563,51263,53547,52691,58694,61808
95955,60313.0,67875,62950,47083,58523,52250,61500
95956,67566.0,110625,71438,-,74009,61182,63074
95957,53750.0,60625,63125,60625,68125,77250,79375
95959,62906.0,60985,69314,70975,71757,75625,79509
95960,33500.0,46591,36000,33910,34000,37586,40099
95961,51803.0,52728,55590,60348,67283,74819,85404
95963,44380.0,47205,49821,49937,56627,65057,68654
95965,36250.0,33561,35138,35668,40482,45406,53367
95966,42529.0,44381,47252,48228,52628,62519,63948
95968,29926.0,27195,31000,31375,32917,41875,37531
95969,48311.0,48717,51625,49681,53310,63975,72250
95970,48177.0,50188,63750,65625,78333,82054,82692
95971,49150.0,49614,53568,58523,58125,71516,83571
95973,63029.0,64517,69551,73817,80249,87667,92228
95975,52218.0,-,69082,68172,57500,78201,74954
95977,58906.0,60683,50536,62830,68103,96071,100909
95979,38056.0,39167,34625,31667,26250,33000,32321
95982,82500.0,71714,71086,84500,85347,91481,96786
95983,78229.0,-,80729,47321,47304,72596,51818
95987,58920.0,60774,66095,72500,77545,82935,92337
95988,51390.0,48493,49518,53855,57538,66023,78913
95991,44721.0,47871,50682,54564,58632,65072,64853
95993,64773.0,67384,69019,74188,78301,85863,89684
96001,48125.0,51831,55821,58673,61127,70701,70594
96002,46229.0,52693,61055,60102,66136,71608,74230
96003,48934.0,51512,53512,57301,63159,67440,71801
96006,51667.0,55000,50288,51964,38357,40882,41765
96007,41360.0,43973,49044,48996,51227,57517,65000
96008,54600.0,61900,62852,64131,78464,89706,94044
96009,65625.0,58281,45536,47153,45655,47054,50950
96010,40625.0,43393,36250,35278,-,-,-
96013,39104.0,45319,47102,47138,51105,55865,52065
96014,42917.0,34762,33813,34125,48200,-,-
96015,40795.0,40993,-,-,-,44918,44894
96017,40000.0,42143,45750,35208,36250,42500,46500
96019,49911.0,52135,49583,48586,50694,53776,60972
96020,47941.0,56194,61250,67208,67284,85536,82123
96021,43336.0,43032,46050,45455,47914,56724,58125
96022,52049.0,50625,55049,63606,69052,81150,87220
96023,31420.0,31481,31322,33403,38125,37438,36014
96024,40938.0,41397,40563,48125,48419,51971,46964
96025,37361.0,33857,35602,36538,37546,41703,43714
96027,51115.0,57202,64865,56801,57250,59688,69559
96028,38548.0,41897,42051,40688,-,59722,61851
96031,25536.0,23750,22500,23500,24250,26000,35250
96032,45143.0,46213,48036,51380,54362,62581,69953
96033,37750.0,42500,43047,44167,45000,47083,41875
96034,27500.0,33125,39219,43750,44375,54250,56875
96035,39639.0,41250,45417,33750,37639,49527,51336
96038,39583.0,47632,54423,52375,60028,56857,58787
96039,33092.0,35197,36213,33523,33929,38295,40333
96040,44167.0,-,74479,80875,75417,-,-
96041,30804.0,28880,32024,29198,38062,40354,46914
96044,39926.0,43026,47228,51786,56510,57981,55750
96047,45909.0,43750,45833,60000,67000,91250,119922
96048,47813.0,50338,53629,52950,55828,61061,63199
96050,28333.0,24938,24598,28438,31518,36354,36450
96051,40375.0,46328,54500,55966,59375,64329,63000
96052,34390.0,34669,43250,50729,51534,56635,56734
96054,35208.0,39231,41667,42386,56875,67823,71917
96055,44073.0,47798,48103,61864,62453,55833,53657
96056,55757.0,52019,55000,59650,63500,76771,88359
96057,47531.0,40469,36635,43487,43839,45625,46250
96058,35375.0,36838,41563,39821,59643,55662,46196
96059,36597.0,39514,41375,108102,117537,128272,-
96061,103472.0,-,-,-,-,-,-
96062,63571.0,60833,60625,78684,89286,98750,110781
96063,49766.0,49625,48859,51250,44750,-,85455
96064,45399.0,48489,49604,50191,53204,58596,59602
96065,43750.0,35000,47250,-,62813,77981,65000
96067,39275.0,47964,47150,49324,55053,59093,63222
96069,47750.0,54676,66875,65417,68393,63807,74107
96071,68542.0,71071,-,-,-,-,-
96073,79940.0,85694,92222,101576,106888,114301,123237
96075,31875.0,15391,16875,-,17500,-,66000
96076,27361.0,38333,28194,27619,29219,26321,26058
96080,38740.0,41617,41316,49259,52489,58654,63365
96085,86875.0,-,-,53125,-,-,101667
96086,34500.0,41667,45750,41917,36875,46146,55208
96087,33836.0,40147,40329,41875,80903,97083,101447
96088,46553.0,48056,51039,53654,65298,65725,71494
96091,51429.0,47500,50547,44922,43611,47031,59432
96093,40718.0,42364,46039,45208,42168,49842,72793
96094,51726.0,51862,51857,54451,52759,62279,65139
96096,49545.0,53125,51786,54844,56250,54286,60547
96097,35443.0,42332,44782,42559,47042,49281,47105
96101,36450.0,42097,44500,50845,51634,54863,57117
96103,57450.0,65234,67386,68526,71612,66875,66725
96104,50469.0,43438,41250,41184,43974,47404,51484
96105,45959.0,46161,-,41563,-,-,-
96106,84107.0,86250,70455,-,-,76771,-
96107,56719.0,55938,49909,43750,38986,43800,45605
96109,39653.0,42202,56210,63218,50455,49500,50556
96110,55313.0,59250,59063,61875,98250,-,69250
96112,40417.0,44500,42813,31406,34821,-,36750
96113,46397.0,48824,49198,49287,50742,46825,54922
96114,75250.0,87639,92759,73319,67375,63984,70000
96117,34306.0,37647,39559,53125,57366,64605,101250
96118,43695.0,46822,53929,53986,57363,62099,44417
96120,62132.0,59625,59643,68250,75500,92917,100909
96121,85395.0,87596,90545,73150,77700,83466,87826
96122,44883.0,52083,55435,49167,50155,53764,52096
96123,35625.0,35250,66875,-,33906,-,39167
96125,159167.0,114297,111250,96406,66932,74917,76875
96128,57813.0,64423,65577,76902,78488,86771,89340
96130,54702.0,56369,56949,56458,64566,66725,71125
96132,42917.0,31250,32188,30714,33750,40250,43125
96134,39412.0,38500,34896,44550,44924,49327,47609
96137,51964.0,55043,49191,47697,49759,59280,63480
96140,51100.0,53239,62500,88920,113750,129063,185104
96141,54083.0,67679,69231,69688,115104,127045,121875
96142,81000.0,74630,71184,70278,60625,65625,87969
96143,47575.0,47946,51222,51500,54338,50693,65841
96145,71576.0,72431,73875,84648,117150,120714,121875
96146,73105.0,80000,76851,78409,85938,112500,114145
96148,70833.0,73214,73611,81833,84866,96786,82692
96150,53060.0,56321,57396,62541,68082,76980,83738
96161,89091.0,93971,98924,100205,107321,113433,128535
