,ZIP Code,< -$100,-$100 to -$50,-$50 to -$0,$0 to $50,$50 to $100,> $100,n_decrease,n_increase,ratio_inc_to_dec
2,90004,1,2,4,72,0,0,7,72,0.09722222222222222
3,90005,0,0,0,10,0,0,0,10,0.0
4,90006,0,0,0,9,0,0,0,9,0.0
5,90007,0,0,0,12,0,0,0,12,0.0
6,90008,0,0,0,32,0,0,0,32,0.0
10,90016,0,0,1,263,1,0,1,264,0.003787878787878788
12,90018,1,0,0,20,0,0,1,20,0.05
13,90019,4,1,4,405,0,0,9,405,0.022222222222222223
14,90020,0,0,0,31,0,0,0,31,0.0
17,90024,0,0,15,45,0,0,15,45,0.3333333333333333
18,90025,2,0,6,24,0,0,8,24,0.3333333333333333
19,90026,0,0,6,47,0,0,6,47,0.1276595744680851
20,90027,3,0,25,78,0,0,28,78,0.358974358974359
21,90028,0,0,0,8,0,0,0,8,0.0
22,90029,0,3,23,14,0,0,26,14,1.8571428571428572
23,90031,2,0,2,17,0,0,4,17,0.23529411764705882
24,90032,0,0,4,3,0,0,4,3,1.3333333333333333
26,90034,0,0,0,38,0,0,0,38,0.0
27,90035,0,0,0,33,0,0,0,33,0.0
28,90036,0,0,0,26,0,0,0,26,0.0
30,90038,0,0,0,8,0,0,0,8,0.0
31,90039,0,4,22,129,0,0,26,129,0.20155038759689922
32,90041,0,0,0,29,0,0,0,29,0.0
33,90042,0,1,3,31,0,0,4,31,0.12903225806451613
34,90043,1,1,5,60,0,0,7,60,0.11666666666666667
35,90044,0,0,1,9,0,0,1,9,0.1111111111111111
36,90045,0,1,0,23,0,0,1,23,0.043478260869565216
37,90046,24,10,25,236,0,0,59,236,0.25
38,90047,0,1,9,167,0,0,10,167,0.059880239520958084
39,90048,0,0,0,56,0,0,0,56,0.0
40,90049,8,3,24,366,0,0,35,366,0.09562841530054644
41,90056,0,0,0,17,0,0,0,17,0.0
45,90064,10,15,106,171,0,0,131,171,0.7660818713450293
46,90065,0,0,0,42,0,0,0,42,0.0
47,90066,0,0,3,99,0,0,3,99,0.030303030303030304
49,90068,5,4,16,207,0,0,25,207,0.12077294685990338
50,90069,0,1,15,126,0,0,16,126,0.12698412698412698
52,90077,13,2,25,170,0,0,40,170,0.23529411764705882
53,90094,0,0,0,12,0,0,0,12,0.0
54,90201,0,0,0,6,0,0,0,6,0.0
55,90210,13,8,18,356,0,0,39,356,0.10955056179775281
56,90211,0,0,0,9,0,0,0,9,0.0
57,90212,0,0,1,16,0,0,1,16,0.0625
58,90220,0,0,0,12,0,0,0,12,0.0
59,90221,0,0,0,19,0,0,0,19,0.0
60,90222,0,0,0,5,0,0,0,5,0.0
61,90230,0,0,0,46,0,0,0,46,0.0
62,90232,0,0,0,23,0,0,0,23,0.0
63,90240,0,2,1,38,0,0,3,38,0.07894736842105263
64,90241,0,1,1,31,0,0,2,31,0.06451612903225806
65,90242,0,0,1,16,0,0,1,16,0.0625
66,90245,0,0,0,14,0,0,0,14,0.0
67,90247,0,0,0,9,0,0,0,9,0.0
69,90249,0,0,0,5,0,0,0,5,0.0
70,90250,0,0,1,12,0,0,1,12,0.08333333333333333
71,90254,0,0,0,59,0,0,0,59,0.0
73,90260,0,0,0,7,0,0,0,7,0.0
74,90262,0,1,25,45,0,0,26,45,0.5777777777777777
76,90265,403,56,65,348,12,0,524,360,1.4555555555555555
77,90266,0,0,5,106,0,0,5,106,0.04716981132075472
78,90272,53,8,21,128,0,0,82,128,0.640625
79,90274,7,0,7,78,0,0,14,78,0.1794871794871795
80,90275,0,1,4,48,0,0,5,48,0.10416666666666667
81,90277,1,0,0,32,0,0,1,32,0.03125
82,90278,0,0,0,29,0,0,0,29,0.0
83,90280,0,0,0,11,0,0,0,11,0.0
84,90290,14,5,5,49,0,0,24,49,0.4897959183673469
85,90291,0,0,1,287,0,0,1,287,0.003484320557491289
86,90292,0,0,0,109,0,0,0,109,0.0
87,90293,1,0,0,26,0,0,1,26,0.038461538461538464
92,90305,0,0,0,6,0,0,0,6,0.0
93,90401,0,0,0,9,0,0,0,9,0.0
94,90402,0,3,2,152,0,0,5,152,0.03289473684210526
95,90403,0,0,2,23,0,0,2,23,0.08695652173913043
97,90405,0,0,0,55,0,0,0,55,0.0
98,90501,0,0,0,16,0,0,0,16,0.0
99,90502,0,0,0,5,0,0,0,5,0.0
100,90503,0,0,0,15,0,0,0,15,0.0
101,90504,0,0,0,13,0,0,0,13,0.0
102,90505,0,0,1,27,0,0,1,27,0.037037037037037035
103,90601,1,0,4,11,0,0,5,11,0.45454545454545453
105,90603,0,2,0,7,0,0,2,7,0.2857142857142857
106,90604,0,0,0,7,0,0,0,7,0.0
107,90605,0,0,1,9,0,0,1,9,0.1111111111111111
108,90606,0,0,13,27,0,0,13,27,0.48148148148148145
109,90620,0,0,0,14,0,0,0,14,0.0
110,90621,0,0,0,29,0,0,0,29,0.0
111,90623,0,0,0,23,0,0,0,23,0.0
112,90630,0,0,3,59,0,0,3,59,0.05084745762711865
113,90631,1,12,18,79,0,0,31,79,0.3924050632911392
114,90638,1,1,0,18,0,0,2,18,0.1111111111111111
115,90640,0,0,0,14,0,0,0,14,0.0
116,90650,0,0,0,25,0,0,0,25,0.0
117,90660,2,1,2,55,0,0,5,55,0.09090909090909091
118,90670,0,0,0,5,0,0,0,5,0.0
119,90680,0,0,0,7,0,0,0,7,0.0
121,90703,0,0,0,56,0,0,0,56,0.0
122,90704,6,3,2,19,0,0,11,19,0.5789473684210527
123,90706,0,0,0,35,0,0,0,35,0.0
124,90710,0,0,0,9,0,0,0,9,0.0
125,90712,0,0,0,37,0,0,0,37,0.0
126,90713,0,0,0,41,0,0,0,41,0.0
127,90715,0,0,0,18,0,0,0,18,0.0
129,90717,0,0,0,6,0,0,0,6,0.0
130,90720,0,0,0,79,0,0,0,79,0.0
131,90723,0,0,0,13,0,0,0,13,0.0
132,90731,0,1,0,13,0,0,1,13,0.07692307692307693
133,90732,0,0,1,20,0,0,1,20,0.05
134,90740,1,0,0,217,0,0,1,217,0.004608294930875576
135,90742,0,0,2,72,0,0,2,72,0.027777777777777776
136,90743,0,2,0,55,0,0,2,55,0.03636363636363636
137,90744,0,0,0,9,0,0,0,9,0.0
138,90745,0,0,0,16,0,0,0,16,0.0
139,90746,0,0,1,28,0,0,1,28,0.03571428571428571
140,90755,0,0,1,7,0,0,1,7,0.14285714285714285
141,90802,0,0,0,5,0,0,0,5,0.0
142,90803,110,102,183,1064,0,0,395,1064,0.37124060150375937
143,90804,0,0,0,5,0,0,0,5,0.0
144,90805,0,0,0,52,0,0,0,52,0.0
145,90806,0,0,0,37,0,0,0,37,0.0
146,90807,0,0,8,27,0,0,8,27,0.2962962962962963
147,90808,0,0,2,147,0,0,2,147,0.013605442176870748
148,90810,0,0,2,33,0,0,2,33,0.06060606060606061
150,90814,0,2,2,57,0,0,4,57,0.07017543859649122
151,90815,1,1,0,167,0,0,2,167,0.011976047904191617
152,91001,3,1,0,64,0,0,4,64,0.0625
153,91006,0,0,0,15,0,0,0,15,0.0
156,91010,1,1,4,18,0,0,6,18,0.3333333333333333
157,91011,2,1,0,87,0,0,3,87,0.034482758620689655
158,91016,2,0,0,20,0,0,2,20,0.1
159,91020,0,0,0,5,0,0,0,5,0.0
161,91024,0,0,1,29,0,0,1,29,0.034482758620689655
162,91030,0,0,9,19,0,0,9,19,0.47368421052631576
163,91040,4,1,8,44,0,0,13,44,0.29545454545454547
164,91042,3,1,2,25,0,0,6,25,0.24
166,91103,0,0,0,23,0,0,0,23,0.0
167,91104,0,0,0,16,0,0,0,16,0.0
168,91105,0,0,4,47,0,0,4,47,0.0851063829787234
169,91106,0,0,0,13,0,0,0,13,0.0
170,91107,0,0,0,41,0,0,0,41,0.0
171,91108,0,0,0,15,0,0,0,15,0.0
172,91201,0,0,0,24,0,0,0,24,0.0
173,91202,0,0,1,10,0,0,1,10,0.1
177,91206,3,1,1,21,0,0,5,21,0.23809523809523808
178,91207,0,0,0,10,0,0,0,10,0.0
179,91208,2,2,3,19,0,0,7,19,0.3684210526315789
180,91214,0,0,3,54,0,0,3,54,0.05555555555555555
181,91301,6,0,6,151,1,0,12,152,0.07894736842105263
182,91302,36,14,7,146,0,0,57,146,0.3904109589041096
183,91303,0,0,0,5,0,0,0,5,0.0
184,91304,1,1,1,41,0,0,3,41,0.07317073170731707
185,91306,0,0,0,19,0,0,0,19,0.0
186,91307,0,1,0,57,0,0,1,57,0.017543859649122806
187,91311,3,2,3,43,0,0,8,43,0.18604651162790697
188,91316,1,1,3,115,0,0,5,115,0.043478260869565216
189,91320,18,25,10,97,0,0,53,97,0.5463917525773195
190,91321,11,10,22,152,0,0,43,152,0.28289473684210525
191,91324,1,0,1,23,0,0,2,23,0.08695652173913043
192,91325,0,0,0,28,0,0,0,28,0.0
193,91326,0,1,2,35,0,0,3,35,0.08571428571428572
195,91335,0,0,1,22,0,0,1,22,0.045454545454545456
197,91342,0,1,7,55,0,0,8,55,0.14545454545454545
198,91343,0,0,0,22,0,0,0,22,0.0
199,91344,1,0,4,38,0,0,5,38,0.13157894736842105
200,91345,0,0,0,6,0,0,0,6,0.0
201,91350,1,0,1,6,0,0,2,6,0.3333333333333333
202,91351,3,2,1,33,0,0,6,33,0.18181818181818182
203,91352,9,8,4,21,0,0,21,21,1.0
204,91354,3,2,1,3,0,0,6,3,2.0
205,91355,1,0,1,19,0,0,2,19,0.10526315789473684
206,91356,1,0,17,103,0,0,18,103,0.17475728155339806
207,91360,0,3,2,84,0,0,5,84,0.05952380952380952
208,91361,5,2,5,118,0,0,12,118,0.1016949152542373
209,91362,0,0,2,109,0,0,2,109,0.01834862385321101
210,91364,1,0,12,99,0,0,13,99,0.13131313131313133
211,91367,0,0,2,64,0,0,2,64,0.03125
212,91377,1,4,2,58,0,0,7,58,0.1206896551724138
213,91381,4,0,1,1,0,0,5,1,5.0
214,91384,7,8,47,74,0,0,62,74,0.8378378378378378
215,91387,6,3,6,122,0,0,15,122,0.12295081967213115
216,91390,9,9,31,87,0,1,49,88,0.5568181818181818
217,91401,0,0,0,39,0,0,0,39,0.0
219,91403,1,0,3,122,0,0,4,122,0.03278688524590164
220,91405,0,0,0,21,0,0,0,21,0.0
221,91406,0,0,1,43,0,0,1,43,0.023255813953488372
222,91411,0,0,0,15,0,0,0,15,0.0
223,91423,1,1,0,179,0,0,2,179,0.0111731843575419
224,91436,4,2,10,139,0,0,16,139,0.11510791366906475
225,91501,1,10,16,11,0,0,27,11,2.4545454545454546
226,91504,2,1,0,13,0,0,3,13,0.23076923076923078
227,91505,0,0,1,27,0,0,1,27,0.037037037037037035
228,91506,0,0,0,23,0,0,0,23,0.0
229,91601,0,0,0,22,0,0,0,22,0.0
230,91602,0,0,0,47,0,0,0,47,0.0
231,91604,1,1,10,237,0,0,12,237,0.05063291139240506
232,91605,1,2,0,16,0,0,3,16,0.1875
233,91606,0,0,0,9,0,0,0,9,0.0
234,91607,1,0,0,43,0,0,1,43,0.023255813953488372
235,91701,7,0,2,21,0,0,9,21,0.42857142857142855
236,91702,0,0,0,9,0,0,0,9,0.0
237,91706,0,0,0,7,0,0,0,7,0.0
239,91709,1,1,1,16,0,0,3,16,0.1875
240,91710,2,0,0,17,0,0,2,17,0.11764705882352941
241,91711,0,0,1,38,0,0,1,38,0.02631578947368421
243,91724,0,0,0,9,0,0,0,9,0.0
244,91730,7,16,16,31,0,0,39,31,1.2580645161290323
247,91737,1,1,1,19,0,0,3,19,0.15789473684210525
248,91739,0,0,0,15,0,0,0,15,0.0
249,91740,0,0,0,10,0,0,0,10,0.0
250,91741,3,1,1,35,0,0,5,35,0.14285714285714285
252,91745,0,0,0,10,0,0,0,10,0.0
254,91748,0,0,0,9,0,0,0,9,0.0
255,91750,0,0,0,15,0,0,0,15,0.0
256,91752,0,0,1,129,0,0,1,129,0.007751937984496124
257,91754,0,0,0,14,0,0,0,14,0.0
259,91759,1,1,0,12,0,0,2,12,0.16666666666666666
260,91761,0,0,0,9,0,0,0,9,0.0
261,91762,0,0,0,6,0,0,0,6,0.0
263,91764,0,0,0,11,0,0,0,11,0.0
264,91765,0,0,1,16,0,0,1,16,0.0625
266,91770,0,0,0,5,0,0,0,5,0.0
267,91773,0,1,1,7,0,0,2,7,0.2857142857142857
270,91784,0,0,0,29,0,0,0,29,0.0
271,91786,1,3,1,14,0,0,5,14,0.35714285714285715
272,91789,1,0,0,9,0,0,1,9,0.1111111111111111
274,91791,3,0,0,13,0,0,3,13,0.23076923076923078
278,91901,1,2,5,12,0,0,8,12,0.6666666666666666
279,91902,2,0,2,39,0,0,4,39,0.10256410256410256
281,91910,0,0,3,27,0,0,3,27,0.1111111111111111
282,91911,1,1,3,28,0,0,5,28,0.17857142857142858
283,91913,0,0,3,5,0,0,3,5,0.6
284,91914,0,0,1,6,0,0,1,6,0.16666666666666666
285,91915,0,0,1,8,0,0,1,8,0.125
286,91916,0,0,1,4,0,0,1,4,0.25
288,91932,0,0,0,78,0,0,0,78,0.0
289,91935,2,1,1,5,0,0,4,5,0.8
290,91941,2,4,8,42,0,0,14,42,0.3333333333333333
291,91942,0,0,3,19,0,0,3,19,0.15789473684210525
292,91945,1,0,1,8,0,0,2,8,0.25
293,91950,17,3,6,29,0,0,26,29,0.896551724137931
294,91962,1,0,0,5,0,0,1,5,0.2
296,91977,8,6,5,39,0,0,19,39,0.48717948717948717
297,91978,1,1,1,6,0,0,3,6,0.5
299,92003,0,0,0,8,0,0,0,8,0.0
300,92004,1,1,45,326,0,0,47,326,0.1441717791411043
301,92007,0,0,3,16,0,0,3,16,0.1875
302,92008,0,1,2,39,0,0,3,39,0.07692307692307693
303,92009,1,1,8,59,0,0,10,59,0.1694915254237288
304,92010,0,1,8,18,0,0,9,18,0.5
305,92011,0,0,11,21,0,0,11,21,0.5238095238095238
306,92014,13,2,16,157,0,0,31,157,0.19745222929936307
307,92019,1,6,3,46,0,0,10,46,0.21739130434782608
308,92020,1,4,2,32,0,0,7,32,0.21875
309,92021,4,2,2,54,0,0,8,54,0.14814814814814814
310,92024,3,0,14,78,0,0,17,78,0.21794871794871795
311,92025,2,0,6,16,0,0,8,16,0.5
312,92026,4,3,5,38,0,0,12,38,0.3157894736842105
313,92027,4,11,169,188,0,0,184,188,0.9787234042553191
314,92028,4,4,15,61,0,0,23,61,0.3770491803278688
315,92029,0,0,3,18,0,0,3,18,0.16666666666666666
317,92037,2,2,41,140,0,0,45,140,0.32142857142857145
318,92040,11,6,9,102,0,0,26,102,0.2549019607843137
319,92054,0,2,3,355,0,0,5,355,0.014084507042253521
320,92056,6,4,21,29,0,0,31,29,1.0689655172413792
321,92057,2,0,8,94,0,0,10,94,0.10638297872340426
322,92058,0,0,7,304,0,0,7,304,0.023026315789473683
323,92061,0,0,0,9,0,0,0,9,0.0
324,92064,28,41,28,160,0,0,97,160,0.60625
325,92065,2,3,14,136,0,0,19,136,0.13970588235294118
326,92067,0,0,17,42,0,0,17,42,0.40476190476190477
327,92069,5,4,4,35,0,0,13,35,0.37142857142857144
328,92071,0,0,1,63,0,0,1,63,0.015873015873015872
329,92075,1,2,0,33,0,0,3,33,0.09090909090909091
330,92078,1,0,3,39,0,0,4,39,0.10256410256410256
331,92081,0,1,5,14,0,0,6,14,0.42857142857142855
332,92082,2,3,2,39,1,0,7,40,0.175
333,92083,4,2,6,22,0,0,12,22,0.5454545454545454
334,92084,1,2,7,44,0,0,10,44,0.22727272727272727
335,92091,1,1,6,32,0,0,8,32,0.25
338,92102,8,1,4,38,0,0,13,38,0.34210526315789475
339,92103,5,0,19,20,0,0,24,20,1.2
340,92104,0,0,2,20,0,0,2,20,0.1
341,92105,7,1,10,27,0,0,18,27,0.6666666666666666
342,92106,1,0,14,29,0,0,15,29,0.5172413793103449
343,92107,8,4,5,42,0,0,17,42,0.40476190476190477
344,92108,0,0,0,19,0,0,0,19,0.0
345,92109,1,0,6,247,0,0,7,247,0.02834008097165992
346,92110,0,0,3,70,0,0,3,70,0.04285714285714286
347,92111,0,0,5,13,0,0,5,13,0.38461538461538464
348,92113,20,7,20,95,1,0,47,96,0.4895833333333333
349,92114,12,8,8,52,0,0,28,52,0.5384615384615384
350,92115,0,0,8,21,0,0,8,21,0.38095238095238093
351,92116,0,0,8,10,0,0,8,10,0.8
352,92117,7,1,12,46,0,0,20,46,0.43478260869565216
353,92118,1,0,1,232,0,0,2,232,0.008620689655172414
354,92119,0,0,1,21,0,0,1,21,0.047619047619047616
355,92120,0,0,8,24,0,0,8,24,0.3333333333333333
357,92122,0,0,0,26,0,0,0,26,0.0
358,92123,0,0,7,10,0,0,7,10,0.7
359,92124,1,0,8,10,0,0,9,10,0.9
360,92126,0,0,3,20,0,0,3,20,0.15
361,92127,0,0,10,36,0,0,10,36,0.2777777777777778
362,92128,1,1,10,57,0,0,12,57,0.21052631578947367
363,92129,0,0,4,37,0,0,4,37,0.10810810810810811
364,92130,0,0,18,61,0,0,18,61,0.29508196721311475
365,92131,0,0,10,29,0,0,10,29,0.3448275862068966
366,92139,6,2,3,8,0,0,11,8,1.375
367,92154,6,2,17,52,0,0,25,52,0.4807692307692308
369,92201,0,0,1,40,0,0,1,40,0.025
370,92203,3,11,77,466,0,0,91,466,0.19527896995708155
371,92210,0,0,0,132,0,0,0,132,0.0
372,92211,5,6,2,92,0,0,13,92,0.14130434782608695
373,92220,1,0,0,7,0,0,1,7,0.14285714285714285
374,92223,4,5,14,40,0,0,23,40,0.575
376,92230,1,3,0,13,0,0,4,13,0.3076923076923077
379,92234,7,18,26,101,0,0,51,101,0.504950495049505
380,92240,0,10,54,231,0,0,64,231,0.27705627705627706
381,92241,1,5,40,144,0,0,46,144,0.3194444444444444
382,92243,1,0,1,4,0,0,2,4,0.5
385,92252,4,2,4,10,0,0,10,10,1.0
386,92253,0,0,3,358,0,0,3,358,0.008379888268156424
387,92254,0,2,3,0,0,0,5,0,inf
388,92256,12,7,18,15,0,0,37,15,2.466666666666667
390,92259,5,2,0,2,0,0,7,2,3.5
391,92260,2,1,2,113,0,0,5,113,0.04424778761061947
392,92262,0,1,2,90,0,0,3,90,0.03333333333333333
393,92264,1,1,0,144,0,0,2,144,0.013888888888888888
394,92270,0,0,0,76,0,0,0,76,0.0
395,92274,1,3,4,23,0,0,8,23,0.34782608695652173
396,92276,0,10,240,480,0,0,250,480,0.5208333333333334
397,92277,0,18,126,291,0,0,144,291,0.4948453608247423
400,92283,3,0,0,7,0,0,3,7,0.42857142857142855
401,92284,21,9,16,48,0,0,46,48,0.9583333333333334
403,92301,1,3,4,3,0,0,8,3,2.6666666666666665
404,92307,8,5,16,89,0,0,29,89,0.3258426966292135
405,92308,1,0,1,33,0,0,2,33,0.06060606060606061
406,92311,4,23,17,38,0,0,44,38,1.1578947368421053
408,92314,16,7,17,54,0,0,40,54,0.7407407407407407
409,92315,1,0,3,22,0,0,4,22,0.18181818181818182
412,92320,0,0,0,18,0,0,0,18,0.0
415,92324,2,1,6,27,0,0,9,27,0.3333333333333333
416,92325,5,3,2,4,0,0,10,4,2.5
419,92333,2,0,1,3,0,0,3,3,1.0
420,92335,0,31,153,64,0,0,184,64,2.875
421,92336,0,0,0,10,0,0,0,10,0.0
422,92337,0,0,0,5,0,0,0,5,0.0
423,92339,8,2,3,58,0,0,13,58,0.22413793103448276
424,92341,2,0,3,1,0,0,5,1,5.0
426,92345,15,13,16,101,0,0,44,101,0.43564356435643564
427,92346,1,6,5,59,0,0,12,59,0.2033898305084746
428,92352,10,3,2,14,0,0,15,14,1.0714285714285714
429,92354,0,0,0,15,0,0,0,15,0.0
430,92358,3,1,0,25,0,0,4,25,0.16
431,92359,2,0,1,12,0,0,3,12,0.25
432,92363,3,1,1,16,0,0,5,16,0.3125
434,92371,0,3,25,51,0,0,28,51,0.5490196078431373
435,92372,0,2,6,42,0,0,8,42,0.19047619047619047
436,92373,1,0,1,35,0,0,2,35,0.05714285714285714
437,92374,4,4,12,100,0,0,20,100,0.2
438,92376,0,1,0,8,0,0,1,8,0.125
439,92377,0,0,0,6,0,0,0,6,0.0
442,92392,0,0,1,8,0,0,1,8,0.125
443,92394,0,1,2,9,0,0,3,9,0.3333333333333333
444,92395,1,1,1,22,0,0,3,22,0.13636363636363635
445,92397,22,17,33,149,0,0,72,149,0.48322147651006714
447,92399,5,2,5,62,0,0,12,62,0.1935483870967742
448,92404,8,3,8,41,0,0,19,41,0.4634146341463415
449,92405,13,3,0,2,0,0,16,2,8.0
450,92407,3,3,2,35,0,0,8,35,0.22857142857142856
451,92408,2,0,1,5,0,0,3,5,0.6
452,92410,1,1,0,8,0,0,2,8,0.25
454,92501,1,0,0,10,0,0,1,10,0.1
455,92503,0,0,0,16,0,0,0,16,0.0
456,92504,0,1,1,15,0,0,2,15,0.13333333333333333
457,92505,0,0,0,6,0,0,0,6,0.0
458,92506,0,0,0,31,0,0,0,31,0.0
459,92507,3,3,4,23,0,0,10,23,0.43478260869565216
461,92509,0,0,2,22,0,0,2,22,0.09090909090909091
462,92530,7,8,13,99,0,0,28,99,0.2828282828282828
463,92532,0,1,0,13,0,0,1,13,0.07692307692307693
466,92543,4,5,0,37,0,0,9,37,0.24324324324324326
467,92544,1,1,2,28,1,0,4,29,0.13793103448275862
468,92545,2,3,12,51,0,0,17,51,0.3333333333333333
469,92548,1,4,3,2,0,0,8,2,4.0
470,92549,3,0,2,9,0,0,5,9,0.5555555555555556
471,92551,4,3,1,21,0,0,8,21,0.38095238095238093
472,92553,1,2,0,19,0,0,3,19,0.15789473684210525
473,92555,0,1,0,29,0,0,1,29,0.034482758620689655
474,92557,0,0,0,19,0,0,0,19,0.0
475,92561,1,1,1,2,0,0,3,2,1.5
476,92562,3,0,0,47,0,0,3,47,0.06382978723404255
477,92563,1,0,0,12,0,0,1,12,0.08333333333333333
478,92567,0,0,0,7,0,0,0,7,0.0
479,92570,1,2,3,6,0,0,6,6,1.0
480,92571,0,0,0,73,0,0,0,73,0.0
481,92582,0,0,0,21,4,0,0,25,0.0
482,92583,1,1,1,94,0,0,3,94,0.031914893617021274
483,92584,0,0,0,27,0,0,0,27,0.0
484,92585,1,0,0,22,0,0,1,22,0.045454545454545456
485,92586,0,0,0,21,0,0,0,21,0.0
486,92587,0,0,0,12,0,0,0,12,0.0
487,92590,0,0,1,4,0,0,1,4,0.25
488,92591,0,0,0,12,0,0,0,12,0.0
489,92592,1,1,1,34,0,0,3,34,0.08823529411764706
490,92595,1,0,0,12,0,0,1,12,0.08333333333333333
491,92596,2,2,3,7,0,0,7,7,1.0
492,92602,0,0,0,10,0,0,0,10,0.0
493,92603,0,0,1,20,0,0,1,20,0.05
494,92604,0,0,0,20,0,0,0,20,0.0
495,92606,0,0,0,9,0,0,0,9,0.0
496,92610,0,0,0,9,0,0,0,9,0.0
497,92612,0,0,0,9,0,0,0,9,0.0
498,92614,0,0,0,18,0,0,0,18,0.0
500,92618,0,0,0,11,0,0,0,11,0.0
501,92620,0,0,0,31,0,0,0,31,0.0
502,92624,3,1,3,115,0,0,7,115,0.06086956521739131
503,92625,0,0,3,54,0,0,3,54,0.05555555555555555
504,92626,0,0,0,100,0,0,0,100,0.0
505,92627,1,0,0,29,0,0,1,29,0.034482758620689655
506,92629,1,1,5,68,0,0,7,68,0.10294117647058823
507,92630,3,1,1,54,0,0,5,54,0.09259259259259259
508,92637,0,0,0,7,0,0,0,7,0.0
509,92646,0,4,21,790,0,0,25,790,0.03164556962025317
510,92647,318,130,235,377,0,0,683,377,1.8116710875331565
511,92648,23,29,23,180,0,0,75,180,0.4166666666666667
512,92649,109,100,122,733,0,0,331,733,0.451568894952251
513,92651,19,12,65,226,0,0,96,226,0.4247787610619469
514,92653,0,0,0,24,0,0,0,24,0.0
516,92656,0,0,1,18,0,0,1,18,0.05555555555555555
517,92657,0,0,4,27,0,0,4,27,0.14814814814814814
518,92660,5,5,18,88,0,0,28,88,0.3181818181818182
519,92661,0,2,8,230,0,0,10,230,0.043478260869565216
520,92662,8,3,42,241,0,0,53,241,0.21991701244813278
521,92663,1,4,7,374,0,0,12,374,0.03208556149732621
522,92672,2,0,4,49,0,0,6,49,0.12244897959183673
523,92673,0,0,1,32,0,0,1,32,0.03125
524,92675,5,1,6,141,0,0,12,141,0.0851063829787234
525,92676,4,6,7,115,1,0,17,116,0.14655172413793102
526,92677,0,2,20,60,0,0,22,60,0.36666666666666664
527,92679,1,6,14,69,0,0,21,69,0.30434782608695654
528,92683,108,118,81,122,0,0,307,122,2.5163934426229506
529,92688,0,0,0,18,0,0,0,18,0.0
530,92691,0,0,3,47,0,0,3,47,0.06382978723404255
531,92692,0,1,0,35,0,0,1,35,0.02857142857142857
532,92694,0,0,5,20,0,0,5,20,0.25
534,92703,128,140,65,36,0,0,333,36,9.25
535,92704,42,49,38,64,0,0,129,64,2.015625
536,92705,0,0,5,55,0,0,5,55,0.09090909090909091
537,92706,31,9,12,54,0,0,52,54,0.9629629629629629
538,92707,0,0,0,17,0,0,0,17,0.0
539,92708,52,62,76,219,0,0,190,219,0.867579908675799
540,92780,0,0,0,27,0,0,0,27,0.0
541,92782,0,0,1,19,0,0,1,19,0.05263157894736842
542,92801,0,0,3,13,0,0,3,13,0.23076923076923078
543,92802,0,1,0,4,0,0,1,4,0.25
544,92804,0,4,14,41,0,0,18,41,0.43902439024390244
545,92805,0,0,2,15,0,0,2,15,0.13333333333333333
546,92806,0,2,8,27,0,0,10,27,0.37037037037037035
547,92807,1,6,28,77,0,0,35,77,0.45454545454545453
548,92808,0,0,3,9,0,0,3,9,0.3333333333333333
549,92821,0,0,2,16,0,0,2,16,0.125
551,92831,0,1,4,21,0,0,5,21,0.23809523809523808
552,92832,0,6,2,7,0,0,8,7,1.1428571428571428
553,92833,3,14,53,28,0,0,70,28,2.5
554,92835,0,2,3,24,0,0,5,24,0.20833333333333334
555,92840,113,79,45,32,0,0,237,32,7.40625
556,92841,0,1,0,18,0,0,1,18,0.05555555555555555
557,92843,156,119,71,43,0,0,346,43,8.046511627906977
558,92844,0,0,0,7,0,0,0,7,0.0
559,92845,0,1,0,52,0,0,1,52,0.019230769230769232
560,92860,2,5,1,23,0,0,8,23,0.34782608695652173
561,92861,0,6,19,19,0,0,25,19,1.3157894736842106
562,92865,0,0,2,20,0,0,2,20,0.1
563,92866,0,0,0,11,0,0,0,11,0.0
564,92867,0,0,3,37,0,0,3,37,0.08108108108108109
565,92868,0,0,0,8,0,0,0,8,0.0
566,92869,2,0,4,60,0,0,6,60,0.1
567,92870,29,2,6,23,0,0,37,23,1.608695652173913
568,92879,0,0,0,8,0,0,0,8,0.0
569,92880,0,0,0,26,0,0,0,26,0.0
570,92881,3,0,5,10,0,0,8,10,0.8
571,92882,0,2,2,25,0,0,4,25,0.16
572,92883,0,0,0,31,0,0,0,31,0.0
573,92886,1,2,4,40,0,0,7,40,0.175
574,92887,1,0,0,34,0,0,1,34,0.029411764705882353
575,93001,29,13,28,473,1,0,70,474,0.14767932489451477
576,93003,1,2,3,91,0,0,6,91,0.06593406593406594
577,93004,0,0,1,27,0,0,1,27,0.037037037037037035
578,93010,3,3,21,138,0,0,27,138,0.1956521739130435
579,93012,3,0,7,262,0,0,10,262,0.03816793893129771
580,93013,35,29,18,278,0,0,82,278,0.2949640287769784
581,93015,4,6,6,95,0,0,16,95,0.16842105263157894
582,93021,3,1,6,73,0,0,10,73,0.136986301369863
583,93022,3,2,6,66,0,0,11,66,0.16666666666666666
584,93023,16,27,23,304,0,0,66,304,0.21710526315789475
585,93030,0,0,1,19,0,0,1,19,0.05263157894736842
586,93033,1,0,0,15,0,0,1,15,0.06666666666666667
587,93035,17,1,5,419,0,0,23,419,0.05489260143198091
588,93036,0,0,1,113,0,0,1,113,0.008849557522123894
589,93040,1,0,0,27,0,0,1,27,0.037037037037037035
590,93041,0,0,0,39,0,0,0,39,0.0
591,93060,4,5,4,760,0,0,13,760,0.017105263157894738
592,93063,7,21,55,291,0,0,83,291,0.2852233676975945
593,93065,5,5,64,760,0,0,74,760,0.09736842105263158
594,93066,6,1,2,12,0,0,9,12,0.75
595,93067,0,0,0,6,0,0,0,6,0.0
596,93101,3,0,1,157,0,0,4,157,0.025477707006369428
597,93103,6,10,17,200,0,0,33,200,0.165
598,93105,3,4,5,176,1,0,12,177,0.06779661016949153
599,93108,58,17,31,672,0,0,106,672,0.15773809523809523
600,93109,0,0,1,23,0,0,1,23,0.043478260869565216
601,93110,1,2,3,122,0,0,6,122,0.04918032786885246
602,93111,0,0,0,103,0,0,0,103,0.0
603,93117,5,5,19,188,0,0,29,188,0.15425531914893617
604,93203,2,1,35,898,0,0,38,898,0.042316258351893093
608,93210,3,1,6,48,0,0,10,48,0.20833333333333334
609,93212,3,2,3,11,0,0,8,11,0.7272727272727273
610,93215,2,2,4,5,0,0,8,5,1.6
611,93219,2,7,21,19,0,0,30,19,1.5789473684210527
612,93221,3,2,5,20,0,0,10,20,0.5
613,93223,0,12,102,162,0,0,114,162,0.7037037037037037
615,93225,0,0,3,25,0,0,3,25,0.12
616,93230,5,1,1,37,0,0,7,37,0.1891891891891892
617,93234,0,0,1,4,0,0,1,4,0.25
618,93238,0,0,1,16,0,0,1,16,0.0625
620,93240,1,1,6,19,0,0,8,19,0.42105263157894735
621,93241,1,178,92,561,0,0,271,561,0.483065953654189
622,93242,2,4,5,37,0,0,11,37,0.2972972972972973
623,93243,1,0,3,4,0,0,4,4,1.0
625,93245,14,7,14,62,0,0,35,62,0.5645161290322581
626,93247,5,167,51,175,0,0,223,175,1.2742857142857142
627,93250,10,49,11,30,0,0,70,30,2.3333333333333335
629,93254,0,0,9,8,0,0,9,8,1.125
631,93256,17,14,13,5,0,0,44,5,8.8
632,93257,9,13,83,181,0,0,105,181,0.580110497237569
635,93265,1,0,0,36,0,0,1,36,0.027777777777777776
636,93266,1,2,2,2,0,0,5,2,2.5
637,93267,0,14,19,22,0,0,33,22,1.5
638,93268,3,1,4,7,0,0,8,7,1.1428571428571428
639,93270,5,2,1,6,0,0,8,6,1.3333333333333333
640,93271,0,1,1,53,0,0,2,53,0.03773584905660377
641,93272,3,1,3,4,0,0,7,4,1.75
642,93274,9,1,14,35,0,0,24,35,0.6857142857142857
643,93277,12,18,44,324,0,0,74,324,0.22839506172839505
644,93280,10,4,2,4,0,0,16,4,4.0
645,93283,3,4,15,11,0,0,22,11,2.0
646,93285,1,1,7,8,0,0,9,8,1.125
647,93286,6,9,28,112,0,0,43,112,0.38392857142857145
648,93291,61,98,248,1432,0,0,407,1432,0.2842178770949721
649,93292,30,78,131,957,0,0,239,957,0.2497387669801463
650,93301,0,0,1,18,0,0,1,18,0.05555555555555555
651,93304,0,0,0,27,0,0,0,27,0.0
652,93305,9,10,5,1,0,0,24,1,24.0
653,93306,0,0,10,13,0,0,10,13,0.7692307692307693
654,93307,4,50,45,99,0,0,99,99,1.0
655,93308,5,2,7,78,0,0,14,78,0.1794871794871795
656,93309,0,0,0,75,0,0,0,75,0.0
657,93311,0,0,4,133,0,0,4,133,0.03007518796992481
658,93312,1,0,0,113,0,0,1,113,0.008849557522123894
659,93313,1,1,4,37,0,0,6,37,0.16216216216216217
660,93314,0,0,0,84,0,0,0,84,0.0
661,93401,11,3,9,172,0,0,23,172,0.13372093023255813
662,93402,1,0,2,44,0,0,3,44,0.06818181818181818
663,93405,5,3,6,182,0,0,14,182,0.07692307692307693
664,93420,3,2,6,120,0,0,11,120,0.09166666666666666
665,93422,0,2,2,102,0,0,4,102,0.0392156862745098
666,93426,0,0,0,9,0,0,0,9,0.0
667,93427,1,1,1,12,0,0,3,12,0.25
668,93428,0,0,5,65,0,0,5,65,0.07692307692307693
669,93430,0,2,0,78,0,0,2,78,0.02564102564102564
671,93433,0,0,0,20,0,0,0,20,0.0
673,93436,3,3,6,64,0,0,12,64,0.1875
674,93440,0,0,0,16,0,0,0,16,0.0
675,93441,1,1,0,3,0,0,2,3,0.6666666666666666
676,93442,10,4,17,99,0,0,31,99,0.31313131313131315
677,93444,8,0,0,81,0,0,8,81,0.09876543209876543
678,93445,7,3,3,59,0,0,13,59,0.22033898305084745
679,93446,1,2,4,77,0,0,7,77,0.09090909090909091
680,93449,0,0,0,54,0,0,0,54,0.0
682,93451,0,1,1,8,0,0,2,8,0.25
683,93453,3,4,3,50,0,0,10,50,0.2
684,93454,3,1,9,96,0,0,13,96,0.13541666666666666
685,93455,4,1,4,50,0,0,9,50,0.18
686,93458,9,0,9,35,0,0,18,35,0.5142857142857142
687,93460,1,5,4,34,1,0,10,35,0.2857142857142857
688,93463,0,0,0,43,0,0,0,43,0.0
689,93465,1,0,0,28,0,0,1,28,0.03571428571428571
690,93501,1,8,34,50,0,0,43,50,0.86
691,93505,2,4,7,42,0,0,13,42,0.30952380952380953
692,93510,2,0,2,40,0,0,4,40,0.1
694,93514,1,0,4,81,0,0,5,81,0.06172839506172839
695,93516,1,0,12,21,0,0,13,21,0.6190476190476191
697,93518,0,0,1,5,0,0,1,5,0.2
699,93523,3,3,31,12,0,0,37,12,3.0833333333333335
700,93526,0,0,0,5,0,0,0,5,0.0
701,93527,6,3,3,16,0,0,12,16,0.75
702,93529,2,0,1,9,0,0,3,9,0.3333333333333333
704,93532,1,1,7,36,0,0,9,36,0.25
705,93534,0,0,0,14,0,0,0,14,0.0
706,93535,11,8,14,22,0,0,33,22,1.5
707,93536,2,5,11,71,0,0,18,71,0.2535211267605634
708,93543,1,0,0,5,0,0,1,5,0.2
709,93544,0,1,4,3,0,0,5,3,1.6666666666666667
711,93546,2,0,1,12,0,0,3,12,0.25
712,93550,2,6,8,19,0,0,16,19,0.8421052631578947
713,93551,0,0,0,75,0,0,0,75,0.0
715,93553,0,0,1,5,0,0,1,5,0.2
716,93555,15,14,24,70,0,0,53,70,0.7571428571428571
717,93560,18,63,188,199,0,0,269,199,1.3517587939698492
718,93561,6,7,15,71,0,0,28,71,0.39436619718309857
721,93591,2,4,3,6,0,0,9,6,1.5
725,93610,20,3,13,18,0,0,36,18,2.0
726,93611,2,0,0,41,0,0,2,41,0.04878048780487805
727,93612,0,0,1,10,0,0,1,10,0.1
728,93614,0,1,0,10,0,0,1,10,0.1
729,93615,2,33,10,45,0,0,45,45,1.0
730,93618,24,56,70,277,0,0,150,277,0.5415162454873647
731,93619,17,20,24,166,0,0,61,166,0.3674698795180723
732,93620,4,3,4,11,0,0,11,11,1.0
733,93622,13,55,67,53,0,0,135,53,2.547169811320755
734,93625,5,3,4,3,0,0,12,3,4.0
735,93626,0,0,0,10,0,0,0,10,0.0
738,93631,9,11,7,28,0,0,27,28,0.9642857142857143
739,93635,1,2,2,17,0,0,5,17,0.29411764705882354
740,93636,5,8,16,65,0,0,29,65,0.4461538461538462
741,93637,3,17,79,148,0,0,99,148,0.668918918918919
742,93638,8,6,23,100,0,0,37,100,0.37
743,93640,1,5,3,12,0,0,9,12,0.75
744,93644,2,0,0,18,0,0,2,18,0.1111111111111111
745,93646,8,2,11,34,0,0,21,34,0.6176470588235294
746,93647,0,4,3,15,0,0,7,15,0.4666666666666667
747,93648,2,0,1,2,0,0,3,2,1.5
750,93654,4,1,5,17,0,0,10,17,0.5882352941176471
751,93656,2,2,3,46,0,0,7,46,0.15217391304347827
752,93657,13,23,24,111,0,0,60,111,0.5405405405405406
759,93703,0,0,0,9,0,0,0,9,0.0
760,93704,0,0,0,23,0,0,0,23,0.0
762,93706,0,3,1,4,0,0,4,4,1.0
763,93710,0,0,0,12,0,0,0,12,0.0
764,93711,1,1,0,34,0,0,2,34,0.058823529411764705
765,93720,0,0,0,40,0,0,0,40,0.0
767,93722,0,0,0,23,0,0,0,23,0.0
768,93723,0,0,0,9,0,0,0,9,0.0
769,93725,0,0,3,6,0,0,3,6,0.5
770,93726,1,1,0,12,0,0,2,12,0.16666666666666666
771,93727,0,1,0,22,0,0,1,22,0.045454545454545456
772,93728,0,1,0,4,0,0,1,4,0.25
773,93730,1,1,0,22,0,0,2,22,0.09090909090909091
774,93737,1,0,1,6,0,0,2,6,0.3333333333333333
775,93901,0,0,9,58,0,0,9,58,0.15517241379310345
776,93905,2,0,2,33,0,0,4,33,0.12121212121212122
777,93906,11,7,2,39,0,0,20,39,0.5128205128205128
778,93907,2,2,3,42,0,0,7,42,0.16666666666666666
779,93908,5,4,2,93,0,0,11,93,0.11827956989247312
780,93920,3,0,0,8,0,0,3,8,0.375
781,93923,22,9,31,289,7,2,62,298,0.2080536912751678
782,93924,6,1,3,155,2,1,10,158,0.06329113924050633
783,93925,1,0,0,10,0,0,1,10,0.1
784,93926,0,0,2,7,0,0,2,7,0.2857142857142857
785,93927,0,1,2,13,0,0,3,13,0.23076923076923078
786,93930,1,1,0,22,0,0,2,22,0.09090909090909091
787,93933,4,1,2,27,0,0,7,27,0.25925925925925924
788,93940,0,0,11,42,0,0,11,42,0.2619047619047619
789,93950,0,0,7,24,0,0,7,24,0.2916666666666667
790,93953,0,1,27,27,0,0,28,27,1.037037037037037
791,93955,0,0,1,10,0,0,1,10,0.1
792,93960,2,1,0,7,0,0,3,7,0.42857142857142855
794,94002,1,1,6,36,0,0,8,36,0.2222222222222222
795,94005,0,0,0,6,0,0,0,6,0.0
796,94010,3,6,17,232,0,0,26,232,0.11206896551724138
798,94015,0,0,3,17,0,0,3,17,0.17647058823529413
799,94019,6,1,4,99,0,0,11,99,0.1111111111111111
800,94020,3,0,1,17,0,0,4,17,0.23529411764705882
802,94022,8,4,8,64,0,0,20,64,0.3125
803,94024,5,9,21,67,0,0,35,67,0.5223880597014925
804,94025,98,58,111,395,0,0,267,395,0.6759493670886076
805,94027,0,1,2,52,0,0,3,52,0.057692307692307696
806,94028,7,1,5,28,0,0,13,28,0.4642857142857143
807,94030,0,1,3,118,0,0,4,118,0.03389830508474576
808,94037,2,1,2,8,0,0,5,8,0.625
809,94038,1,1,2,14,0,0,4,14,0.2857142857142857
810,94040,3,4,12,65,0,0,19,65,0.2923076923076923
811,94041,0,2,1,11,0,0,3,11,0.2727272727272727
812,94043,2,4,43,72,0,0,49,72,0.6805555555555556
813,94044,6,4,12,254,0,0,22,254,0.08661417322834646
814,94060,1,0,0,52,1,1,1,54,0.018518518518518517
815,94061,0,0,2,32,0,0,2,32,0.0625
816,94062,2,3,12,64,0,0,17,64,0.265625
817,94063,3,1,1,161,0,0,5,161,0.031055900621118012
818,94065,0,0,0,62,0,0,0,62,0.0
819,94066,1,4,6,149,0,0,11,149,0.0738255033557047
820,94070,13,6,8,76,0,0,27,76,0.35526315789473684
821,94074,1,0,0,5,0,0,1,5,0.2
822,94080,1,8,17,85,0,0,26,85,0.3058823529411765
823,94085,22,7,9,25,0,0,38,25,1.52
824,94086,1,3,14,30,0,0,18,30,0.6
825,94087,2,3,9,59,0,0,14,59,0.23728813559322035
826,94089,59,23,20,35,0,0,102,35,2.914285714285714
829,94110,0,1,2,5,0,0,3,5,0.6
830,94112,0,0,0,8,0,0,0,8,0.0
831,94114,1,0,1,5,0,0,2,5,0.4
832,94115,0,0,0,12,0,0,0,12,0.0
833,94116,0,0,0,15,0,0,0,15,0.0
835,94118,0,0,1,7,0,0,1,7,0.14285714285714285
836,94121,0,1,1,5,0,0,2,5,0.4
837,94122,0,0,2,13,0,0,2,13,0.15384615384615385
838,94123,0,1,0,14,0,0,1,14,0.07142857142857142
840,94127,0,1,2,10,0,0,3,10,0.3
841,94131,0,0,3,4,0,0,3,4,0.75
844,94301,16,14,83,529,0,0,113,529,0.21361058601134217
845,94303,370,269,371,1199,0,0,1010,1199,0.8423686405337781
846,94304,0,0,2,3,0,0,2,3,0.6666666666666666
847,94306,1,5,7,128,0,0,13,128,0.1015625
848,94401,45,20,31,482,1,0,96,483,0.19875776397515527
849,94402,1,0,4,54,0,0,5,54,0.09259259259259259
850,94403,0,0,10,215,0,0,10,215,0.046511627906976744
851,94404,2,4,3,226,0,0,9,226,0.03982300884955752
852,94501,1,0,3,312,0,0,4,312,0.01282051282051282
853,94502,0,2,3,508,0,0,5,508,0.00984251968503937
854,94503,0,0,1,15,0,0,1,15,0.06666666666666667
855,94505,0,0,1,72,0,0,1,72,0.013888888888888888
856,94506,2,4,2,32,0,0,8,32,0.25
857,94507,9,7,10,55,0,0,26,55,0.4727272727272727
859,94509,15,3,3,42,0,0,21,42,0.5
860,94510,0,0,3,26,0,0,3,26,0.11538461538461539
861,94511,61,54,52,74,0,0,167,74,2.2567567567567566
862,94513,4,3,3,60,0,0,10,60,0.16666666666666666
863,94514,0,0,1,20,0,0,1,20,0.05
864,94515,2,0,1,71,2,0,3,73,0.0410958904109589
865,94517,1,3,1,50,0,0,5,50,0.1
866,94518,7,9,37,49,0,0,53,49,1.0816326530612246
867,94519,2,2,5,51,0,0,9,51,0.17647058823529413
868,94520,0,0,1,13,0,0,1,13,0.07692307692307693
869,94521,12,20,13,73,0,0,45,73,0.6164383561643836
870,94523,35,6,27,215,0,0,68,215,0.31627906976744186
872,94526,3,3,5,93,0,0,11,93,0.11827956989247312
873,94528,1,0,0,10,0,0,1,10,0.1
874,94530,8,1,7,22,0,0,16,22,0.7272727272727273
875,94531,0,0,4,8,0,0,4,8,0.5
876,94533,0,5,16,81,0,0,21,81,0.25925925925925924
877,94534,12,6,24,140,0,0,42,140,0.3
878,94536,0,0,3,44,0,0,3,44,0.06818181818181818
879,94538,51,15,30,40,0,0,96,40,2.4
880,94539,1,0,0,29,0,0,1,29,0.034482758620689655
881,94541,6,10,20,74,0,0,36,74,0.4864864864864865
882,94542,0,0,4,2,0,0,4,2,2.0
883,94544,15,27,23,50,0,0,65,50,1.3
884,94545,1,0,2,26,0,0,3,26,0.11538461538461539
885,94546,27,13,9,94,0,0,49,94,0.5212765957446809
886,94547,0,0,1,13,0,0,1,13,0.07692307692307693
888,94549,1,5,5,119,1,0,11,120,0.09166666666666666
889,94550,0,0,0,47,0,0,0,47,0.0
890,94551,2,0,0,25,0,0,2,25,0.08
891,94552,0,0,3,5,0,0,3,5,0.6
892,94553,10,16,67,312,0,0,93,312,0.2980769230769231
893,94555,1,0,0,27,0,0,1,27,0.037037037037037035
894,94556,0,0,3,35,0,0,3,35,0.08571428571428572
895,94558,24,23,37,392,2,2,84,396,0.21212121212121213
896,94559,17,11,19,222,0,0,47,222,0.21171171171171171
897,94560,7,7,8,36,0,0,22,36,0.6111111111111112
898,94561,37,28,29,138,0,0,94,138,0.6811594202898551
899,94563,8,2,4,64,0,0,14,64,0.21875
900,94564,0,0,0,12,0,0,0,12,0.0
901,94565,4,0,3,55,0,0,7,55,0.12727272727272726
902,94566,1,1,0,48,0,0,2,48,0.041666666666666664
904,94568,5,1,3,32,0,0,9,32,0.28125
905,94569,5,3,1,5,0,0,9,5,1.8
906,94571,14,6,12,53,0,0,32,53,0.6037735849056604
907,94572,13,12,13,17,0,0,38,17,2.235294117647059
908,94574,15,6,4,96,1,0,25,97,0.25773195876288657
909,94577,3,1,10,249,0,0,14,249,0.05622489959839357
910,94578,2,0,23,33,0,0,25,33,0.7575757575757576
911,94579,137,80,62,235,0,0,279,235,1.1872340425531915
912,94580,10,34,144,365,0,0,188,365,0.5150684931506849
913,94582,0,0,1,8,0,0,1,8,0.125
914,94583,6,1,5,35,0,0,12,35,0.34285714285714286
915,94585,19,11,18,258,0,0,48,258,0.18604651162790697
917,94587,9,4,8,60,0,0,21,60,0.35
918,94588,0,3,4,48,0,0,7,48,0.14583333333333334
919,94589,1,1,0,20,0,0,2,20,0.1
920,94590,19,2,8,44,0,0,29,44,0.6590909090909091
921,94591,26,21,11,134,0,0,58,134,0.43283582089552236
923,94595,1,3,1,126,0,0,5,126,0.03968253968253968
924,94596,15,7,11,77,0,0,33,77,0.42857142857142855
925,94597,7,3,1,25,0,0,11,25,0.44
926,94598,1,2,0,40,0,0,3,40,0.075
927,94599,2,1,1,29,0,0,4,29,0.13793103448275862
928,94601,7,2,0,18,0,0,9,18,0.5
929,94602,5,0,6,25,0,0,11,25,0.44
930,94603,2,1,0,9,0,0,3,9,0.3333333333333333
931,94605,4,1,2,20,0,0,7,20,0.35
933,94607,0,0,0,8,0,0,0,8,0.0
934,94608,1,0,3,9,0,0,4,9,0.4444444444444444
935,94609,0,0,0,8,0,0,0,8,0.0
936,94610,0,0,2,16,0,0,2,16,0.125
937,94611,16,4,21,52,0,0,41,52,0.7884615384615384
939,94618,0,0,2,21,0,0,2,21,0.09523809523809523
940,94619,3,0,0,16,0,0,3,16,0.1875
941,94621,0,3,0,6,0,0,3,6,0.5
942,94702,0,0,0,11,0,0,0,11,0.0
943,94703,0,0,2,6,0,0,2,6,0.3333333333333333
944,94705,0,0,1,16,0,0,1,16,0.0625
945,94706,2,10,5,20,0,0,17,20,0.85
946,94707,1,1,9,13,0,0,11,13,0.8461538461538461
947,94708,0,0,10,19,0,0,10,19,0.5263157894736842
949,94801,4,2,4,53,0,0,10,53,0.18867924528301888
950,94803,3,1,3,56,0,0,7,56,0.125
951,94804,1,0,1,17,0,0,2,17,0.11764705882352941
952,94805,1,0,0,4,0,0,1,4,0.25
953,94806,34,43,63,86,0,0,140,86,1.627906976744186
954,94901,22,13,24,552,0,0,59,552,0.1068840579710145
955,94903,21,12,21,304,0,0,54,304,0.17763157894736842
956,94904,12,2,5,195,1,0,19,196,0.09693877551020408
957,94920,29,7,15,298,4,0,51,302,0.16887417218543047
959,94923,1,0,0,12,0,0,1,12,0.08333333333333333
960,94924,0,0,1,13,1,0,1,14,0.07142857142857142
961,94925,36,29,69,304,0,0,134,304,0.4407894736842105
962,94928,0,0,2,36,0,0,2,36,0.05555555555555555
964,94930,1,1,6,133,0,0,8,133,0.06015037593984962
965,94931,0,0,0,59,0,0,0,59,0.0
966,94933,1,1,0,8,0,0,2,8,0.25
967,94937,2,2,1,14,0,0,5,14,0.35714285714285715
968,94938,0,2,0,9,0,0,2,9,0.2222222222222222
969,94939,4,4,5,206,0,0,13,206,0.06310679611650485
970,94940,5,2,0,4,0,0,7,4,1.75
971,94941,39,23,56,461,0,0,118,461,0.2559652928416486
972,94945,5,1,8,203,0,0,14,203,0.06896551724137931
973,94946,0,0,0,19,0,0,0,19,0.0
974,94947,28,11,25,483,0,0,64,483,0.13250517598343686
975,94949,17,14,18,356,0,0,49,356,0.13764044943820225
976,94951,0,0,0,9,0,0,0,9,0.0
977,94952,4,2,5,138,0,0,11,138,0.07971014492753623
978,94954,0,0,0,75,0,0,0,75,0.0
979,94956,2,2,3,17,0,0,7,17,0.4117647058823529
980,94957,4,0,4,93,1,0,8,94,0.0851063829787234
981,94960,13,4,13,352,1,0,30,353,0.08498583569405099
982,94963,0,0,0,22,0,0,0,22,0.0
983,94965,3,0,5,23,0,0,8,23,0.34782608695652173
984,94970,21,1,2,167,2,1,24,170,0.1411764705882353
986,94973,0,0,0,6,0,0,0,6,0.0
987,95002,11,5,5,98,0,0,21,98,0.21428571428571427
988,95003,63,3,17,123,0,0,83,123,0.6747967479674797
990,95005,1,2,1,91,4,0,4,95,0.042105263157894736
991,95006,8,3,1,158,1,0,12,159,0.07547169811320754
992,95008,4,0,2,27,0,0,6,27,0.2222222222222222
993,95010,9,3,5,28,1,0,17,29,0.5862068965517241
994,95012,4,3,4,10,0,0,11,10,1.1
995,95014,7,1,5,50,0,0,13,50,0.26
996,95017,1,0,0,4,0,0,1,4,0.25
997,95018,2,4,0,112,1,0,6,113,0.05309734513274336
999,95020,20,19,25,82,0,0,64,82,0.7804878048780488
1000,95023,4,4,11,67,0,0,19,67,0.2835820895522388
1001,95030,4,0,13,31,0,0,17,31,0.5483870967741935
1002,95032,1,6,4,44,0,0,11,44,0.25
1003,95033,3,1,5,5,0,0,9,5,1.8
1004,95035,29,23,75,739,0,0,127,739,0.17185385656292287
1005,95037,32,38,26,229,0,0,96,229,0.4192139737991266
1006,95039,0,0,2,8,0,0,2,8,0.25
1007,95043,2,0,0,5,0,0,2,5,0.4
1008,95045,1,2,4,20,0,0,7,20,0.35
1009,95046,12,7,15,71,0,0,34,71,0.4788732394366197
1010,95050,1,1,1,140,0,0,3,140,0.02142857142857143
1011,95051,3,1,30,156,0,0,34,156,0.21794871794871795
1012,95054,0,0,1,37,0,0,1,37,0.02702702702702703
1013,95060,3,2,7,439,0,0,12,439,0.02733485193621868
1014,95062,5,1,8,63,0,0,14,63,0.2222222222222222
1015,95065,0,0,3,20,1,0,3,21,0.14285714285714285
1016,95066,1,0,1,33,0,0,2,33,0.06060606060606061
1017,95070,4,1,5,65,0,0,10,65,0.15384615384615385
1018,95073,3,3,4,51,0,0,10,51,0.19607843137254902
1019,95076,124,83,135,476,0,0,342,476,0.7184873949579832
1020,95110,6,4,12,239,0,0,22,239,0.09205020920502092
1021,95111,3,2,0,1,0,0,5,1,5.0
1022,95112,4,11,8,73,0,0,23,73,0.3150684931506849
1024,95116,22,14,123,758,0,0,159,758,0.20976253298153033
1025,95117,1,5,27,47,0,0,33,47,0.7021276595744681
1026,95118,11,21,78,186,0,0,110,186,0.5913978494623656
1027,95120,24,18,29,297,0,0,71,297,0.23905723905723905
1028,95121,0,0,1,12,0,0,1,12,0.08333333333333333
1029,95122,3,1,28,66,0,0,32,66,0.48484848484848486
1030,95123,3,3,1,5,0,0,7,5,1.4
1031,95124,1,5,1,2,0,0,7,2,3.5
1032,95125,34,36,110,1107,0,0,180,1107,0.16260162601626016
1033,95126,0,0,2,4,0,0,2,4,0.5
1034,95127,4,26,132,153,0,0,162,153,1.0588235294117647
1036,95129,1,0,1,7,0,0,2,7,0.2857142857142857
1038,95131,1,0,20,39,0,0,21,39,0.5384615384615384
1039,95132,23,22,82,171,0,0,127,171,0.7426900584795322
1040,95133,3,6,17,128,0,0,26,128,0.203125
1041,95134,1,0,1,73,0,0,2,73,0.0273972602739726
1043,95136,1,0,3,3,0,0,4,3,1.3333333333333333
1046,95148,0,2,2,80,0,0,4,80,0.05
1048,95203,4,7,4,149,0,0,15,149,0.10067114093959731
1049,95204,156,86,101,1663,0,0,343,1663,0.20625375826819
1050,95205,0,1,0,34,0,0,1,34,0.029411764705882353
1051,95206,31,22,25,271,0,0,78,271,0.2878228782287823
1052,95207,0,0,21,215,0,0,21,215,0.09767441860465116
1053,95209,1,1,5,247,0,0,7,247,0.02834008097165992
1054,95210,0,0,15,53,0,0,15,53,0.2830188679245283
1055,95212,1,0,6,87,0,0,7,87,0.08045977011494253
1056,95215,6,8,20,78,0,0,34,78,0.4358974358974359
1057,95219,1,2,51,781,0,0,54,781,0.06914212548015365
1058,95220,0,2,2,41,0,0,4,41,0.0975609756097561
1059,95222,0,0,0,15,0,0,0,15,0.0
1060,95223,2,1,5,17,0,0,8,17,0.47058823529411764
1061,95228,0,3,0,26,0,0,3,26,0.11538461538461539
1062,95230,0,1,1,12,0,0,2,12,0.16666666666666666
1063,95231,0,1,4,10,0,0,5,10,0.5
1064,95236,1,0,5,10,0,0,6,10,0.6
1066,95240,3,10,8,130,0,0,21,130,0.16153846153846155
1067,95242,54,17,29,188,0,0,100,188,0.5319148936170213
1070,95247,0,1,0,8,0,0,1,8,0.125
1071,95249,0,0,1,7,0,0,1,7,0.14285714285714285
1072,95252,1,1,2,61,0,0,4,61,0.06557377049180328
1073,95255,0,2,0,4,0,0,2,4,0.5
1074,95258,1,0,0,70,0,0,1,70,0.014285714285714285
1075,95301,12,6,13,59,0,0,31,59,0.5254237288135594
1077,95304,87,24,24,58,0,0,135,58,2.3275862068965516
1078,95307,0,0,0,10,0,0,0,10,0.0
1080,95313,3,2,3,3,0,0,8,3,2.6666666666666665
1082,95316,0,0,0,5,0,0,0,5,0.0
1083,95317,5,2,2,2,0,0,9,2,4.5
1084,95320,2,1,5,12,0,0,8,12,0.6666666666666666
1086,95322,3,3,0,1,0,0,6,1,6.0
1087,95324,11,5,11,12,0,0,27,12,2.25
1091,95330,2,0,3,145,0,0,5,145,0.034482758620689655
1092,95333,1,4,14,49,0,0,19,49,0.3877551020408163
1095,95336,1,0,3,76,0,0,4,76,0.05263157894736842
1096,95337,25,6,28,182,0,0,59,182,0.3241758241758242
1097,95340,26,157,219,998,0,0,402,998,0.4028056112224449
1098,95341,31,68,148,1362,0,0,247,1362,0.18135095447870778
1099,95348,21,24,35,600,0,0,80,600,0.13333333333333333
1100,95350,0,0,0,17,0,0,0,17,0.0
1101,95351,8,23,11,90,0,0,42,90,0.4666666666666667
1102,95354,8,3,5,27,0,0,16,27,0.5925925925925926
1103,95355,2,0,1,44,0,0,3,44,0.06818181818181818
1104,95356,0,0,6,29,0,0,6,29,0.20689655172413793
1105,95357,1,0,0,9,0,0,1,9,0.1111111111111111
1106,95358,11,3,13,62,0,0,27,62,0.43548387096774194
1107,95360,2,26,26,86,0,0,54,86,0.627906976744186
1108,95361,0,1,1,28,0,0,2,28,0.07142857142857142
1109,95363,2,95,21,92,0,0,118,92,1.2826086956521738
1110,95365,4,37,31,156,0,0,72,156,0.46153846153846156
1111,95366,0,0,3,41,0,0,3,41,0.07317073170731707
1112,95367,0,0,0,21,0,0,0,21,0.0
1113,95368,0,0,0,10,0,0,0,10,0.0
1114,95369,0,0,0,9,0,0,0,9,0.0
1115,95370,2,0,1,31,0,0,3,31,0.0967741935483871
1116,95374,5,3,10,14,0,0,18,14,1.2857142857142858
1117,95376,0,0,0,40,0,0,0,40,0.0
1118,95377,0,0,0,15,0,0,0,15,0.0
1120,95380,2,0,4,13,0,0,6,13,0.46153846153846156
1121,95382,0,0,0,20,0,0,0,20,0.0
1124,95386,1,0,0,8,0,0,1,8,0.125
1126,95391,2,0,1,12,0,0,3,12,0.25
1127,95401,3,0,0,36,0,0,3,36,0.08333333333333333
1128,95403,0,0,0,25,0,0,0,25,0.0
1129,95404,1,0,1,35,0,0,2,35,0.05714285714285714
1130,95405,0,0,0,24,0,0,0,24,0.0
1131,95407,2,3,1,46,0,0,6,46,0.13043478260869565
1132,95409,0,0,0,44,0,0,0,44,0.0
1135,95421,3,2,0,68,0,0,5,68,0.07352941176470588
1136,95422,6,3,14,198,1,0,23,199,0.11557788944723618
1137,95423,8,5,10,238,1,0,23,239,0.09623430962343096
1138,95425,10,3,5,55,0,0,18,55,0.32727272727272727
1141,95436,5,8,2,157,2,0,15,159,0.09433962264150944
1142,95437,0,0,0,12,0,0,0,12,0.0
1144,95441,4,0,2,24,0,0,6,24,0.25
1145,95442,0,0,0,41,0,0,0,41,0.0
1148,95445,1,0,0,4,0,0,1,4,0.25
1149,95446,30,1,15,570,2,0,46,572,0.08041958041958042
1150,95448,0,0,1,158,0,0,1,158,0.006329113924050633
1151,95449,2,1,3,51,0,0,6,51,0.11764705882352941
1152,95450,1,0,1,14,0,0,2,14,0.14285714285714285
1153,95451,2,1,6,114,0,0,9,114,0.07894736842105263
1154,95452,0,0,1,32,0,0,1,32,0.03125
1155,95453,12,12,8,305,0,0,32,305,0.10491803278688525
1158,95457,0,0,0,30,0,0,0,30,0.0
1159,95458,3,1,0,38,0,0,4,38,0.10526315789473684
1162,95461,0,0,0,49,0,0,0,49,0.0
1163,95462,8,3,7,245,3,0,18,248,0.07258064516129033
1164,95464,1,0,0,18,0,0,1,18,0.05555555555555555
1165,95465,0,0,0,28,0,0,0,28,0.0
1167,95467,0,0,4,144,0,0,4,144,0.027777777777777776
1169,95469,2,0,1,17,0,0,3,17,0.17647058823529413
1170,95470,0,0,0,14,0,0,0,14,0.0
1171,95472,1,0,1,71,0,0,2,71,0.028169014084507043
1172,95476,9,3,5,187,1,0,17,188,0.09042553191489362
1173,95482,13,5,21,236,0,0,39,236,0.1652542372881356
1174,95485,2,2,3,35,0,0,7,35,0.2
1176,95490,2,3,2,32,0,0,7,32,0.21875
1177,95492,3,1,1,63,0,0,5,63,0.07936507936507936
1180,95501,0,0,2,10,0,0,2,10,0.2
1181,95503,5,0,2,62,0,0,7,62,0.11290322580645161
1182,95519,4,0,2,29,0,0,6,29,0.20689655172413793
1183,95521,20,8,12,54,0,0,40,54,0.7407407407407407
1184,95524,0,0,3,11,0,0,3,11,0.2727272727272727
1185,95525,0,0,5,5,0,0,5,5,1.0
1187,95528,6,2,3,32,0,0,11,32,0.34375
1188,95531,2,0,3,74,0,0,5,74,0.06756756756756757
1189,95536,12,6,10,38,0,0,28,38,0.7368421052631579
1190,95540,6,5,8,53,0,0,19,53,0.3584905660377358
1191,95542,0,0,0,19,0,0,0,19,0.0
1192,95543,1,0,0,12,0,0,1,12,0.08333333333333333
1194,95548,0,0,0,10,0,0,0,10,0.0
1196,95554,0,0,0,6,0,0,0,6,0.0
1197,95555,0,1,0,5,0,0,1,5,0.2
1202,95563,0,0,0,5,0,0,0,5,0.0
1203,95564,0,0,0,9,0,0,0,9,0.0
1204,95565,1,0,2,3,0,0,3,3,1.0
1205,95567,0,0,0,12,0,0,0,12,0.0
1207,95569,0,0,1,4,0,0,1,4,0.25
1208,95570,0,0,1,6,0,0,1,6,0.16666666666666666
1210,95589,0,0,0,5,0,0,0,5,0.0
1211,95602,0,0,4,15,0,0,4,15,0.26666666666666666
1212,95603,2,4,3,21,0,0,9,21,0.42857142857142855
1213,95605,0,0,26,221,0,0,26,221,0.11764705882352941
1214,95606,1,1,0,5,0,0,2,5,0.4
1216,95608,28,14,91,435,0,0,133,435,0.3057471264367816
1217,95610,3,3,11,86,0,0,17,86,0.19767441860465115
1218,95612,23,12,38,164,0,0,73,164,0.4451219512195122
1220,95615,9,5,84,22,0,0,98,22,4.454545454545454
1221,95616,11,4,20,338,0,0,35,338,0.10355029585798817
1222,95618,0,0,0,209,0,0,0,209,0.0
1224,95620,13,6,13,43,0,0,32,43,0.7441860465116279
1225,95621,2,0,4,114,0,0,6,114,0.05263157894736842
1226,95623,1,0,0,4,0,0,1,4,0.25
1227,95624,2,2,11,304,0,0,15,304,0.049342105263157895
1228,95626,2,4,15,58,0,0,21,58,0.3620689655172414
1229,95627,0,0,0,12,0,0,0,12,0.0
1230,95628,1,1,36,64,0,0,38,64,0.59375
1231,95629,0,0,0,6,0,0,0,6,0.0
1232,95630,1,0,13,146,0,0,14,146,0.0958904109589041
1234,95632,15,6,19,132,0,0,40,132,0.30303030303030304
1237,95637,1,1,0,9,0,0,2,9,0.2222222222222222
1238,95638,0,0,1,11,0,0,1,11,0.09090909090909091
1239,95640,1,0,2,63,0,0,3,63,0.047619047619047616
1240,95641,111,34,23,34,0,0,168,34,4.9411764705882355
1241,95642,1,1,1,18,0,0,3,18,0.16666666666666666
1242,95645,10,5,62,101,0,0,77,101,0.7623762376237624
1243,95648,3,4,11,92,0,0,18,92,0.1956521739130435
1244,95650,8,5,7,71,0,0,20,71,0.28169014084507044
1245,95651,1,0,0,11,0,0,1,11,0.09090909090909091
1247,95653,1,3,37,20,0,0,41,20,2.05
1249,95658,0,2,0,13,0,0,2,13,0.15384615384615385
1250,95659,11,6,38,60,0,0,55,60,0.9166666666666666
1251,95660,6,10,73,61,0,0,89,61,1.459016393442623
1252,95661,6,3,13,136,0,0,22,136,0.16176470588235295
1253,95662,2,2,17,80,0,0,21,80,0.2625
1254,95663,0,2,2,8,0,0,4,8,0.5
1256,95667,4,4,4,33,0,0,12,33,0.36363636363636365
1257,95668,8,6,8,31,0,0,22,31,0.7096774193548387
1258,95669,0,0,2,5,0,0,2,5,0.4
1259,95670,1,0,11,283,0,0,12,283,0.04240282685512368
1260,95672,0,0,1,5,0,0,1,5,0.2
1261,95673,22,24,80,194,0,0,126,194,0.6494845360824743
1262,95674,14,9,23,59,0,0,46,59,0.7796610169491526
1263,95677,1,0,3,89,0,0,4,89,0.0449438202247191
1264,95678,2,2,12,77,0,0,16,77,0.2077922077922078
1267,95682,5,6,10,56,0,0,21,56,0.375
1268,95683,0,1,5,21,0,0,6,21,0.2857142857142857
1269,95684,1,0,0,7,0,0,1,7,0.14285714285714285
1270,95685,0,0,0,16,0,0,0,16,0.0
1271,95687,66,25,68,617,0,0,159,617,0.2576985413290113
1272,95688,4,2,13,155,0,0,19,155,0.12258064516129032
1274,95690,31,15,211,97,0,0,257,97,2.649484536082474
1275,95691,11,6,14,1488,0,0,31,1488,0.020833333333333332
1276,95692,4,0,3,178,0,0,7,178,0.03932584269662921
1277,95693,8,6,6,153,0,0,20,153,0.13071895424836602
1278,95694,4,1,7,41,0,0,12,41,0.2926829268292683
1279,95695,47,30,81,235,0,0,158,235,0.6723404255319149
1280,95698,2,0,1,3,0,0,3,3,1.0
1286,95722,0,0,2,11,0,0,2,11,0.18181818181818182
1287,95724,3,0,2,10,0,0,5,10,0.5
1288,95726,0,0,0,6,1,0,0,7,0.0
1289,95728,0,0,0,8,0,0,0,8,0.0
1290,95742,0,0,2,22,0,0,2,22,0.09090909090909091
1291,95746,3,3,19,178,0,0,25,178,0.1404494382022472
1292,95747,2,1,35,113,0,0,38,113,0.336283185840708
1293,95757,51,29,43,253,0,0,123,253,0.48616600790513836
1294,95758,0,0,13,474,0,0,13,474,0.027426160337552744
1295,95762,0,0,4,48,0,0,4,48,0.08333333333333333
1296,95765,0,0,12,20,0,0,12,20,0.6
1297,95776,13,9,34,139,0,0,56,139,0.4028776978417266
1298,95811,0,0,7,62,0,0,7,62,0.11290322580645161
1299,95814,0,0,6,73,0,0,6,73,0.0821917808219178
1300,95815,3,7,49,223,0,0,59,223,0.2645739910313901
1301,95816,1,3,122,557,0,0,126,557,0.22621184919210055
1302,95817,0,0,32,119,0,0,32,119,0.2689075630252101
1303,95818,2,6,153,1458,0,0,161,1458,0.11042524005486969
1304,95819,1,2,416,1078,0,0,419,1078,0.38868274582560297
1305,95820,0,0,89,154,0,0,89,154,0.577922077922078
1306,95821,3,3,19,116,0,0,25,116,0.21551724137931033
1307,95822,3,4,201,1333,0,0,208,1333,0.15603900975243812
1308,95823,2,14,132,672,0,0,148,672,0.22023809523809523
1309,95824,0,1,25,94,0,0,26,94,0.2765957446808511
1310,95825,6,6,371,434,0,0,383,434,0.8824884792626728
1311,95826,2,3,72,1105,0,0,77,1105,0.06968325791855204
1312,95827,10,1,106,103,0,0,117,103,1.1359223300970873
1313,95828,5,10,30,170,0,0,45,170,0.2647058823529412
1314,95829,7,12,42,116,0,0,61,116,0.5258620689655172
1316,95831,7,17,308,3945,0,0,332,3945,0.08415716096324462
1317,95832,4,3,30,102,0,0,37,102,0.3627450980392157
1318,95833,23,49,1363,5768,0,0,1435,5768,0.2487864077669903
1319,95834,16,34,635,5956,0,0,685,5956,0.11501007387508395
1320,95835,18,67,3337,6581,0,0,3422,6581,0.519981765689105
1322,95837,14,6,13,47,0,0,33,47,0.7021276595744681
1323,95838,1,6,121,214,0,0,128,214,0.5981308411214953
1324,95841,0,0,8,72,0,0,8,72,0.1111111111111111
1325,95842,0,0,17,23,0,0,17,23,0.7391304347826086
1326,95843,0,3,14,45,0,0,17,45,0.37777777777777777
1327,95864,15,17,111,754,0,0,143,754,0.1896551724137931
1328,95901,12,11,8,1056,0,0,31,1056,0.029356060606060608
1330,95912,4,11,6,57,0,0,21,57,0.3684210526315789
1331,95917,7,1,40,59,0,0,48,59,0.8135593220338984
1334,95920,5,2,10,0,0,0,17,0,inf
1336,95926,1,0,4,110,0,0,5,110,0.045454545454545456
1337,95928,25,65,117,331,0,0,207,331,0.6253776435045317
1338,95932,16,2,26,183,0,0,44,183,0.24043715846994534
1340,95936,0,0,0,9,0,0,0,9,0.0
1341,95937,0,1,0,5,0,0,1,5,0.2
1342,95938,78,42,51,95,0,0,171,95,1.8
1345,95943,0,1,7,11,0,0,8,11,0.7272727272727273
1347,95945,2,0,3,16,0,0,5,16,0.3125
1348,95946,1,1,2,20,0,0,4,20,0.2
1349,95947,1,0,2,11,0,0,3,11,0.2727272727272727
1350,95948,0,1,6,194,0,0,7,194,0.03608247422680412
1351,95949,0,0,0,17,0,0,0,17,0.0
1352,95951,1,3,7,16,0,0,11,16,0.6875
1353,95953,1,0,18,198,0,0,19,198,0.09595959595959595
1354,95955,3,4,16,24,0,0,23,24,0.9583333333333334
1355,95957,2,1,5,74,0,0,8,74,0.10810810810810811
1356,95959,2,0,2,9,0,0,4,9,0.4444444444444444
1357,95961,4,4,9,1176,0,0,17,1176,0.01445578231292517
1359,95963,4,0,1,44,0,0,5,44,0.11363636363636363
1360,95965,11,4,12,93,0,0,27,93,0.2903225806451613
1361,95966,4,3,1,47,0,0,8,47,0.1702127659574468
1362,95968,2,3,13,11,0,0,18,11,1.6363636363636365
1364,95970,2,0,5,13,0,0,7,13,0.5384615384615384
1365,95971,0,4,3,16,0,0,7,16,0.4375
1366,95973,12,8,17,293,0,0,37,293,0.12627986348122866
1369,95979,1,0,2,2,0,0,3,2,1.5
1370,95982,0,0,3,7,0,0,3,7,0.42857142857142855
1371,95983,1,0,0,7,0,0,1,7,0.14285714285714285
1373,95987,2,1,1,9,0,0,4,9,0.4444444444444444
1374,95988,10,42,46,185,0,0,98,185,0.5297297297297298
1375,95991,13,11,329,1658,0,0,353,1658,0.21290711700844392
1376,95993,27,16,300,1690,0,0,343,1690,0.2029585798816568
1377,96001,11,9,17,195,0,0,37,195,0.18974358974358974
1378,96002,10,11,19,109,0,0,40,109,0.3669724770642202
1379,96003,2,0,3,135,0,0,5,135,0.037037037037037035
1381,96007,2,4,18,88,0,0,24,88,0.2727272727272727
1382,96008,0,0,0,18,0,0,0,18,0.0
1383,96013,0,1,0,58,0,0,1,58,0.017241379310344827
1386,96019,5,2,6,37,0,0,13,37,0.35135135135135137
1387,96020,1,0,1,4,0,0,2,4,0.5
1388,96021,5,0,8,69,0,0,13,69,0.18840579710144928
1389,96022,1,0,4,167,0,0,5,167,0.029940119760479042
1390,96024,0,0,0,7,0,0,0,7,0.0
1391,96025,5,1,0,28,0,0,6,28,0.21428571428571427
1392,96027,1,1,1,28,0,0,3,28,0.10714285714285714
1394,96032,0,1,0,52,0,0,1,52,0.019230769230769232
1395,96033,0,0,0,9,0,0,0,9,0.0
1396,96035,6,4,10,78,0,0,20,78,0.2564102564102564
1397,96039,0,0,0,6,0,0,0,6,0.0
1398,96040,1,0,0,6,0,0,1,6,0.16666666666666666
1400,96044,0,0,1,8,0,0,1,8,0.125
1403,96048,0,1,0,4,0,0,1,4,0.25
1404,96050,1,0,0,5,0,0,1,5,0.2
1405,96051,1,1,0,14,0,0,2,14,0.14285714285714285
1406,96052,0,0,2,21,0,0,2,21,0.09523809523809523
1408,96055,6,1,7,63,0,0,14,63,0.2222222222222222
1410,96057,1,0,10,71,0,0,11,71,0.15492957746478872
1414,96062,0,0,0,10,0,0,0,10,0.0
1415,96064,0,0,1,4,0,0,1,4,0.25
1418,96071,0,0,0,5,0,0,0,5,0.0
1419,96073,2,0,0,59,0,0,2,59,0.03389830508474576
1421,96080,16,13,22,343,0,0,51,343,0.14868804664723032
1424,96088,0,0,0,5,0,0,0,5,0.0
1425,96091,1,1,0,11,0,0,2,11,0.18181818181818182
1426,96093,0,0,0,13,0,0,0,13,0.0
1427,96094,1,1,2,6,0,0,4,6,0.6666666666666666
1429,96097,5,0,0,35,0,0,5,35,0.14285714285714285
1430,96101,0,1,5,50,0,0,6,50,0.12
1431,96103,0,0,0,11,0,0,0,11,0.0
1433,96105,0,2,1,4,0,0,3,4,0.75
1435,96107,1,0,1,9,0,0,2,9,0.2222222222222222
1438,96118,0,0,2,23,0,0,2,23,0.08695652173913043
1439,96122,0,1,1,5,1,0,2,6,0.3333333333333333
1441,96126,1,0,0,15,0,0,1,15,0.06666666666666667
1443,96130,3,3,1,62,0,0,7,62,0.11290322580645161
1447,96137,0,0,0,5,0,0,0,5,0.0
1448,96140,0,0,0,6,0,0,0,6,0.0
1449,96141,3,0,0,12,0,0,3,12,0.25
1450,96142,1,0,1,12,0,0,2,12,0.16666666666666666
1451,96143,3,2,0,1,0,0,5,1,5.0
1452,96145,0,0,2,21,0,0,2,21,0.09523809523809523
1453,96146,0,0,1,21,1,0,1,22,0.045454545454545456
1454,96148,1,0,1,3,0,0,2,3,0.6666666666666666
1455,96150,10,4,4,90,0,0,18,90,0.2
1456,96161,6,3,6,76,0,0,15,76,0.19736842105263158
