ZIP,lowest_Income_2017,lowest_Income_2018,lowest_Income_2019,lowest_Income_2020,lowest_Income_2021,lowest_Income_2022,lowest_Income_2023
90001,17,14,12,10,9,9,8
90002,16,15,14,13,12,10,9
90003,17,15,14,12,9,8,8
90004,12,11,10,9,8,7,7
90005,18,15,13,13,11,8,9
90006,19,17,16,16,14,11,11
90007,15,15,13,12,11,10,10
90008,14,13,13,11,11,10,9
90011,17,16,15,14,12,11,9
90012,13,13,12,13,12,11,11
90013,10,10,9,11,9,11,10
90014,7,7,8,8,9,11,8
90015,16,14,10,7,7,8,6
90016,13,10,10,8,7,6,6
90017,17,16,14,13,10,9,8
90018,15,13,11,11,10,9,7
90019,11,11,10,10,10,8,9
90020,13,11,9,9,9,7,6
90021,8,9,12,10,13,12,7
90022,13,12,12,12,12,10,9
90023,14,14,13,10,8,9,9
90024,6,6,6,9,9,8,8
90025,6,6,5,4,5,5,6
90026,11,10,9,8,7,7,6
90027,10,9,9,7,7,7,6
90028,12,12,12,11,10,9,9
90029,13,13,13,13,12,10,9
90031,15,13,12,10,10,8,8
90032,12,12,11,10,9,8,8
90033,19,16,14,12,11,10,10
90034,8,6,6,4,3,2,3
90035,5,6,6,6,4,5,5
90036,5,5,5,4,5,4,4
90037,18,16,16,14,14,10,8
90038,17,16,13,12,10,7,7
90039,8,7,6,4,3,3,3
90040,11,10,9,7,7,8,8
90041,8,7,6,8,6,5,5
90042,10,10,9,6,4,4,4
90043,11,10,9,9,9,7,8
90044,16,14,14,12,11,10,9
90045,6,6,4,3,3,3,2
90046,8,8,7,6,6,5,5
90047,11,9,8,7,8,10,8
90048,4,4,4,4,5,4,5
90049,4,3,4,3,3,3,2
90056,9,7,7,6,7,2,2
90057,18,17,15,11,10,7,7
90058,15,15,17,17,13,15,12
90059,13,12,12,12,8,9,7
90061,14,15,15,13,12,12,10
90062,12,11,8,8,6,5,6
90063,13,11,10,9,8,7,7
90064,5,5,4,4,4,3,3
90065,8,8,8,7,6,5,6
90066,7,6,6,6,5,5,4
90067,5,7,8,12,11,8,6
90068,5,4,5,4,3,2,2
90069,5,4,5,7,5,5,5
90077,1,1,1,2,1,3,3
90089,57,57,55,44,0,0,0
90094,3,1,0,1,2,1,4
90201,15,14,13,12,11,9,8
90210,4,4,5,4,4,2,3
90211,6,5,5,4,3,1,2
90212,6,7,8,8,7,4,1
90220,12,12,10,10,9,7,5
90221,12,11,11,10,7,6,5
90222,12,10,10,10,8,7,7
90230,7,6,6,5,5,5,6
90232,5,6,5,4,3,4,4
90240,4,2,4,3,5,4,4
90241,6,6,6,5,5,5,3
90242,6,4,5,4,5,4,4
90245,4,4,4,5,5,4,3
90247,13,11,10,8,7,6,5
90248,8,7,6,4,6,3,3
90249,7,7,6,8,6,5,4
90250,11,10,10,8,6,4,4
90254,2,2,3,3,2,3,3
90255,17,15,14,12,8,8,8
90260,7,7,7,6,4,4,4
90262,11,10,10,9,8,8,6
90265,4,2,3,3,3,2,2
90266,3,3,2,1,1,2,2
90270,16,14,14,12,10,7,7
90272,4,4,2,2,3,2,2
90274,2,1,2,2,2,2,2
90275,3,4,4,3,2,2,2
90277,4,4,4,3,3,3,3
90278,5,4,3,2,2,2,3
90280,13,11,10,9,7,7,6
90290,4,3,3,1,2,3,3
90291,6,6,6,5,5,4,4
90292,3,4,5,6,6,5,4
90293,5,5,4,2,2,2,3
90301,15,11,9,8,8,8,7
90302,11,10,10,9,7,6,6
90303,11,10,9,7,8,6,6
90304,19,16,14,16,14,8,7
90305,7,7,7,5,7,10,9
90401,8,9,9,8,6,8,5
90402,5,5,4,3,4,3,4
90403,7,6,6,5,4,5,4
90404,6,6,7,7,6,5,5
90405,5,6,6,7,6,5,4
90501,9,9,8,8,6,5,4
90502,6,6,7,4,4,3,3
90503,7,6,5,4,4,3,3
90504,7,6,5,5,4,5,5
90505,6,6,5,5,3,2,2
90601,6,7,7,7,6,6,6
90602,13,10,10,12,10,8,8
90603,4,3,3,4,3,2,3
90604,7,7,6,6,5,3,3
90605,8,7,6,5,5,4,4
90606,8,8,7,5,3,3,3
90620,6,5,5,3,3,2,2
90621,9,8,7,5,3,3,2
90623,4,4,4,3,3,2,2
90630,4,3,4,4,4,3,3
90631,7,6,6,5,4,3,3
90638,6,6,6,6,6,6,6
90640,13,12,11,8,6,5,4
90650,8,8,7,6,5,5,5
90660,9,9,8,7,5,5,6
90670,9,7,7,5,4,3,4
90680,10,9,8,6,6,5,7
90701,9,8,8,6,6,4,5
90703,5,5,4,4,3,3,3
90704,14,9,9,10,8,5,3
90706,10,9,9,8,6,7,6
90710,10,10,8,9,8,6,5
90712,4,3,2,3,4,3,4
90713,6,5,6,6,5,3,4
90715,6,6,7,5,3,3,3
90716,19,17,18,12,10,8,7
90717,6,7,9,10,8,6,4
90720,4,4,4,4,4,2,3
90723,10,8,8,7,6,6,5
90731,11,10,10,11,10,8,8
90732,6,5,5,3,4,3,4
90740,11,9,8,8,7,8,6
90742,0,1,1,1,2,1,0
90743,0,0,11,9,6,6,7
90744,14,12,10,12,12,10,10
90745,7,6,5,4,5,5,5
90746,7,6,5,5,4,3,3
90755,8,8,9,10,11,7,7
90802,11,9,9,7,7,6,5
90803,6,5,5,5,4,3,3
90804,11,10,9,9,8,6,5
90805,12,10,10,9,8,6,6
90806,11,10,10,10,9,7,6
90807,7,5,5,4,4,3,4
90808,5,4,4,3,2,2,1
90810,9,9,8,7,5,4,5
90813,16,16,14,13,10,9,9
90814,8,6,5,4,5,6,7
90815,5,4,4,4,4,4,3
91001,6,5,5,5,4,3,3
91006,5,5,5,4,4,4,2
91007,6,6,4,3,4,4,4
91008,4,6,7,6,4,6,6
91010,6,6,6,5,5,5,4
91011,3,4,3,2,2,2,1
91016,7,8,7,7,5,6,5
91020,8,9,6,7,8,6,4
91024,5,4,3,2,3,2,2
91030,6,5,4,3,3,2,2
91040,6,7,7,6,6,5,6
91042,9,11,9,10,9,8,7
91101,7,7,6,7,5,5,4
91103,9,10,9,10,9,7,9
91104,9,8,7,5,5,4,3
91105,4,3,2,2,2,2,2
91106,6,6,7,7,6,5,3
91107,4,4,3,4,4,4,5
91108,2,4,3,2,3,4,4
91201,16,15,14,13,13,10,12
91202,13,11,9,6,6,5,6
91203,10,10,10,10,7,7,5
91204,13,13,11,11,12,8,9
91205,16,14,13,12,12,9,9
91206,11,11,9,9,7,7,6
91207,10,10,7,5,4,1,5
91208,4,4,3,4,3,1,2
91210,4,8,7,5,6,4,4
91214,6,5,6,4,5,3,4
91301,5,5,3,2,2,2,2
91302,2,1,2,3,4,4,3
91303,9,9,8,8,7,5,4
91304,8,6,6,7,7,7,7
91306,7,8,8,8,8,7,6
91307,5,4,3,3,2,2,2
91311,6,6,6,5,4,3,3
91316,10,10,7,6,5,5,4
91320,2,2,2,2,2,2,1
91321,8,7,8,7,6,5,4
91324,6,6,6,5,6,5,5
91325,7,7,7,7,6,5,3
91326,4,4,4,4,3,4,3
91331,10,9,8,7,7,5,5
91335,10,10,8,8,7,7,7
91340,12,12,11,8,9,7,5
91342,7,7,7,6,6,6,5
91343,10,9,8,8,7,6,6
91344,5,5,4,4,4,4,3
91345,10,9,8,9,8,5,4
91350,4,4,3,5,3,2,2
91351,5,3,3,3,4,3,3
91352,13,11,10,7,6,5,5
91354,4,4,2,2,1,2,1
91355,2,3,4,5,5,4,3
91356,4,4,5,4,4,5,6
91360,5,4,5,5,5,4,4
91361,3,3,2,2,2,2,3
91362,5,5,4,4,4,4,4
91364,6,4,4,4,3,3,2
91367,6,5,5,6,6,7,7
91377,3,4,4,3,1,1,0
91381,3,3,3,5,3,4,4
91384,2,3,3,2,2,3,4
91387,4,3,4,4,3,2,4
91390,4,5,5,4,1,2,3
91401,11,12,12,11,10,7,7
91402,13,13,13,12,11,9,9
91403,6,6,5,5,4,4,3
91405,14,13,12,11,10,9,9
91406,11,10,8,6,6,7,6
91411,14,12,10,9,7,4,5
91423,5,5,4,5,6,4,4
91436,5,4,3,3,2,4,3
91501,11,9,9,7,5,8,7
91502,18,17,13,10,9,11,13
91504,7,6,5,6,7,7,7
91505,5,5,4,4,3,3,4
91506,6,4,4,3,3,3,3
91601,10,9,9,9,7,7,6
91602,7,6,6,7,5,5,5
91604,6,6,6,5,4,3,2
91605,14,13,11,9,9,7,7
91606,13,11,11,9,8,8,9
91607,9,8,8,5,7,7,7
91701,5,5,5,4,3,2,3
91702,9,8,7,6,5,4,4
91706,10,10,10,9,8,7,6
91708,0,0,0,0,3,6,5
91709,3,3,3,2,2,1,1
91710,7,7,7,6,6,4,4
91711,5,5,5,5,5,5,3
91722,6,5,4,4,4,5,4
91723,6,9,9,7,5,6,3
91724,5,5,6,6,5,3,3
91730,6,7,6,5,6,5,5
91731,19,16,16,12,11,10,10
91732,14,11,10,9,8,7,7
91733,18,16,14,12,11,9,9
91737,4,4,4,3,3,2,4
91739,5,6,4,1,2,0,1
91740,6,5,4,4,4,3,4
91741,6,5,5,4,3,3,3
91744,7,7,6,5,5,4,3
91745,6,6,5,4,4,3,3
91746,5,5,5,5,6,6,5
91748,10,8,7,7,7,6,7
91750,8,8,8,7,6,5,5
91752,6,5,5,5,4,3,3
91754,9,9,9,8,8,7,7
91755,13,11,9,9,8,8,10
91759,6,4,0,0,0,0,0
91761,7,6,5,6,5,4,4
91762,12,11,9,7,6,6,5
91763,9,8,8,11,8,6,6
91764,10,9,8,8,9,8,7
91765,4,3,4,5,5,4,4
91766,8,8,7,8,6,5,4
91767,10,10,10,10,8,7,6
91768,10,11,9,9,8,7,6
91770,13,12,10,11,8,7,7
91773,7,8,8,7,5,5,6
91775,6,4,5,3,4,5,5
91776,12,10,10,9,7,7,7
91780,9,9,7,7,6,5,5
91784,3,4,3,2,2,3,2
91786,7,8,7,7,7,5,4
91789,4,4,4,3,4,3,3
91790,6,5,6,5,4,4,3
91791,8,6,7,8,7,5,6
91792,7,7,7,6,5,5,4
91801,12,11,10,8,8,7,5
91803,10,10,9,11,10,9,7
91901,5,5,6,5,3,2,3
91902,3,3,3,3,3,2,2
91905,13,12,13,4,14,7,6
91906,13,10,8,7,8,13,17
91910,9,8,8,6,6,5,5
91911,9,7,7,7,7,7,7
91913,5,3,2,2,1,2,2
91914,3,3,3,3,2,1,2
91915,3,2,2,4,4,4,5
91916,9,8,7,7,6,2,3
91917,4,5,21,21,16,21,18
91931,28,25,15,9,7,8,0
91932,8,7,6,5,4,5,4
91934,14,20,15,0,0,0,0
91935,4,3,3,3,2,2,2
91941,6,5,6,6,5,4,3
91942,8,8,8,8,9,7,5
91945,9,9,10,9,8,8,9
91950,14,12,12,12,10,10,9
91962,1,1,2,0,0,5,8
91963,10,12,7,14,0,0,16
91977,8,7,7,5,5,3,3
91978,6,5,8,6,9,8,8
92003,9,6,7,6,4,5,4
92004,10,11,8,3,4,8,7
92007,6,5,5,2,2,3,3
92008,5,4,5,6,7,7,6
92009,3,3,2,1,2,1,1
92010,7,7,5,3,4,3,2
92011,4,5,3,3,2,2,1
92014,1,1,2,2,0,1,1
92019,5,5,5,4,4,4,5
92020,12,10,9,8,8,8,8
92021,11,10,9,11,10,10,9
92024,5,4,4,3,2,2,2
92025,10,9,8,9,8,7,7
92026,9,8,6,7,5,5,4
92027,9,8,7,7,6,5,5
92028,7,7,6,7,5,4,4
92029,5,4,5,7,6,6,5
92036,16,17,19,9,10,4,4
92037,4,5,4,4,4,4,3
92040,8,8,7,6,5,6,5
92054,8,7,6,8,9,8,7
92056,6,5,5,6,5,4,3
92057,7,7,6,5,4,3,3
92058,10,8,8,8,9,5,4
92059,10,7,8,6,5,4,4
92060,0,0,0,0,0,0,0
92061,2,3,1,1,0,0,2
92064,5,5,5,3,3,2,2
92065,5,5,4,6,5,4,4
92066,6,18,12,13,16,13,7
92067,4,4,4,4,3,6,6
92069,7,6,7,6,4,5,4
92070,12,9,12,16,11,9,7
92071,4,5,5,5,5,5,4
92075,4,4,4,3,4,3,4
92078,9,9,6,5,5,4,4
92081,6,4,4,9,8,9,5
92082,8,8,8,7,6,5,5
92083,9,8,7,7,5,3,3
92084,7,6,5,5,3,5,4
92086,18,13,13,16,13,5,3
92091,5,4,7,12,11,6,9
92101,9,7,7,7,5,6,5
92102,15,14,12,9,6,5,5
92103,7,5,7,7,7,7,7
92104,8,7,6,5,4,4,3
92105,14,14,14,11,11,10,9
92106,6,6,3,2,2,2,1
92107,5,5,3,5,3,3,2
92108,6,6,4,3,4,3,3
92109,5,5,5,4,3,2,2
92110,11,9,7,6,5,6,5
92111,8,8,7,6,4,4,4
92113,16,15,14,13,11,11,10
92114,8,8,8,7,6,5,5
92115,11,12,11,11,11,9,7
92116,7,7,6,6,7,4,4
92117,7,6,6,5,4,4,4
92118,4,4,3,4,4,4,3
92119,7,6,7,6,6,5,4
92120,7,7,6,5,3,4,4
92121,4,3,2,2,2,2,2
92122,5,5,5,5,3,4,4
92123,4,3,3,3,4,3,3
92124,3,3,3,2,3,2,2
92126,4,4,4,3,3,3,3
92127,5,5,4,3,4,2,2
92128,3,3,3,3,3,3,3
92129,3,3,4,3,2,2,2
92130,1,1,2,2,2,1,1
92131,2,2,2,2,1,1,1
92139,8,6,6,5,5,2,2
92154,7,8,8,6,6,5,3
92173,14,11,10,10,9,8,8
92201,12,12,11,14,13,10,8
92203,6,6,6,5,4,4,3
92210,8,10,11,8,8,7,8
92211,7,6,7,7,6,4,5
92220,14,13,13,13,9,10,10
92223,6,6,5,5,5,4,4
92225,12,14,14,15,13,10,10
92227,11,13,15,14,14,9,9
92230,16,12,12,11,4,5,0
92231,15,14,12,13,11,14,15
92233,11,9,8,2,5,7,7
92234,13,12,12,11,10,9,8
92236,17,18,17,17,15,12,10
92239,4,0,0,0,1,1,1
92240,16,18,18,15,13,12,12
92241,21,19,19,17,13,12,11
92242,26,25,22,18,13,10,10
92243,13,14,13,15,12,11,10
92249,13,8,7,11,11,7,10
92250,10,10,10,12,16,18,12
92251,4,5,6,6,7,7,9
92252,19,21,21,17,17,11,14
92253,7,5,4,4,4,4,4
92254,17,25,24,20,24,20,15
92256,10,12,14,15,17,12,10
92257,15,21,25,19,14,20,12
92258,12,15,7,10,6,16,14
92259,27,0,22,18,47,44,42
92260,12,11,9,9,9,7,7
92262,12,12,11,12,11,10,9
92264,15,13,12,10,9,7,7
92266,48,43,56,26,48,46,47
92268,12,6,4,0,15,17,26
92270,11,9,8,8,6,5,4
92273,8,11,11,16,10,10,4
92274,17,18,18,22,25,26,23
92275,18,18,18,31,29,29,30
92276,19,17,9,13,18,15,11
92277,14,12,11,11,7,7,6
92281,18,18,14,11,9,14,15
92282,9,9,12,9,19,15,13
92283,26,24,17,16,14,8,12
92284,14,16,12,10,11,10,10
92285,14,14,16,15,11,13,12
92301,16,13,13,12,9,7,5
92305,3,0,0,0,0,0,0
92307,9,8,7,8,7,7,7
92308,13,12,11,9,7,6,4
92309,20,21,20,18,18,11,11
92310,5,2,4,5,4,3,6
92311,13,12,12,10,12,8,8
92313,7,5,6,8,6,4,6
92314,7,9,9,9,7,6,6
92315,11,11,11,7,6,5,8
92316,12,12,9,8,5,5,4
92320,8,9,9,8,9,7,6
92321,13,9,9,4,3,0,4
92322,9,10,4,0,6,7,9
92324,11,9,7,8,6,6,4
92325,9,9,12,10,6,4,2
92327,14,10,11,10,29,19,23
92328,15,15,17,9,5,3,4
92332,0,0,0,0,0,0,0
92333,18,19,15,6,6,0,8
92335,12,11,11,10,9,8,7
92336,4,3,4,5,4,3,3
92337,4,4,4,3,3,3,3
92339,7,5,8,5,4,5,0
92341,9,9,9,8,7,7,8
92342,5,6,4,5,8,5,3
92344,4,4,3,3,1,1,2
92345,12,13,11,11,10,8,8
92346,10,10,8,6,5,3,3
92347,0,0,2,4,0,0,3
92352,7,8,8,3,1,2,2
92354,7,8,7,7,6,6,5
92356,19,15,15,14,12,9,9
92358,12,16,19,16,13,14,14
92359,10,9,8,11,10,4,8
92363,15,19,16,19,18,17,15
92365,18,19,15,13,14,8,7
92368,18,12,15,8,6,5,6
92371,7,10,11,12,8,7,8
92372,4,6,5,5,6,9,7
92373,6,6,7,6,5,5,5
92374,8,8,8,6,5,5,4
92376,11,10,9,8,7,7,7
92377,5,7,7,7,6,2,1
92378,0,0,17,20,16,11,10
92382,8,6,3,2,3,5,4
92384,0,0,0,0,0,0,0
92385,0,0,0,0,0,0,9
92386,17,8,10,16,11,11,12
92389,0,4,7,9,7,24,31
92391,10,14,17,14,17,21,11
92392,10,9,6,7,6,6,7
92394,11,11,9,10,10,6,4
92395,13,12,10,14,13,12,12
92397,10,4,5,8,5,3,3
92398,4,4,4,0,0,0,0
92399,9,9,7,6,6,6,6
92401,18,19,19,19,20,19,11
92404,14,12,10,9,10,7,5
92405,11,10,11,12,9,7,9
92407,10,9,8,7,7,6,6
92408,14,14,14,8,7,4,4
92410,20,20,18,16,13,9,8
92411,15,15,13,12,11,9,11
92501,11,9,7,5,7,6,6
92503,8,7,7,7,6,5,4
92504,9,8,8,6,4,4,4
92505,8,7,6,7,6,5,4
92506,6,6,5,4,3,4,2
92507,9,9,8,8,6,6,6
92508,3,4,3,3,2,1,1
92509,9,8,7,6,5,5,5
92518,3,5,17,18,16,14,9
92530,11,10,8,8,7,6,6
92532,4,7,6,5,4,3,2
92536,7,10,11,11,9,15,14
92539,21,23,25,15,13,12,11
92543,17,17,19,17,15,12,8
92544,13,12,11,10,10,9,8
92545,13,13,12,13,13,10,10
92548,13,12,12,8,7,7,4
92549,6,9,11,10,7,6,4
92551,9,7,5,4,3,3,2
92553,11,11,10,8,6,6,5
92555,3,4,3,4,4,3,2
92557,7,6,6,5,5,4,3
92561,4,13,12,10,20,14,10
92562,6,6,5,3,3,3,3
92563,3,3,3,3,2,2,2
92567,12,8,8,7,6,7,7
92570,12,10,8,7,6,5,4
92571,9,9,7,6,3,3,3
92582,5,3,3,2,2,2,2
92583,16,15,15,13,11,8,7
92584,3,3,3,3,4,4,4
92585,10,8,8,5,4,1,2
92586,17,16,16,16,13,11,12
92587,6,6,5,4,5,4,4
92590,10,10,7,4,2,2,1
92591,6,5,5,4,2,3,2
92592,4,3,3,2,2,1,1
92595,6,5,5,5,5,5,4
92596,2,2,2,1,1,2,2
92602,3,2,2,2,3,3,3
92603,1,1,1,2,3,3,3
92604,3,4,4,4,3,4,4
92606,6,4,2,2,2,3,3
92610,0,1,1,1,0,0,1
92612,6,5,5,5,6,6,5
92614,3,3,2,1,2,4,4
92617,11,10,7,10,8,5,8
92618,2,3,2,2,3,3,2
92620,5,5,4,3,2,2,2
92624,3,3,4,5,5,5,4
92625,5,5,5,5,5,5,3
92626,4,4,4,3,4,4,4
92627,8,8,6,6,5,4,3
92629,5,6,4,4,5,3,5
92630,4,4,4,3,2,2,2
92637,13,14,15,13,9,10,9
92646,5,5,5,4,3,3,2
92647,8,7,5,5,4,4,4
92648,5,5,4,5,4,4,3
92649,4,5,5,5,5,3,2
92651,4,4,4,2,3,2,3
92653,3,4,4,4,4,4,3
92655,12,14,11,12,11,10,14
92656,3,3,3,4,3,2,2
92657,2,2,1,1,1,1,2
92660,5,4,4,4,4,3,3
92661,7,3,6,5,4,1,1
92662,2,1,2,2,1,0,0
92663,4,4,4,5,3,3,1
92672,4,5,4,4,3,4,3
92673,3,3,3,3,2,3,2
92675,8,6,6,5,3,3,3
92676,2,4,4,4,4,3,3
92677,5,5,4,4,4,2,2
92679,2,2,1,1,1,1,0
92683,11,10,10,9,9,8,7
92688,4,4,4,3,3,3,3
92691,3,3,2,2,3,3,2
92692,5,5,4,3,3,3,2
92694,1,0,0,0,1,1,1
92701,16,14,11,9,9,6,6
92703,10,9,7,6,6,6,6
92704,7,6,6,5,4,3,3
92705,5,4,4,3,2,2,2
92706,9,8,6,5,4,5,4
92707,6,6,6,5,4,4,3
92708,7,7,7,6,6,4,4
92780,7,6,6,5,5,5,5
92782,4,4,3,2,2,1,2
92801,10,8,9,8,7,7,6
92802,10,10,9,8,7,6,5
92804,9,8,7,7,5,4,4
92805,7,7,7,6,5,6,5
92806,8,8,8,6,6,5,4
92807,3,2,2,2,1,2,2
92808,4,3,2,2,2,2,3
92821,5,4,4,4,3,3,4
92823,9,5,1,2,2,3,3
92831,7,6,5,4,4,5,3
92832,9,9,8,7,6,6,8
92833,7,5,4,4,4,3,2
92835,4,4,4,4,2,3,3
92840,8,8,7,6,6,5,4
92841,10,9,8,7,6,6,7
92843,11,10,9,8,7,7,6
92844,12,11,11,11,10,7,6
92845,5,5,4,3,3,2,2
92860,5,5,5,5,5,4,3
92861,2,2,2,1,2,0,1
92865,3,4,4,3,2,2,1
92866,7,8,8,9,5,6,6
92867,5,5,5,4,6,5,5
92868,6,5,6,6,3,4,5
92869,3,3,2,2,1,2,1
92870,6,6,5,4,4,3,3
92879,7,9,8,7,6,5,4
92880,5,3,3,1,2,1,1
92881,4,3,2,1,2,2,3
92882,7,6,5,5,4,3,3
92883,4,4,4,4,5,3,4
92886,4,3,4,4,3,3,3
92887,2,2,2,2,2,2,1
93001,9,8,7,7,6,5,5
93003,6,6,6,5,4,4,4
93004,5,5,4,4,4,4,4
93010,5,4,5,4,4,4,3
93012,5,5,4,6,5,4,4
93013,5,6,6,4,4,4,3
93015,10,9,8,8,8,6,7
93021,3,3,3,3,3,2,2
93022,8,7,5,4,4,2,3
93023,9,7,7,6,5,5,3
93030,7,7,7,5,5,5,5
93033,9,8,8,8,6,4,4
93035,5,5,3,2,3,3,2
93036,9,9,7,5,4,3,2
93040,12,14,17,14,12,10,3
93041,7,9,10,8,6,5,3
93060,11,9,9,9,6,6,6
93063,6,6,5,5,4,3,3
93065,4,5,4,4,4,3,3
93066,4,5,4,2,3,3,2
93067,7,9,11,13,14,0,0
93101,9,9,8,6,8,7,7
93103,6,6,5,4,3,3,1
93105,6,5,6,4,2,2,3
93108,5,4,4,3,4,4,4
93109,8,7,8,7,6,2,2
93110,8,8,6,5,4,5,5
93111,4,4,3,1,2,2,2
93117,9,8,8,6,5,6,6
93201,17,15,12,19,26,20,19
93202,10,10,11,7,10,7,5
93203,16,13,15,15,9,7,8
93204,14,14,13,9,11,7,7
93205,27,39,25,30,30,19,13
93206,12,12,12,9,13,13,9
93207,19,16,24,30,14,4,4
93208,4,4,3,0,0,0,0
93210,10,8,9,8,6,7,6
93212,15,13,15,15,15,14,12
93215,17,16,15,15,14,12,10
93218,21,23,27,21,23,17,7
93219,21,19,16,13,12,7,8
93221,12,10,11,10,10,8,7
93222,7,6,7,6,5,4,5
93223,21,19,16,14,13,12,10
93224,11,15,11,5,8,9,13
93225,11,11,9,9,12,9,12
93226,8,17,23,33,37,20,0
93230,9,7,7,7,8,6,6
93234,19,23,29,21,22,16,9
93235,17,15,19,16,8,9,10
93238,20,25,29,46,3,8,10
93239,26,28,18,7,4,0,0
93240,16,12,11,19,20,11,17
93241,20,15,14,21,21,17,20
93242,12,10,12,8,18,14,13
93243,28,17,24,34,33,11,10
93244,9,5,2,2,0,0,0
93245,10,9,8,6,5,5,3
93247,18,18,18,17,14,9,10
93249,19,16,15,13,9,10,9
93250,19,20,16,16,14,11,9
93251,21,11,8,6,8,2,0
93252,14,19,17,13,10,10,9
93254,14,6,4,16,16,2,14
93255,36,38,28,24,32,35,22
93256,22,20,16,17,11,6,3
93257,15,14,14,15,13,8,7
93260,9,2,2,2,5,3,11
93263,15,18,17,13,10,7,6
93265,7,6,9,10,7,5,4
93266,15,8,4,3,4,0,8
93267,15,10,10,8,17,16,15
93268,13,14,15,11,9,10,7
93270,17,21,24,20,20,9,4
93271,9,7,4,3,3,5,1
93272,12,12,12,8,10,7,4
93274,11,9,9,9,7,7,7
93276,10,9,10,13,16,16,13
93277,12,11,11,9,8,6,4
93280,17,14,13,10,10,8,14
93283,19,6,13,12,21,25,20
93285,20,23,20,21,17,12,18
93286,15,16,17,19,17,10,7
93287,0,0,0,0,6,10,10
93291,10,11,11,7,7,5,5
93292,11,9,8,7,4,3,4
93301,16,15,12,14,12,15,14
93304,13,12,12,10,9,7,9
93305,16,15,17,16,14,13,12
93306,10,10,11,10,9,9,8
93307,13,12,13,12,11,10,8
93308,13,13,13,12,12,11,9
93309,13,11,11,9,8,8,7
93311,4,4,4,3,2,2,1
93312,3,2,3,4,2,2,2
93313,4,7,5,4,4,4,2
93314,3,2,2,3,2,2,2
93401,8,8,8,7,6,6,7
93402,6,7,7,5,7,6,5
93405,11,12,12,12,13,11,11
93420,6,8,7,6,4,5,6
93422,5,5,5,5,5,4,4
93424,4,4,0,0,0,5,5
93426,4,7,5,4,2,1,3
93427,1,4,5,5,5,6,2
93428,6,7,6,6,7,6,5
93429,0,0,31,41,54,0,0
93430,6,4,2,4,4,3,4
93432,3,2,1,4,0,0,0
93433,9,7,6,5,4,5,6
93434,9,11,10,10,10,8,6
93436,9,8,8,7,7,6,5
93437,4,4,2,2,2,0,1
93440,9,8,7,0,0,1,1
93441,8,8,9,8,4,5,5
93442,7,7,7,7,7,6,5
93444,5,4,4,2,5,2,2
93445,7,6,9,9,4,8,8
93446,6,6,6,6,4,4,4
93449,9,6,6,5,3,3,3
93450,24,16,13,10,14,10,24
93451,14,14,10,5,2,2,1
93452,12,14,5,3,3,0,0
93453,8,12,17,32,25,24,27
93454,10,10,8,8,9,6,7
93455,6,5,4,4,4,3,3
93458,10,9,7,6,5,5,5
93460,3,3,4,5,4,4,3
93461,6,6,6,5,4,2,0
93463,7,5,5,4,2,3,2
93465,6,5,6,3,1,1,1
93501,14,19,15,18,14,8,8
93505,15,13,12,8,10,8,9
93510,3,4,4,5,2,6,7
93512,25,20,31,28,22,13,10
93513,12,8,10,10,14,14,11
93514,9,8,7,7,7,7,6
93516,13,13,14,10,10,11,6
93517,17,13,1,2,19,0,0
93518,22,16,12,13,8,5,2
93523,1,2,5,4,6,3,3
93526,12,16,15,13,12,13,8
93527,22,17,22,15,5,11,8
93528,0,27,0,0,0,0,0
93529,0,0,0,0,0,0,0
93531,9,13,0,0,0,0,0
93532,4,8,6,7,9,5,3
93534,10,9,11,11,11,9,8
93535,9,9,9,10,8,6,5
93536,5,5,4,5,5,5,6
93541,3,0,0,0,0,0,0
93543,9,8,10,13,9,10,8
93544,15,19,17,19,15,16,18
93545,19,14,14,15,16,5,6
93546,3,3,3,5,7,7,7
93549,7,9,12,19,20,22,20
93550,13,11,11,11,8,8,7
93551,5,5,5,3,3,3,3
93552,8,7,6,5,6,4,5
93553,18,21,19,15,12,4,8
93554,0,0,31,37,61,78,0
93555,12,10,8,7,6,6,6
93560,10,9,9,8,8,7,9
93561,8,7,6,5,4,4,3
93562,15,14,15,15,18,13,13
93563,7,0,0,0,0,0,0
93591,10,11,8,9,6,5,5
93601,14,9,7,7,5,6,9
93602,5,6,8,10,13,12,10
93603,0,0,0,0,0,0,0
93604,8,6,3,0,0,0,0
93606,2,6,13,16,13,18,26
93608,20,14,7,5,6,0,0
93609,17,14,12,7,6,8,6
93610,8,8,10,8,6,5,7
93611,6,5,4,3,3,3,1
93612,13,12,11,11,10,8,8
93614,9,9,6,8,5,4,6
93615,13,10,7,8,13,10,13
93616,16,22,15,9,10,12,7
93618,15,13,12,11,9,9,11
93619,2,1,1,3,2,2,2
93620,15,15,14,16,14,11,13
93621,15,0,0,0,0,0,0
93622,17,14,14,18,9,10,8
93624,17,18,14,15,5,12,12
93625,14,12,9,6,7,8,7
93626,7,1,0,0,1,2,1
93627,0,0,0,0,0,0,0
93628,25,24,34,65,65,0,0
93630,12,13,11,8,12,11,11
93631,10,9,8,6,7,9,7
93635,10,8,7,8,8,10,10
93636,5,5,3,3,3,2,1
93637,10,9,7,6,7,8,7
93638,14,11,10,10,10,10,8
93640,23,22,23,18,13,14,11
93641,20,19,14,11,18,33,32
93643,10,7,11,13,14,12,7
93644,13,10,9,9,9,7,6
93645,0,0,0,0,0,0,0
93646,20,20,22,24,20,16,13
93647,24,20,22,23,12,11,9
93648,17,17,15,15,14,12,11
93650,19,24,19,13,14,9,10
93651,5,3,10,7,5,5,9
93652,8,9,4,4,4,3,0
93653,6,7,7,4,1,3,5
93654,13,12,10,11,11,7,5
93656,11,9,7,5,6,5,5
93657,11,11,10,10,7,6,4
93660,19,17,14,16,14,10,16
93662,10,11,11,10,8,7,6
93664,1,6,6,5,4,4,3
93666,17,16,13,15,12,13,4
93667,3,4,6,8,9,3,3
93668,8,4,5,22,0,0,0
93669,0,13,11,0,0,0,0
93673,14,8,8,8,9,9,6
93675,12,12,18,15,11,5,4
93701,20,22,25,31,21,13,14
93702,21,20,21,20,18,14,12
93703,18,17,16,18,17,13,12
93704,9,10,9,10,9,7,7
93705,15,15,15,12,10,10,9
93706,17,17,16,14,13,11,11
93710,11,10,11,12,11,10,6
93711,7,7,6,5,4,3,4
93720,5,5,4,4,4,4,4
93721,9,11,11,14,23,22,19
93722,9,9,9,6,6,6,5
93723,6,4,5,6,5,5,5
93725,15,12,12,11,9,7,6
93726,17,16,16,13,11,7,7
93727,11,10,9,8,7,6,5
93728,17,18,18,15,12,12,10
93730,4,5,4,6,5,4,0
93901,9,9,9,6,7,5,6
93905,13,12,12,10,10,8,8
93906,8,7,6,6,5,5,5
93907,6,7,6,5,5,3,3
93908,2,2,2,1,2,2,1
93920,8,9,9,9,3,1,4
93923,6,6,5,5,6,5,5
93924,2,3,5,6,4,3,3
93925,8,10,10,10,8,2,0
93926,6,6,4,8,7,4,3
93927,12,11,11,12,8,5,4
93930,12,9,7,5,5,3,2
93932,21,23,26,22,14,0,0
93933,7,8,8,8,7,6,5
93940,6,4,6,5,5,4,4
93950,5,5,4,4,4,4,5
93953,1,2,2,2,2,2,1
93954,14,15,25,25,5,5,8
93955,10,10,9,9,8,6,5
93960,4,5,5,5,5,4,5
93962,0,0,0,0,21,19,26
94002,4,3,3,2,2,3,4
94005,2,2,3,0,0,1,1
94010,4,3,3,2,2,2,1
94014,7,6,4,6,6,5,4
94015,5,4,5,5,4,3,3
94019,5,4,3,2,3,2,3
94020,0,0,0,0,0,5,5
94021,36,39,0,0,0,0,0
94022,3,2,1,1,1,1,1
94024,2,1,2,2,1,1,2
94025,4,4,4,3,2,2,2
94027,3,4,3,1,1,1,1
94028,3,3,3,2,2,3,2
94030,4,5,6,6,5,5,4
94037,0,0,0,0,0,0,1
94038,0,0,0,0,0,4,6
94040,5,5,5,5,4,2,2
94041,4,3,2,2,1,1,1
94043,5,4,3,3,2,1,2
94044,4,4,3,3,3,2,2
94060,2,3,10,8,8,0,0
94061,6,6,4,3,3,2,1
94062,4,4,3,1,2,2,1
94063,10,9,7,5,5,4,3
94065,1,1,3,4,3,2,2
94066,5,4,4,4,3,3,1
94070,3,3,2,2,2,1,1
94074,0,0,0,0,0,0,0
94080,4,4,4,4,3,3,3
94085,4,5,4,3,2,2,1
94086,4,3,3,2,2,2,2
94087,3,3,3,3,3,2,2
94089,6,5,4,3,2,1,1
94102,11,11,9,7,8,8,9
94103,10,7,6,6,4,7,6
94104,14,13,13,11,35,17,17
94105,3,4,1,0,0,0,1
94107,6,6,6,5,4,5,4
94108,13,12,11,10,8,10,9
94109,7,7,7,6,6,6,6
94110,5,5,5,5,4,4,4
94111,5,4,3,3,6,2,3
94112,7,6,5,4,3,3,3
94114,2,1,2,3,3,3,3
94115,7,7,6,7,6,5,5
94116,6,5,5,4,4,3,3
94117,4,3,3,4,2,2,2
94118,5,4,5,4,4,4,4
94121,5,5,5,5,4,3,3
94122,4,3,3,3,3,3,2
94123,4,3,3,2,2,1,1
94124,10,10,9,7,6,7,8
94127,4,2,1,2,2,2,3
94129,0,0,0,0,0,0,2
94130,8,6,4,7,3,3,7
94131,3,3,3,2,1,1,1
94132,7,7,6,7,6,6,6
94133,10,10,10,9,10,10,9
94134,8,7,7,8,7,6,5
94158,2,2,1,1,4,2,2
94301,4,3,2,3,3,3,2
94303,5,4,4,5,3,3,3
94304,4,3,0,1,2,3,3
94305,4,4,3,1,1,3,4
94306,5,5,5,4,3,3,1
94401,6,4,5,6,5,5,5
94402,2,3,3,2,1,1,0
94403,4,4,3,5,4,3,3
94404,3,3,2,2,2,2,2
94501,6,6,5,5,4,4,3
94502,1,1,3,3,2,0,0
94503,6,4,4,2,3,2,2
94505,2,1,2,3,3,3,3
94506,1,1,1,4,5,2,2
94507,1,1,1,1,1,2,0
94508,1,0,0,0,0,7,5
94509,9,9,8,8,5,5,4
94510,4,5,6,6,6,6,6
94511,20,15,12,5,0,8,8
94513,5,5,4,5,3,2,3
94514,6,6,6,5,2,7,9
94515,11,7,6,3,3,2,1
94517,4,4,3,1,1,2,2
94518,3,3,3,3,4,2,2
94519,4,4,3,1,3,2,4
94520,12,9,8,6,6,4,5
94521,5,4,4,4,3,3,2
94523,5,3,4,3,2,3,2
94525,7,6,4,6,6,7,4
94526,2,3,2,2,2,2,1
94528,0,0,0,6,9,0,10
94530,5,6,5,5,4,4,2
94531,5,4,3,3,2,2,3
94533,8,7,5,6,5,4,3
94534,3,3,2,2,2,1,1
94535,4,3,4,6,6,4,2
94536,4,4,4,4,3,2,3
94538,4,4,3,4,3,2,2
94539,1,1,1,2,2,2,2
94541,9,7,6,5,3,4,4
94542,3,2,2,2,1,0,1
94544,6,5,5,5,4,4,3
94545,7,6,6,6,6,4,4
94546,7,5,4,4,3,3,2
94547,3,4,2,3,3,3,2
94548,0,0,0,0,0,0,0
94549,3,3,3,3,2,1,1
94550,4,3,3,3,3,2,2
94551,4,3,2,2,2,2,2
94552,2,2,2,2,2,1,1
94553,6,5,5,4,3,3,2
94555,3,2,2,2,2,2,2
94556,3,3,3,2,2,2,4
94558,6,6,4,5,4,3,4
94559,6,7,5,5,4,3,3
94560,3,3,2,3,2,1,1
94561,6,6,5,7,6,4,2
94563,2,1,2,2,3,2,3
94564,5,5,4,3,2,1,3
94565,9,7,6,4,4,4,4
94566,3,4,4,4,3,2,2
94567,5,6,7,18,17,4,3
94568,3,2,2,1,1,1,1
94569,0,0,0,43,0,0,0
94571,8,5,4,6,5,4,2
94572,5,5,6,6,5,5,3
94574,4,6,6,6,2,2,0
94576,0,0,0,0,0,0,0
94577,7,5,5,4,5,5,4
94578,10,10,6,5,6,5,6
94579,6,5,5,6,5,5,5
94580,5,4,4,6,6,7,7
94582,1,1,1,1,1,1,1
94583,2,2,2,2,2,2,1
94585,4,4,5,4,4,4,5
94586,4,3,1,1,1,0,0
94587,4,3,3,3,3,3,3
94588,2,2,2,1,1,2,2
94589,7,6,6,6,5,5,5
94590,13,11,10,7,9,7,6
94591,5,5,5,4,4,4,3
94592,3,3,3,5,0,0,0
94595,6,6,6,7,5,5,3
94596,6,6,5,3,2,1,1
94597,6,5,4,3,3,2,2
94598,3,2,2,3,2,3,3
94599,7,8,5,6,5,3,2
94601,11,10,9,7,6,9,7
94602,7,6,5,4,3,4,3
94603,10,9,8,7,7,8,8
94605,7,7,7,7,6,6,5
94606,13,11,10,8,8,7,7
94607,12,12,11,9,9,9,9
94608,8,6,6,5,4,3,4
94609,8,7,7,6,6,5,4
94610,4,3,4,2,2,3,2
94611,4,4,6,4,4,3,3
94612,11,9,10,10,8,8,7
94618,4,3,3,2,2,1,2
94619,5,5,5,4,3,2,2
94621,16,16,16,18,16,11,9
94702,7,8,7,6,5,5,6
94703,7,6,6,7,7,5,6
94704,15,14,13,10,10,8,8
94705,5,5,5,5,3,3,3
94706,4,4,4,3,3,3,3
94707,2,2,2,5,4,2,2
94708,2,1,1,1,1,2,3
94709,8,6,6,6,4,4,3
94710,7,6,5,4,3,4,3
94720,0,22,34,73,3,7,8
94801,13,11,8,6,5,5,7
94803,4,5,4,3,3,3,3
94804,10,8,8,6,7,6,6
94805,6,6,7,5,4,4,2
94806,9,7,6,5,5,4,4
94901,7,6,6,5,4,4,4
94903,5,4,4,4,5,4,3
94904,5,4,4,4,4,3,2
94920,3,2,2,2,3,1,0
94922,4,4,4,6,0,0,0
94923,6,6,12,5,4,8,6
94924,9,8,8,7,10,8,5
94925,7,5,4,4,2,1,1
94928,7,7,6,5,5,4,3
94929,0,0,0,0,0,0,0
94930,7,5,4,4,5,3,2
94931,9,7,6,5,4,2,2
94933,0,5,4,3,2,2,2
94937,13,6,0,0,0,0,0
94938,8,11,9,5,8,0,0
94939,8,6,7,5,2,3,4
94940,0,0,0,0,0,0,0
94941,4,4,3,3,2,2,2
94945,5,6,6,5,6,6,5
94946,1,2,2,2,3,3,1
94947,5,4,4,4,3,4,3
94949,9,7,6,6,4,2,1
94951,5,6,1,3,0,2,1
94952,7,7,5,4,4,3,3
94954,6,6,5,4,4,3,3
94956,10,6,2,7,11,10,9
94957,0,0,0,0,0,2,0
94960,5,4,3,3,3,2,3
94963,0,0,0,20,11,10,11
94964,0,0,0,0,0,0,0
94965,4,4,5,4,4,4,3
94970,7,12,11,5,6,11,10
94971,11,13,19,0,0,0,0
94972,0,0,0,0,0,0,0
94973,3,3,3,2,0,0,0
95002,6,4,5,6,3,4,6
95003,6,5,5,3,3,3,2
95004,3,2,3,3,0,0,1
95005,5,5,4,2,1,2,3
95006,6,5,5,4,3,2,2
95007,18,20,0,0,0,0,0
95008,4,4,4,5,4,5,4
95010,6,6,6,7,4,5,5
95012,8,6,3,4,2,2,2
95013,0,0,0,0,0,0,0
95014,3,2,2,2,3,3,3
95017,10,8,5,5,0,0,1
95018,4,5,3,2,3,4,2
95019,20,25,27,17,20,10,8
95020,7,5,4,5,3,3,3
95023,5,5,5,4,3,2,2
95030,3,3,3,6,5,3,3
95032,2,3,3,4,4,3,2
95033,1,1,1,1,1,1,1
95035,4,4,3,3,3,2,2
95037,5,5,3,2,2,2,2
95039,18,15,0,0,0,0,0
95041,7,8,9,8,2,0,0
95043,7,4,4,3,1,1,1
95045,10,8,8,5,3,4,3
95046,3,2,2,2,2,5,3
95050,6,6,4,4,3,4,5
95051,4,3,3,3,2,2,1
95054,2,3,3,3,3,3,1
95060,9,8,8,7,7,5,5
95062,9,8,8,7,5,6,6
95064,8,8,11,6,1,2,3
95065,4,4,4,3,3,3,3
95066,3,4,3,3,3,3,3
95070,2,2,2,2,1,1,1
95073,6,5,3,4,4,5,5
95075,7,8,4,4,6,11,7
95076,8,7,7,7,7,7,6
95110,5,3,4,4,3,4,5
95111,9,8,7,7,6,6,6
95112,9,9,9,8,8,7,6
95113,7,3,2,2,2,2,1
95116,11,10,9,7,7,6,7
95117,6,4,4,3,1,2,3
95118,4,4,3,3,3,3,4
95119,2,2,2,1,1,2,2
95120,2,1,1,2,1,1,2
95121,5,4,4,5,4,3,2
95122,8,6,5,3,3,3,3
95123,4,3,3,2,2,1,2
95124,4,3,2,2,2,2,1
95125,5,5,5,5,4,3,3
95126,6,6,5,5,3,3,2
95127,5,5,4,4,4,4,4
95128,6,5,5,6,5,2,3
95129,3,3,3,2,2,2,2
95130,6,5,4,5,4,2,2
95131,3,3,4,3,3,2,1
95132,5,4,4,4,5,3,3
95133,8,9,8,9,7,6,6
95134,2,1,1,2,1,2,1
95135,3,3,2,3,2,3,3
95136,4,4,4,4,3,4,4
95138,2,1,2,1,2,2,2
95139,2,3,2,2,4,2,1
95140,0,0,0,0,0,0,0
95148,2,3,3,3,3,2,2
95202,23,21,19,12,14,17,16
95203,14,14,14,13,13,10,7
95204,11,10,9,9,9,10,10
95205,14,15,15,14,11,10,9
95206,13,11,10,8,7,6,4
95207,13,11,10,9,9,7,7
95209,7,6,5,6,6,4,3
95210,14,13,12,12,9,7,7
95212,5,6,5,4,4,4,5
95215,16,15,15,14,12,8,6
95219,4,4,4,4,3,4,3
95220,8,7,5,6,4,1,1
95222,8,9,10,9,9,4,2
95223,9,8,8,10,8,8,8
95224,44,47,23,25,17,0,0
95225,37,17,0,0,0,0,0
95227,0,0,0,0,0,0,0
95228,7,7,7,4,4,4,3
95230,15,22,16,6,7,12,8
95231,15,12,15,10,8,7,2
95232,25,22,30,0,0,0,0
95236,6,6,8,11,9,7,4
95237,8,7,4,7,8,8,7
95240,15,14,10,9,8,6,6
95242,8,8,7,5,4,4,3
95245,6,8,8,11,10,14,12
95246,20,11,10,9,4,4,3
95247,12,9,9,6,5,5,5
95248,21,18,0,0,0,0,0
95249,10,10,13,11,13,14,14
95251,3,0,7,7,7,15,12
95252,9,8,8,6,5,2,2
95254,11,10,0,0,0,0,0
95255,21,20,17,20,18,5,6
95257,8,7,12,14,14,13,3
95258,7,7,8,5,3,3,3
95301,10,9,8,8,7,7,7
95303,13,10,10,5,4,7,11
95304,9,9,10,10,8,4,3
95306,5,2,12,7,0,0,0
95307,11,11,9,7,6,6,4
95310,19,16,10,11,6,11,16
95311,18,17,19,19,13,8,7
95312,19,13,0,0,6,2,4
95313,8,6,6,6,2,3,3
95315,14,12,13,13,8,6,7
95316,4,6,6,10,10,8,7
95317,14,14,6,6,5,4,0
95318,0,0,0,0,7,0,0
95319,8,4,7,8,7,4,5
95320,9,11,11,11,10,8,5
95321,14,16,18,14,15,10,6
95322,12,8,8,8,4,8,8
95323,7,7,8,7,3,2,2
95324,12,12,10,4,5,4,4
95326,10,8,7,8,6,7,5
95327,15,18,13,13,16,14,12
95328,16,19,14,14,16,15,13
95329,13,9,10,11,12,7,7
95330,6,5,5,5,3,2,1
95333,15,12,10,8,8,7,6
95334,8,8,6,5,5,4,4
95335,43,33,40,55,52,72,0
95336,9,8,8,6,6,5,5
95337,6,8,8,7,4,3,2
95338,11,13,13,11,10,6,10
95340,11,9,9,9,11,9,9
95341,17,14,12,10,9,9,10
95345,4,3,3,1,2,1,8
95346,8,9,11,11,4,5,6
95348,11,11,10,9,10,7,6
95350,12,10,9,8,7,7,7
95351,13,13,12,11,9,11,11
95354,11,11,11,11,10,7,6
95355,9,8,7,6,6,6,5
95356,7,6,7,5,3,3,3
95357,8,8,8,7,5,4,3
95358,13,10,11,10,9,6,4
95360,6,7,6,5,5,5,6
95361,11,10,9,8,7,4,3
95363,7,5,5,4,4,5,5
95365,19,18,18,11,15,10,9
95366,7,6,7,8,6,6,5
95367,7,6,5,5,4,4,4
95368,2,4,4,10,8,3,4
95369,7,5,5,8,2,1,3
95370,8,7,8,7,6,7,6
95372,1,1,2,2,5,2,4
95374,1,1,4,5,4,3,1
95376,6,6,5,5,5,4,4
95377,3,2,3,2,3,2,1
95379,3,5,3,1,1,1,0
95380,13,11,13,13,11,9,7
95382,8,8,8,7,6,7,4
95383,8,7,1,0,0,1,1
95385,0,4,5,4,3,5,4
95386,6,8,9,8,8,6,7
95387,30,11,0,0,0,7,7
95388,12,12,11,9,9,5,5
95389,15,14,12,3,10,8,9
95391,0,0,0,0,0,0,1
95401,8,6,5,6,5,5,4
95403,6,6,6,6,5,4,3
95404,7,7,5,4,4,4,4
95405,5,5,3,4,4,3,4
95407,8,8,7,7,6,4,4
95409,6,7,6,5,4,4,4
95410,2,6,1,4,5,4,21
95412,10,21,19,14,18,13,7
95415,12,6,5,6,0,4,4
95417,0,5,6,10,11,22,0
95420,0,0,0,0,0,12,18
95421,12,13,10,9,7,9,9
95422,19,17,16,13,12,12,10
95423,15,13,11,12,8,10,16
95425,7,6,5,5,3,4,3
95426,4,6,9,16,16,18,13
95427,16,15,14,9,8,0,0
95428,23,18,19,18,12,8,10
95429,0,7,10,13,10,8,0
95432,3,4,6,7,15,33,23
95436,8,8,8,4,6,7,6
95437,11,10,11,10,10,9,7
95439,4,5,0,0,0,3,0
95441,6,6,6,6,3,0,0
95442,10,5,4,4,1,2,1
95443,27,28,49,50,100,60,0
95444,6,7,8,13,9,0,0
95445,8,7,9,9,8,6,3
95446,13,9,9,9,8,7,8
95448,8,5,5,4,4,5,4
95449,12,14,5,1,0,2,6
95450,3,1,2,2,1,0,6
95451,13,8,6,5,5,6,5
95452,8,3,3,2,0,0,2
95453,13,9,4,7,8,8,8
95454,8,9,10,3,4,5,4
95456,7,11,15,23,33,34,22
95457,16,19,19,21,18,16,12
95458,13,11,14,9,10,7,8
95459,10,10,12,9,8,10,5
95460,14,15,9,11,9,3,9
95461,9,11,7,4,4,3,4
95462,11,15,15,12,11,7,6
95463,38,20,24,31,0,0,0
95464,10,11,13,12,14,17,19
95465,3,6,3,2,1,0,1
95466,18,14,17,21,20,9,8
95467,10,10,7,9,10,8,6
95468,15,17,8,6,6,4,4
95469,6,10,11,10,7,7,1
95470,9,6,10,9,8,13,15
95471,12,14,15,14,0,0,0
95472,8,7,6,7,5,4,5
95476,8,7,7,6,5,5,4
95482,12,11,10,8,8,8,7
95485,19,13,13,11,11,8,8
95488,0,0,0,33,37,26,26
95490,15,15,13,14,10,9,6
95492,3,4,4,4,3,4,2
95493,8,0,0,0,0,0,0
95494,20,38,32,13,14,7,0
95497,5,7,6,9,9,6,6
95501,12,13,11,12,9,9,9
95503,13,13,11,12,10,8,5
95511,14,13,0,0,0,0,0
95514,0,14,15,26,25,0,0
95519,11,9,8,9,7,7,10
95521,14,13,11,12,11,11,10
95524,9,8,11,4,6,4,6
95525,11,11,10,10,10,9,4
95526,11,21,13,6,3,3,3
95527,9,5,4,1,0,4,0
95528,13,8,6,13,4,4,3
95531,13,13,13,11,9,9,9
95536,12,11,10,8,4,5,4
95540,12,14,14,12,9,8,7
95542,10,14,16,19,17,11,6
95543,7,2,6,6,19,3,4
95546,16,13,13,14,10,8,8
95547,7,8,8,4,5,5,3
95548,22,24,18,12,15,24,20
95549,13,2,2,1,1,0,0
95550,30,0,0,8,9,6,7
95551,19,10,9,18,13,10,16
95552,16,8,15,19,28,23,29
95553,4,9,7,7,22,8,0
95554,6,9,5,8,6,7,0
95555,20,16,17,19,10,13,19
95556,25,21,1,0,0,2,2
95558,11,13,9,7,4,4,12
95560,31,11,6,7,0,0,5
95562,14,14,15,12,15,13,8
95563,25,28,23,8,6,0,0
95564,10,10,4,2,4,2,2
95565,11,17,18,15,17,9,6
95567,9,9,7,5,3,5,4
95568,17,15,17,36,21,0,0
95569,14,11,5,0,0,0,0
95570,15,16,15,11,13,9,6
95573,14,8,8,9,0,5,17
95585,9,14,11,21,20,14,10
95589,5,2,2,6,9,14,24
95595,4,5,5,8,9,12,6
95601,0,0,0,0,0,0,4
95602,6,5,6,6,5,4,3
95603,9,8,10,9,8,6,6
95605,15,14,14,10,10,11,9
95606,1,2,2,0,2,0,0
95607,0,0,0,0,0,0,0
95608,9,8,8,6,6,6,6
95610,10,9,8,7,6,5,4
95612,6,5,2,0,0,0,0
95614,1,1,1,0,1,1,1
95615,2,2,0,0,0,0,0
95616,10,9,8,7,6,5,4
95618,7,5,5,5,4,5,4
95619,18,12,9,14,10,8,9
95620,10,9,5,4,3,1,2
95621,9,9,8,7,6,6,5
95623,4,4,6,9,11,9,8
95624,5,5,6,5,4,2,3
95626,10,7,7,8,4,5,3
95627,5,4,2,1,2,1,1
95628,5,4,3,4,3,2,2
95629,5,0,0,0,4,7,5
95630,4,4,4,4,4,4,3
95631,6,6,5,4,5,7,7
95632,7,6,6,7,5,6,5
95633,6,5,2,13,14,14,16
95634,10,10,8,11,11,10,9
95635,14,7,15,18,11,11,9
95636,5,3,6,6,6,4,4
95637,25,37,30,0,0,0,0
95638,8,7,3,2,12,11,11
95640,10,8,9,12,7,5,3
95641,15,17,10,9,6,8,4
95642,16,13,11,10,5,5,2
95645,10,13,12,12,17,15,0
95648,7,6,6,5,4,3,2
95650,7,6,4,5,4,6,5
95651,9,8,9,0,4,6,9
95652,14,10,9,13,25,24,24
95653,0,0,0,14,16,30,34
95655,2,1,0,0,1,3,4
95658,5,4,3,3,2,2,4
95659,16,15,15,10,8,4,5
95660,11,10,10,12,11,9,9
95661,6,6,6,6,5,6,5
95662,5,5,5,5,4,2,3
95663,9,7,6,4,4,2,2
95664,3,3,3,3,5,3,3
95665,8,9,7,10,6,3,4
95666,11,10,10,8,9,7,3
95667,9,8,8,6,6,5,6
95668,10,8,8,8,7,3,2
95669,10,9,8,1,10,6,6
95670,9,8,8,7,6,5,4
95672,2,2,0,0,2,0,0
95673,9,9,8,7,6,5,4
95674,6,1,2,3,3,3,1
95677,6,6,6,7,6,5,4
95678,8,7,5,5,4,4,4
95679,0,0,0,0,0,0,0
95681,4,4,4,5,9,3,10
95682,7,6,6,6,5,5,5
95683,6,6,4,2,0,0,0
95684,16,16,16,14,13,7,1
95685,9,9,8,6,7,7,5
95686,26,29,26,19,21,16,13
95687,6,6,5,3,3,2,2
95688,5,4,3,2,2,2,2
95689,4,3,5,2,3,4,2
95690,9,7,6,6,7,12,8
95691,9,10,9,6,5,4,3
95692,5,6,3,4,5,8,7
95693,5,3,4,8,4,3,1
95694,8,7,5,3,4,5,4
95695,8,8,7,5,4,5,5
95697,28,27,36,35,18,0,0
95698,10,13,8,6,9,0,0
95699,0,0,0,0,0,0,0
95701,7,13,11,10,8,8,11
95703,11,10,20,13,13,13,11
95709,3,5,5,5,3,2,1
95713,12,12,11,9,6,5,5
95714,16,13,14,17,10,7,0
95715,15,15,8,13,0,0,0
95717,0,0,0,0,0,0,0
95720,33,21,16,10,0,0,0
95722,5,2,4,2,4,2,3
95726,13,15,9,9,9,4,7
95728,0,0,0,0,0,0,6
95735,0,0,0,0,0,13,13
95736,0,0,0,0,24,23,15
95742,1,2,2,2,2,2,1
95746,3,3,2,3,3,3,3
95747,3,4,4,4,3,3,3
95757,4,4,3,2,2,2,2
95758,7,7,5,5,4,5,3
95762,3,2,2,2,3,3,3
95765,4,3,3,2,2,2,3
95776,9,7,8,8,7,4,4
95811,12,11,12,8,5,7,6
95814,14,12,12,11,8,8,8
95815,15,14,13,11,7,10,8
95816,9,8,7,6,5,5,4
95817,13,13,13,11,10,8,7
95818,8,7,6,5,5,4,4
95819,5,4,3,3,2,2,2
95820,12,12,11,9,6,6,6
95821,10,10,11,10,8,10,9
95822,11,10,11,8,6,4,3
95823,13,12,10,9,10,9,10
95824,17,17,16,14,14,11,11
95825,13,13,11,12,11,9,6
95826,9,8,7,6,6,6,6
95827,9,7,7,7,7,5,6
95828,12,11,11,10,7,7,6
95829,6,4,5,5,5,4,4
95830,3,4,3,0,4,3,0
95831,6,6,6,5,4,4,4
95832,10,12,14,11,6,2,1
95833,6,5,4,4,5,4,4
95834,12,9,10,8,7,6,6
95835,5,3,3,3,3,2,2
95837,2,9,6,5,5,5,6
95838,11,12,10,9,9,10,10
95841,14,12,12,9,9,7,5
95842,11,10,10,9,10,8,6
95843,5,4,4,3,1,2,3
95864,4,3,3,3,3,3,4
95901,12,11,10,10,9,9,8
95903,10,8,7,13,10,12,18
95910,0,0,0,0,0,49,0
95912,7,9,11,7,8,6,9
95914,0,11,15,18,5,11,4
95916,18,16,14,14,16,17,15
95917,10,9,8,11,12,11,9
95918,0,6,7,1,6,10,8
95919,18,10,11,2,7,12,13
95920,14,10,11,10,0,0,16
95922,14,13,7,9,10,9,16
95923,37,71,75,73,30,0,0
95925,67,71,71,58,70,76,55
95926,13,12,11,10,9,7,10
95928,9,11,11,11,10,9,8
95930,10,15,47,21,9,0,0
95932,9,14,13,15,13,8,7
95934,44,34,38,17,0,0,42
95935,14,17,26,38,0,10,9
95936,61,55,17,23,37,23,15
95937,15,15,12,34,15,4,13
95938,7,9,6,4,1,1,5
95939,13,13,22,27,24,24,23
95941,36,36,20,14,5,4,0
95942,18,0,0,0,0,0,0
95943,9,5,7,8,5,6,4
95944,0,0,0,0,0,0,0
95945,13,11,12,13,11,11,10
95946,8,7,7,8,4,3,2
95947,12,12,10,9,15,7,5
95948,12,10,9,8,11,7,8
95949,8,7,6,6,4,4,5
95951,8,5,4,3,4,9,5
95953,12,12,10,8,6,8,6
95954,14,10,9,8,6,7,8
95955,3,5,5,4,17,26,24
95956,6,3,3,1,0,0,6
95957,12,10,8,6,4,7,5
95959,9,9,7,5,8,7,6
95960,19,12,7,4,4,12,6
95961,10,9,7,8,8,7,6
95962,26,17,14,6,9,7,10
95963,12,12,11,11,9,6,7
95965,17,20,18,15,12,12,10
95966,15,13,13,13,11,11,11
95968,13,24,17,19,10,8,3
95969,13,12,11,13,9,5,4
95970,9,7,6,5,9,1,0
95971,10,9,4,6,6,7,9
95973,8,9,8,9,6,6,5
95975,14,13,10,11,13,11,6
95977,13,16,16,11,4,6,5
95978,0,0,11,16,0,0,0
95979,8,9,8,6,6,12,16
95981,0,0,0,0,0,0,0
95982,2,8,6,2,1,1,2
95983,0,7,10,9,14,7,14
95984,24,24,15,16,11,23,25
95987,13,14,10,8,10,7,6
95988,16,15,14,12,10,8,5
95991,13,12,12,9,9,6,7
95993,7,7,6,5,4,5,4
96001,9,9,8,8,7,6,5
96002,13,11,10,8,7,6,5
96003,12,12,11,9,9,8,7
96006,5,15,8,8,13,10,9
96007,15,13,13,12,11,10,10
96008,5,2,2,1,0,0,0
96009,7,9,11,13,13,0,0
96013,8,8,10,13,12,12,11
96014,9,8,18,16,13,0,0
96015,36,20,0,0,0,0,0
96016,3,5,4,0,0,16,17
96017,8,7,11,15,17,28,20
96019,12,10,10,11,13,14,13
96020,13,10,8,10,9,5,2
96021,17,18,19,16,13,8,8
96022,12,9,11,9,7,4,6
96023,23,23,17,12,20,20,19
96024,16,12,12,10,12,17,20
96025,18,18,18,15,15,14,13
96027,8,8,6,8,7,8,8
96028,16,17,17,16,14,12,4
96031,19,25,25,23,27,10,11
96032,13,14,14,15,12,4,5
96033,13,10,8,7,9,17,17
96034,10,10,14,8,9,3,5
96035,16,15,17,17,12,5,10
96038,8,8,10,5,5,1,2
96039,21,16,11,10,9,13,13
96040,14,0,0,0,0,0,0
96041,24,22,17,16,15,12,7
96044,15,14,13,18,12,7,9
96046,0,0,0,0,0,0,0
96047,18,11,9,13,13,8,5
96048,8,11,7,11,9,14,11
96050,17,23,28,15,6,10,12
96051,15,14,17,19,19,12,14
96052,16,13,11,6,10,11,8
96054,20,17,13,20,17,18,14
96055,16,16,15,10,8,8,9
96056,12,12,10,4,1,0,4
96057,12,14,16,14,16,15,16
96058,10,18,11,9,15,19,7
96059,13,13,22,4,0,0,0
96062,14,12,12,10,6,4,5
96063,0,27,25,0,0,0,0
96064,15,13,12,12,11,7,6
96065,14,14,11,2,4,5,5
96067,12,12,12,11,8,7,4
96069,12,14,10,7,17,20,18
96071,0,0,0,0,0,0,0
96073,8,8,4,4,4,5,4
96075,17,20,22,22,35,37,0
96076,25,17,31,43,33,20,23
96080,16,15,14,10,7,8,6
96085,5,0,0,0,0,0,0
96086,19,14,18,17,13,9,7
96087,18,15,17,9,1,0,0
96088,13,10,11,8,6,7,7
96091,12,11,8,5,5,2,3
96093,19,12,17,20,23,17,15
96094,11,14,13,13,11,8,9
96096,15,16,16,14,13,14,15
96097,16,12,10,14,12,15,16
96101,12,13,13,8,10,13,12
96103,12,10,8,3,5,7,7
96104,18,20,19,19,10,12,8
96105,0,0,0,16,16,0,0
96106,12,5,15,13,11,8,10
96107,9,8,3,5,0,0,3
96108,0,0,0,0,0,0,0
96109,16,8,12,5,13,17,15
96110,7,4,3,0,0,0,0
96111,0,0,25,20,0,0,0
96112,21,16,15,19,19,12,25
96113,9,11,13,11,17,11,11
96114,8,8,5,6,4,3,2
96115,34,31,34,45,52,22,3
96117,6,5,5,3,5,0,0
96118,12,13,16,11,9,8,20
96119,65,71,63,0,0,0,0
96120,9,7,7,7,8,6,5
96121,13,14,13,17,0,0,0
96122,17,14,12,14,12,13,14
96123,0,0,0,0,32,23,30
96124,0,0,0,0,0,0,0
96125,4,0,0,0,0,0,0
96126,0,18,14,10,15,52,51
96128,1,2,2,2,2,0,6
96129,0,0,0,0,0,0,0
96130,10,9,10,11,8,9,9
96132,2,16,22,28,10,11,0
96133,100,82,34,0,0,0,0
96134,13,14,15,12,15,13,13
96136,0,0,0,0,0,0,0
96137,11,9,13,12,9,7,6
96140,5,12,9,8,8,2,3
96141,19,13,19,16,7,3,2
96142,6,6,15,14,11,13,14
96143,10,14,10,9,7,7,11
96145,7,11,11,6,3,4,4
96146,13,6,10,3,4,2,2
96148,5,5,0,0,0,0,0
96150,12,10,11,9,9,9,7
96161,3,3,4,4,4,3,3
