ZIP,Count_2022,Avg_1yr,Pct_Increase_1yr,Avg_3yr,Pct_Increase_3yr,Avg_5yr,Pct_Increase_5yr,Avg_10yr,Pct_Increase_10yr
90201,2,1.0,100.0,2.3333333333333335,-14.28571428571429,2.2,-9.090909090909099,2.125,-5.88235294117647
90220,2,1.0,100.0,2.3333333333333335,-14.28571428571429,2.2,-9.090909090909099,2.125,-5.88235294117647
90221,2,1.0,100.0,2.3333333333333335,-14.28571428571429,2.2,-9.090909090909099,2.125,-5.88235294117647
90222,2,1.0,100.0,2.3333333333333335,-14.28571428571429,2.2,-9.090909090909099,2.125,-5.88235294117647
90223,2,1.0,100.0,2.3333333333333335,-14.28571428571429,2.2,-9.090909090909099,2.125,-5.88235294117647
90224,2,1.0,100.0,2.3333333333333335,-14.28571428571429,2.2,-9.090909090909099,2.125,-5.88235294117647
90239,2,1.0,100.0,2.3333333333333335,-14.28571428571429,2.2,-9.090909090909099,2.125,-5.88235294117647
90240,2,1.0,100.0,2.3333333333333335,-14.28571428571429,2.2,-9.090909090909099,2.125,-5.88235294117647
90241,2,1.0,100.0,2.3333333333333335,-14.28571428571429,2.2,-9.090909090909099,2.125,-5.88235294117647
90242,2,1.0,100.0,2.3333333333333335,-14.28571428571429,2.2,-9.090909090909099,2.125,-5.88235294117647
90247,2,1.0,100.0,2.3333333333333335,-14.28571428571429,2.2,-9.090909090909099,2.125,-5.88235294117647
90248,2,1.0,100.0,2.3333333333333335,-14.28571428571429,2.2,-9.090909090909099,2.125,-5.88235294117647
90249,2,1.0,100.0,2.3333333333333335,-14.28571428571429,2.2,-9.090909090909099,2.125,-5.88235294117647
90250,2,1.0,100.0,2.3333333333333335,-14.28571428571429,2.2,-9.090909090909099,2.125,-5.88235294117647
90251,2,1.0,100.0,2.3333333333333335,-14.28571428571429,2.2,-9.090909090909099,2.125,-5.88235294117647
90260,2,1.0,100.0,2.3333333333333335,-14.28571428571429,2.2,-9.090909090909099,2.125,-5.88235294117647
90261,2,1.0,100.0,2.3333333333333335,-14.28571428571429,2.2,-9.090909090909099,2.125,-5.88235294117647
90262,2,1.0,100.0,2.3333333333333335,-14.28571428571429,2.2,-9.090909090909099,2.125,-5.88235294117647
90263,2,1.0,100.0,2.3333333333333335,-14.28571428571429,2.2,-9.090909090909099,2.125,-5.88235294117647
90264,2,1.0,100.0,2.3333333333333335,-14.28571428571429,2.2,-9.090909090909099,2.125,-5.88235294117647
90265,2,1.0,100.0,2.3333333333333335,-14.28571428571429,2.2,-9.090909090909099,2.125,-5.88235294117647
90270,2,1.0,100.0,2.3333333333333335,-14.28571428571429,2.2,-9.090909090909099,2.125,-5.88235294117647
90290,2,1.0,100.0,2.3333333333333335,-14.28571428571429,2.2,-9.090909090909099,2.125,-5.88235294117647
90291,2,1.0,100.0,2.3333333333333335,-14.28571428571429,2.2,-9.090909090909099,2.125,-5.88235294117647
90294,2,1.0,100.0,2.3333333333333335,-14.28571428571429,2.2,-9.090909090909099,2.125,-5.88235294117647
90301,2,1.0,100.0,2.3333333333333335,-14.28571428571429,2.2,-9.090909090909099,2.125,-5.88235294117647
90302,2,1.0,100.0,2.3333333333333335,-14.28571428571429,2.2,-9.090909090909099,2.125,-5.88235294117647
90303,2,1.0,100.0,2.3333333333333335,-14.28571428571429,2.2,-9.090909090909099,2.125,-5.88235294117647
90304,2,1.0,100.0,2.3333333333333335,-14.28571428571429,2.2,-9.090909090909099,2.125,-5.88235294117647
90305,2,1.0,100.0,2.3333333333333335,-14.28571428571429,2.2,-9.090909090909099,2.125,-5.88235294117647
90306,2,1.0,100.0,2.3333333333333335,-14.28571428571429,2.2,-9.090909090909099,2.125,-5.88235294117647
90307,2,1.0,100.0,2.3333333333333335,-14.28571428571429,2.2,-9.090909090909099,2.125,-5.88235294117647
90308,2,1.0,100.0,2.3333333333333335,-14.28571428571429,2.2,-9.090909090909099,2.125,-5.88235294117647
90309,2,1.0,100.0,2.3333333333333335,-14.28571428571429,2.2,-9.090909090909099,2.125,-5.88235294117647
90310,2,1.0,100.0,2.3333333333333335,-14.28571428571429,2.2,-9.090909090909099,2.125,-5.88235294117647
90311,2,1.0,100.0,2.3333333333333335,-14.28571428571429,2.2,-9.090909090909099,2.125,-5.88235294117647
90312,2,1.0,100.0,2.3333333333333335,-14.28571428571429,2.2,-9.090909090909099,2.125,-5.88235294117647
90313,2,1.0,100.0,2.3333333333333335,-14.28571428571429,2.2,-9.090909090909099,2.125,-5.88235294117647
90397,2,1.0,100.0,2.3333333333333335,-14.28571428571429,2.2,-9.090909090909099,2.125,-5.88235294117647
90398,2,1.0,100.0,2.3333333333333335,-14.28571428571429,2.2,-9.090909090909099,2.125,-5.88235294117647
90501,2,1.0,100.0,2.3333333333333335,-14.28571428571429,2.2,-9.090909090909099,2.125,-5.88235294117647
90502,2,1.0,100.0,2.3333333333333335,-14.28571428571429,2.2,-9.090909090909099,2.125,-5.88235294117647
90503,2,1.0,100.0,2.3333333333333335,-14.28571428571429,2.2,-9.090909090909099,2.125,-5.88235294117647
90504,2,1.0,100.0,2.3333333333333335,-14.28571428571429,2.2,-9.090909090909099,2.125,-5.88235294117647
90505,2,1.0,100.0,2.3333333333333335,-14.28571428571429,2.2,-9.090909090909099,2.125,-5.88235294117647
90506,2,1.0,100.0,2.3333333333333335,-14.28571428571429,2.2,-9.090909090909099,2.125,-5.88235294117647
90507,2,1.0,100.0,2.3333333333333335,-14.28571428571429,2.2,-9.090909090909099,2.125,-5.88235294117647
90508,2,1.0,100.0,2.3333333333333335,-14.28571428571429,2.2,-9.090909090909099,2.125,-5.88235294117647
90509,2,1.0,100.0,2.3333333333333335,-14.28571428571429,2.2,-9.090909090909099,2.125,-5.88235294117647
90510,2,1.0,100.0,2.3333333333333335,-14.28571428571429,2.2,-9.090909090909099,2.125,-5.88235294117647
90601,2,1.0,100.0,2.3333333333333335,-14.28571428571429,2.2,-9.090909090909099,2.125,-5.88235294117647
90602,2,1.0,100.0,2.3333333333333335,-14.28571428571429,2.2,-9.090909090909099,2.125,-5.88235294117647
90603,2,1.0,100.0,2.3333333333333335,-14.28571428571429,2.2,-9.090909090909099,2.125,-5.88235294117647
90604,2,1.0,100.0,2.3333333333333335,-14.28571428571429,2.2,-9.090909090909099,2.125,-5.88235294117647
90605,2,1.0,100.0,2.3333333333333335,-14.28571428571429,2.2,-9.090909090909099,2.125,-5.88235294117647
90606,2,1.0,100.0,2.3333333333333335,-14.28571428571429,2.2,-9.090909090909099,2.125,-5.88235294117647
90607,2,1.0,100.0,2.3333333333333335,-14.28571428571429,2.2,-9.090909090909099,2.125,-5.88235294117647
90608,2,1.0,100.0,2.3333333333333335,-14.28571428571429,2.2,-9.090909090909099,2.125,-5.88235294117647
90609,2,1.0,100.0,2.3333333333333335,-14.28571428571429,2.2,-9.090909090909099,2.125,-5.88235294117647
90610,2,1.0,100.0,2.3333333333333335,-14.28571428571429,2.2,-9.090909090909099,2.125,-5.88235294117647
90612,2,1.0,100.0,2.3333333333333335,-14.28571428571429,2.2,-9.090909090909099,2.125,-5.88235294117647
90640,2,1.0,100.0,2.3333333333333335,-14.28571428571429,2.2,-9.090909090909099,2.125,-5.88235294117647
90650,2,1.0,100.0,2.3333333333333335,-14.28571428571429,2.2,-9.090909090909099,2.125,-5.88235294117647
90651,2,1.0,100.0,2.3333333333333335,-14.28571428571429,2.2,-9.090909090909099,2.125,-5.88235294117647
90652,2,1.0,100.0,2.3333333333333335,-14.28571428571429,2.2,-9.090909090909099,2.125,-5.88235294117647
90659,2,1.0,100.0,2.3333333333333335,-14.28571428571429,2.2,-9.090909090909099,2.125,-5.88235294117647
90701,2,1.0,100.0,2.3333333333333335,-14.28571428571429,2.2,-9.090909090909099,2.125,-5.88235294117647
90702,2,1.0,100.0,2.3333333333333335,-14.28571428571429,2.2,-9.090909090909099,2.125,-5.88235294117647
90703,2,1.0,100.0,2.3333333333333335,-14.28571428571429,2.2,-9.090909090909099,2.125,-5.88235294117647
90704,2,1.0,100.0,2.3333333333333335,-14.28571428571429,2.2,-9.090909090909099,2.125,-5.88235294117647
90706,2,1.0,100.0,2.3333333333333335,-14.28571428571429,2.2,-9.090909090909099,2.125,-5.88235294117647
90707,2,1.0,100.0,2.3333333333333335,-14.28571428571429,2.2,-9.090909090909099,2.125,-5.88235294117647
90711,2,1.0,100.0,2.3333333333333335,-14.28571428571429,2.2,-9.090909090909099,2.125,-5.88235294117647
90712,2,1.0,100.0,2.3333333333333335,-14.28571428571429,2.2,-9.090909090909099,2.125,-5.88235294117647
90713,2,1.0,100.0,2.3333333333333335,-14.28571428571429,2.2,-9.090909090909099,2.125,-5.88235294117647
90714,2,1.0,100.0,2.3333333333333335,-14.28571428571429,2.2,-9.090909090909099,2.125,-5.88235294117647
90715,2,1.0,100.0,2.3333333333333335,-14.28571428571429,2.2,-9.090909090909099,2.125,-5.88235294117647
90717,2,1.0,100.0,2.3333333333333335,-14.28571428571429,2.2,-9.090909090909099,2.125,-5.88235294117647
90723,2,1.0,100.0,2.3333333333333335,-14.28571428571429,2.2,-9.090909090909099,2.125,-5.88235294117647
90744,2,1.0,100.0,2.3333333333333335,-14.28571428571429,2.2,-9.090909090909099,2.125,-5.88235294117647
90745,2,1.0,100.0,2.3333333333333335,-14.28571428571429,2.2,-9.090909090909099,2.125,-5.88235294117647
90746,2,1.0,100.0,2.3333333333333335,-14.28571428571429,2.2,-9.090909090909099,2.125,-5.88235294117647
90747,2,1.0,100.0,2.3333333333333335,-14.28571428571429,2.2,-9.090909090909099,2.125,-5.88235294117647
90748,2,1.0,100.0,2.3333333333333335,-14.28571428571429,2.2,-9.090909090909099,2.125,-5.88235294117647
90749,2,1.0,100.0,2.3333333333333335,-14.28571428571429,2.2,-9.090909090909099,2.125,-5.88235294117647
90895,2,1.0,100.0,2.3333333333333335,-14.28571428571429,2.2,-9.090909090909099,2.125,-5.88235294117647
91001,2,1.0,100.0,2.3333333333333335,-14.28571428571429,2.2,-9.090909090909099,2.125,-5.88235294117647
91003,2,1.0,100.0,2.3333333333333335,-14.28571428571429,2.2,-9.090909090909099,2.125,-5.88235294117647
91006,2,1.0,100.0,2.3333333333333335,-14.28571428571429,2.2,-9.090909090909099,2.125,-5.88235294117647
91007,2,1.0,100.0,2.3333333333333335,-14.28571428571429,2.2,-9.090909090909099,2.125,-5.88235294117647
91009,2,1.0,100.0,2.3333333333333335,-14.28571428571429,2.2,-9.090909090909099,2.125,-5.88235294117647
91010,2,1.0,100.0,2.3333333333333335,-14.28571428571429,2.2,-9.090909090909099,2.125,-5.88235294117647
91016,2,1.0,100.0,2.3333333333333335,-14.28571428571429,2.2,-9.090909090909099,2.125,-5.88235294117647
91017,2,1.0,100.0,2.3333333333333335,-14.28571428571429,2.2,-9.090909090909099,2.125,-5.88235294117647
91020,2,1.0,100.0,2.3333333333333335,-14.28571428571429,2.2,-9.090909090909099,2.125,-5.88235294117647
91021,2,1.0,100.0,2.3333333333333335,-14.28571428571429,2.2,-9.090909090909099,2.125,-5.88235294117647
91040,2,1.0,100.0,2.3333333333333335,-14.28571428571429,2.2,-9.090909090909099,2.125,-5.88235294117647
91041,2,1.0,100.0,2.3333333333333335,-14.28571428571429,2.2,-9.090909090909099,2.125,-5.88235294117647
91042,2,1.0,100.0,2.3333333333333335,-14.28571428571429,2.2,-9.090909090909099,2.125,-5.88235294117647
91043,2,1.0,100.0,2.3333333333333335,-14.28571428571429,2.2,-9.090909090909099,2.125,-5.88235294117647
91066,2,1.0,100.0,2.3333333333333335,-14.28571428571429,2.2,-9.090909090909099,2.125,-5.88235294117647
91077,2,1.0,100.0,2.3333333333333335,-14.28571428571429,2.2,-9.090909090909099,2.125,-5.88235294117647
91101,2,1.0,100.0,2.3333333333333335,-14.28571428571429,2.2,-9.090909090909099,2.125,-5.88235294117647
91102,2,1.0,100.0,2.3333333333333335,-14.28571428571429,2.2,-9.090909090909099,2.125,-5.88235294117647
91103,2,1.0,100.0,2.3333333333333335,-14.28571428571429,2.2,-9.090909090909099,2.125,-5.88235294117647
91104,2,1.0,100.0,2.3333333333333335,-14.28571428571429,2.2,-9.090909090909099,2.125,-5.88235294117647
91105,2,1.0,100.0,2.3333333333333335,-14.28571428571429,2.2,-9.090909090909099,2.125,-5.88235294117647
91106,2,1.0,100.0,2.3333333333333335,-14.28571428571429,2.2,-9.090909090909099,2.125,-5.88235294117647
91107,2,1.0,100.0,2.3333333333333335,-14.28571428571429,2.2,-9.090909090909099,2.125,-5.88235294117647
91109,2,1.0,100.0,2.3333333333333335,-14.28571428571429,2.2,-9.090909090909099,2.125,-5.88235294117647
91110,2,1.0,100.0,2.3333333333333335,-14.28571428571429,2.2,-9.090909090909099,2.125,-5.88235294117647
91114,2,1.0,100.0,2.3333333333333335,-14.28571428571429,2.2,-9.090909090909099,2.125,-5.88235294117647
91115,2,1.0,100.0,2.3333333333333335,-14.28571428571429,2.2,-9.090909090909099,2.125,-5.88235294117647
91116,2,1.0,100.0,2.3333333333333335,-14.28571428571429,2.2,-9.090909090909099,2.125,-5.88235294117647
91117,2,1.0,100.0,2.3333333333333335,-14.28571428571429,2.2,-9.090909090909099,2.125,-5.88235294117647
91121,2,1.0,100.0,2.3333333333333335,-14.28571428571429,2.2,-9.090909090909099,2.125,-5.88235294117647
91123,2,1.0,100.0,2.3333333333333335,-14.28571428571429,2.2,-9.090909090909099,2.125,-5.88235294117647
91124,2,1.0,100.0,2.3333333333333335,-14.28571428571429,2.2,-9.090909090909099,2.125,-5.88235294117647
91125,2,1.0,100.0,2.3333333333333335,-14.28571428571429,2.2,-9.090909090909099,2.125,-5.88235294117647
91126,2,1.0,100.0,2.3333333333333335,-14.28571428571429,2.2,-9.090909090909099,2.125,-5.88235294117647
91129,2,1.0,100.0,2.3333333333333335,-14.28571428571429,2.2,-9.090909090909099,2.125,-5.88235294117647
91131,2,1.0,100.0,2.3333333333333335,-14.28571428571429,2.2,-9.090909090909099,2.125,-5.88235294117647
91182,2,1.0,100.0,2.3333333333333335,-14.28571428571429,2.2,-9.090909090909099,2.125,-5.88235294117647
91184,2,1.0,100.0,2.3333333333333335,-14.28571428571429,2.2,-9.090909090909099,2.125,-5.88235294117647
91185,2,1.0,100.0,2.3333333333333335,-14.28571428571429,2.2,-9.090909090909099,2.125,-5.88235294117647
91188,2,1.0,100.0,2.3333333333333335,-14.28571428571429,2.2,-9.090909090909099,2.125,-5.88235294117647
91189,2,1.0,100.0,2.3333333333333335,-14.28571428571429,2.2,-9.090909090909099,2.125,-5.88235294117647
91191,2,1.0,100.0,2.3333333333333335,-14.28571428571429,2.2,-9.090909090909099,2.125,-5.88235294117647
91199,2,1.0,100.0,2.3333333333333335,-14.28571428571429,2.2,-9.090909090909099,2.125,-5.88235294117647
91201,2,1.0,100.0,2.3333333333333335,-14.28571428571429,2.2,-9.090909090909099,2.125,-5.88235294117647
91202,2,1.0,100.0,2.3333333333333335,-14.28571428571429,2.2,-9.090909090909099,2.125,-5.88235294117647
91203,2,1.0,100.0,2.3333333333333335,-14.28571428571429,2.2,-9.090909090909099,2.125,-5.88235294117647
91204,2,1.0,100.0,2.3333333333333335,-14.28571428571429,2.2,-9.090909090909099,2.125,-5.88235294117647
91205,2,1.0,100.0,2.3333333333333335,-14.28571428571429,2.2,-9.090909090909099,2.125,-5.88235294117647
91206,2,1.0,100.0,2.3333333333333335,-14.28571428571429,2.2,-9.090909090909099,2.125,-5.88235294117647
91207,2,1.0,100.0,2.3333333333333335,-14.28571428571429,2.2,-9.090909090909099,2.125,-5.88235294117647
91208,2,1.0,100.0,2.3333333333333335,-14.28571428571429,2.2,-9.090909090909099,2.125,-5.88235294117647
91209,2,1.0,100.0,2.3333333333333335,-14.28571428571429,2.2,-9.090909090909099,2.125,-5.88235294117647
91210,2,1.0,100.0,2.3333333333333335,-14.28571428571429,2.2,-9.090909090909099,2.125,-5.88235294117647
91221,2,1.0,100.0,2.3333333333333335,-14.28571428571429,2.2,-9.090909090909099,2.125,-5.88235294117647
91222,2,1.0,100.0,2.3333333333333335,-14.28571428571429,2.2,-9.090909090909099,2.125,-5.88235294117647
91225,2,1.0,100.0,2.3333333333333335,-14.28571428571429,2.2,-9.090909090909099,2.125,-5.88235294117647
91226,2,1.0,100.0,2.3333333333333335,-14.28571428571429,2.2,-9.090909090909099,2.125,-5.88235294117647
91302,2,1.0,100.0,2.3333333333333335,-14.28571428571429,2.2,-9.090909090909099,2.125,-5.88235294117647
91306,2,1.0,100.0,2.3333333333333335,-14.28571428571429,2.2,-9.090909090909099,2.125,-5.88235294117647
91310,2,1.0,100.0,2.3333333333333335,-14.28571428571429,2.2,-9.090909090909099,2.125,-5.88235294117647
91311,2,1.0,100.0,2.3333333333333335,-14.28571428571429,2.2,-9.090909090909099,2.125,-5.88235294117647
91313,2,1.0,100.0,2.3333333333333335,-14.28571428571429,2.2,-9.090909090909099,2.125,-5.88235294117647
91316,2,1.0,100.0,2.3333333333333335,-14.28571428571429,2.2,-9.090909090909099,2.125,-5.88235294117647
91321,2,1.0,100.0,2.3333333333333335,-14.28571428571429,2.2,-9.090909090909099,2.125,-5.88235294117647
91322,2,1.0,100.0,2.3333333333333335,-14.28571428571429,2.2,-9.090909090909099,2.125,-5.88235294117647
91324,2,1.0,100.0,2.3333333333333335,-14.28571428571429,2.2,-9.090909090909099,2.125,-5.88235294117647
91325,2,1.0,100.0,2.3333333333333335,-14.28571428571429,2.2,-9.090909090909099,2.125,-5.88235294117647
91327,2,1.0,100.0,2.3333333333333335,-14.28571428571429,2.2,-9.090909090909099,2.125,-5.88235294117647
91328,2,1.0,100.0,2.3333333333333335,-14.28571428571429,2.2,-9.090909090909099,2.125,-5.88235294117647
91329,2,1.0,100.0,2.3333333333333335,-14.28571428571429,2.2,-9.090909090909099,2.125,-5.88235294117647
91330,2,1.0,100.0,2.3333333333333335,-14.28571428571429,2.2,-9.090909090909099,2.125,-5.88235294117647
91331,2,1.0,100.0,2.3333333333333335,-14.28571428571429,2.2,-9.090909090909099,2.125,-5.88235294117647
91333,2,1.0,100.0,2.3333333333333335,-14.28571428571429,2.2,-9.090909090909099,2.125,-5.88235294117647
91334,2,1.0,100.0,2.3333333333333335,-14.28571428571429,2.2,-9.090909090909099,2.125,-5.88235294117647
91335,2,1.0,100.0,2.3333333333333335,-14.28571428571429,2.2,-9.090909090909099,2.125,-5.88235294117647
91337,2,1.0,100.0,2.3333333333333335,-14.28571428571429,2.2,-9.090909090909099,2.125,-5.88235294117647
91342,2,1.0,100.0,2.3333333333333335,-14.28571428571429,2.2,-9.090909090909099,2.125,-5.88235294117647
91354,2,1.0,100.0,2.3333333333333335,-14.28571428571429,2.2,-9.090909090909099,2.125,-5.88235294117647
91355,2,1.0,100.0,2.3333333333333335,-14.28571428571429,2.2,-9.090909090909099,2.125,-5.88235294117647
91356,2,1.0,100.0,2.3333333333333335,-14.28571428571429,2.2,-9.090909090909099,2.125,-5.88235294117647
91357,2,1.0,100.0,2.3333333333333335,-14.28571428571429,2.2,-9.090909090909099,2.125,-5.88235294117647
91372,2,1.0,100.0,2.3333333333333335,-14.28571428571429,2.2,-9.090909090909099,2.125,-5.88235294117647
91384,2,1.0,100.0,2.3333333333333335,-14.28571428571429,2.2,-9.090909090909099,2.125,-5.88235294117647
91385,2,1.0,100.0,2.3333333333333335,-14.28571428571429,2.2,-9.090909090909099,2.125,-5.88235294117647
91392,2,1.0,100.0,2.3333333333333335,-14.28571428571429,2.2,-9.090909090909099,2.125,-5.88235294117647
91396,2,1.0,100.0,2.3333333333333335,-14.28571428571429,2.2,-9.090909090909099,2.125,-5.88235294117647
91416,2,1.0,100.0,2.3333333333333335,-14.28571428571429,2.2,-9.090909090909099,2.125,-5.88235294117647
91426,2,1.0,100.0,2.3333333333333335,-14.28571428571429,2.2,-9.090909090909099,2.125,-5.88235294117647
91436,2,1.0,100.0,2.3333333333333335,-14.28571428571429,2.2,-9.090909090909099,2.125,-5.88235294117647
91501,2,1.0,100.0,2.3333333333333335,-14.28571428571429,2.2,-9.090909090909099,2.125,-5.88235294117647
91502,2,1.0,100.0,2.3333333333333335,-14.28571428571429,2.2,-9.090909090909099,2.125,-5.88235294117647
91503,2,1.0,100.0,2.3333333333333335,-14.28571428571429,2.2,-9.090909090909099,2.125,-5.88235294117647
91504,2,1.0,100.0,2.3333333333333335,-14.28571428571429,2.2,-9.090909090909099,2.125,-5.88235294117647
91505,2,1.0,100.0,2.3333333333333335,-14.28571428571429,2.2,-9.090909090909099,2.125,-5.88235294117647
91506,2,1.0,100.0,2.3333333333333335,-14.28571428571429,2.2,-9.090909090909099,2.125,-5.88235294117647
91507,2,1.0,100.0,2.3333333333333335,-14.28571428571429,2.2,-9.090909090909099,2.125,-5.88235294117647
91508,2,1.0,100.0,2.3333333333333335,-14.28571428571429,2.2,-9.090909090909099,2.125,-5.88235294117647
91510,2,1.0,100.0,2.3333333333333335,-14.28571428571429,2.2,-9.090909090909099,2.125,-5.88235294117647
91521,2,1.0,100.0,2.3333333333333335,-14.28571428571429,2.2,-9.090909090909099,2.125,-5.88235294117647
91522,2,1.0,100.0,2.3333333333333335,-14.28571428571429,2.2,-9.090909090909099,2.125,-5.88235294117647
91523,2,1.0,100.0,2.3333333333333335,-14.28571428571429,2.2,-9.090909090909099,2.125,-5.88235294117647
91526,2,1.0,100.0,2.3333333333333335,-14.28571428571429,2.2,-9.090909090909099,2.125,-5.88235294117647
91702,2,1.0,100.0,2.3333333333333335,-14.28571428571429,2.2,-9.090909090909099,2.125,-5.88235294117647
91708,1,1.0,0.0,2.3333333333333335,-57.14285714285715,1.8,-44.44444444444445,1.7142857142857142,-41.666666666666664
91710,1,1.0,0.0,2.3333333333333335,-57.14285714285715,1.8,-44.44444444444445,1.7142857142857142,-41.666666666666664
91711,2,1.0,100.0,2.3333333333333335,-14.28571428571429,2.2,-9.090909090909099,2.125,-5.88235294117647
91722,2,1.0,100.0,2.3333333333333335,-14.28571428571429,2.2,-9.090909090909099,2.125,-5.88235294117647
91723,2,1.0,100.0,2.3333333333333335,-14.28571428571429,2.2,-9.090909090909099,2.125,-5.88235294117647
91724,2,1.0,100.0,2.3333333333333335,-14.28571428571429,2.2,-9.090909090909099,2.125,-5.88235294117647
91740,2,1.0,100.0,2.3333333333333335,-14.28571428571429,2.2,-9.090909090909099,2.125,-5.88235294117647
91741,2,1.0,100.0,2.3333333333333335,-14.28571428571429,2.2,-9.090909090909099,2.125,-5.88235294117647
91743,1,1.0,0.0,2.3333333333333335,-57.14285714285715,1.8,-44.44444444444445,1.7142857142857142,-41.666666666666664
91758,1,1.0,0.0,2.3333333333333335,-57.14285714285715,1.8,-44.44444444444445,1.7142857142857142,-41.666666666666664
91761,1,1.0,0.0,2.3333333333333335,-57.14285714285715,1.8,-44.44444444444445,1.7142857142857142,-41.666666666666664
91762,1,1.0,0.0,2.3333333333333335,-57.14285714285715,1.8,-44.44444444444445,1.7142857142857142,-41.666666666666664
91763,1,1.0,0.0,2.3333333333333335,-57.14285714285715,1.8,-44.44444444444445,1.7142857142857142,-41.666666666666664
91764,1,1.0,0.0,2.3333333333333335,-57.14285714285715,1.8,-44.44444444444445,1.7142857142857142,-41.666666666666664
91766,2,1.0,100.0,2.3333333333333335,-14.28571428571429,2.2,-9.090909090909099,2.125,-5.88235294117647
91767,2,1.0,100.0,2.3333333333333335,-14.28571428571429,2.2,-9.090909090909099,2.125,-5.88235294117647
91768,2,1.0,100.0,2.3333333333333335,-14.28571428571429,2.2,-9.090909090909099,2.125,-5.88235294117647
91769,2,1.0,100.0,2.3333333333333335,-14.28571428571429,2.2,-9.090909090909099,2.125,-5.88235294117647
91770,2,1.0,100.0,2.3333333333333335,-14.28571428571429,2.2,-9.090909090909099,2.125,-5.88235294117647
91771,2,1.0,100.0,2.3333333333333335,-14.28571428571429,2.2,-9.090909090909099,2.125,-5.88235294117647
91772,2,1.0,100.0,2.3333333333333335,-14.28571428571429,2.2,-9.090909090909099,2.125,-5.88235294117647
91784,1,1.0,0.0,2.3333333333333335,-57.14285714285715,1.8,-44.44444444444445,1.7142857142857142,-41.666666666666664
91785,1,1.0,0.0,2.3333333333333335,-57.14285714285715,1.8,-44.44444444444445,1.7142857142857142,-41.666666666666664
91786,1,1.0,0.0,2.3333333333333335,-57.14285714285715,1.8,-44.44444444444445,1.7142857142857142,-41.666666666666664
91788,2,1.0,100.0,2.3333333333333335,-14.28571428571429,2.2,-9.090909090909099,2.125,-5.88235294117647
91789,2,1.0,100.0,2.3333333333333335,-14.28571428571429,2.2,-9.090909090909099,2.125,-5.88235294117647
91795,2,1.0,100.0,2.3333333333333335,-14.28571428571429,2.2,-9.090909090909099,2.125,-5.88235294117647
91797,2,1.0,100.0,2.3333333333333335,-14.28571428571429,2.2,-9.090909090909099,2.125,-5.88235294117647
91798,1,1.0,0.0,2.3333333333333335,-57.14285714285715,1.8,-44.44444444444445,1.7142857142857142,-41.666666666666664
91799,2,1.0,100.0,2.3333333333333335,-14.28571428571429,2.2,-9.090909090909099,2.125,-5.88235294117647
91801,2,1.0,100.0,2.3333333333333335,-14.28571428571429,2.2,-9.090909090909099,2.125,-5.88235294117647
91802,2,1.0,100.0,2.3333333333333335,-14.28571428571429,2.2,-9.090909090909099,2.125,-5.88235294117647
91803,2,1.0,100.0,2.3333333333333335,-14.28571428571429,2.2,-9.090909090909099,2.125,-5.88235294117647
91804,2,1.0,100.0,2.3333333333333335,-14.28571428571429,2.2,-9.090909090909099,2.125,-5.88235294117647
91841,2,1.0,100.0,2.3333333333333335,-14.28571428571429,2.2,-9.090909090909099,2.125,-5.88235294117647
91896,2,1.0,100.0,2.3333333333333335,-14.28571428571429,2.2,-9.090909090909099,2.125,-5.88235294117647
91899,2,1.0,100.0,2.3333333333333335,-14.28571428571429,2.2,-9.090909090909099,2.125,-5.88235294117647
92201,2,,,2.0,0.0,1.75,14.285714285714285,1.8333333333333333,9.090909090909095
92202,2,,,2.0,0.0,1.75,14.285714285714285,1.8333333333333333,9.090909090909095
92203,2,,,2.0,0.0,1.75,14.285714285714285,1.8333333333333333,9.090909090909095
92220,2,,,2.0,0.0,1.75,14.285714285714285,1.8333333333333333,9.090909090909095
92222,1,,,1.0,0.0,1.0,0.0,1.3333333333333333,-24.999999999999993
92223,2,,,2.0,0.0,1.75,14.285714285714285,1.8333333333333333,9.090909090909095
92225,2,,,2.0,0.0,1.75,14.285714285714285,1.8333333333333333,9.090909090909095
92226,2,,,2.0,0.0,1.75,14.285714285714285,1.8333333333333333,9.090909090909095
92227,1,,,1.0,0.0,1.0,0.0,1.3333333333333333,-24.999999999999993
92230,2,,,2.0,0.0,1.75,14.285714285714285,1.8333333333333333,9.090909090909095
92231,1,,,1.0,0.0,1.0,0.0,1.3333333333333333,-24.999999999999993
92232,1,,,1.0,0.0,1.0,0.0,1.3333333333333333,-24.999999999999993
92233,1,,,1.0,0.0,1.0,0.0,1.3333333333333333,-24.999999999999993
92236,2,,,2.0,0.0,1.75,14.285714285714285,1.8333333333333333,9.090909090909095
92242,1,1.0,0.0,2.3333333333333335,-57.14285714285715,1.8,-44.44444444444445,1.7142857142857142,-41.666666666666664
92249,1,,,1.0,0.0,1.0,0.0,1.3333333333333333,-24.999999999999993
92250,1,,,1.0,0.0,1.0,0.0,1.3333333333333333,-24.999999999999993
92251,1,,,1.0,0.0,1.0,0.0,1.3333333333333333,-24.999999999999993
92254,2,,,2.0,0.0,1.75,14.285714285714285,1.8333333333333333,9.090909090909095
92257,1,,,1.0,0.0,1.0,0.0,1.3333333333333333,-24.999999999999993
92259,1,,,1.0,0.0,1.0,0.0,1.3333333333333333,-24.999999999999993
92268,1,1.0,0.0,2.3333333333333335,-57.14285714285715,1.8,-44.44444444444445,1.7142857142857142,-41.666666666666664
92273,1,,,1.0,0.0,1.0,0.0,1.3333333333333333,-24.999999999999993
92274,2,,,2.0,0.0,1.75,14.285714285714285,1.8333333333333333,9.090909090909095
92280,1,1.0,0.0,2.3333333333333335,-57.14285714285715,1.8,-44.44444444444445,1.7142857142857142,-41.666666666666664
92281,1,,,1.0,0.0,1.0,0.0,1.3333333333333333,-24.999999999999993
92283,1,,,1.0,0.0,1.0,0.0,1.3333333333333333,-24.999999999999993
92285,1,1.0,0.0,2.3333333333333335,-57.14285714285715,1.8,-44.44444444444445,1.7142857142857142,-41.666666666666664
92301,1,1.0,0.0,2.3333333333333335,-57.14285714285715,1.8,-44.44444444444445,1.7142857142857142,-41.666666666666664
92304,1,1.0,0.0,2.3333333333333335,-57.14285714285715,1.8,-44.44444444444445,1.7142857142857142,-41.666666666666664
92309,1,1.0,0.0,2.3333333333333335,-57.14285714285715,1.8,-44.44444444444445,1.7142857142857142,-41.666666666666664
92311,1,1.0,0.0,2.3333333333333335,-57.14285714285715,1.8,-44.44444444444445,1.7142857142857142,-41.666666666666664
92312,1,1.0,0.0,2.3333333333333335,-57.14285714285715,1.8,-44.44444444444445,1.7142857142857142,-41.666666666666664
92316,1,1.0,0.0,2.3333333333333335,-57.14285714285715,1.8,-44.44444444444445,1.7142857142857142,-41.666666666666664
92320,2,,,2.0,0.0,1.75,14.285714285714285,1.8333333333333333,9.090909090909095
92323,1,1.0,0.0,2.3333333333333335,-57.14285714285715,1.8,-44.44444444444445,1.7142857142857142,-41.666666666666664
92324,1,1.0,0.0,2.3333333333333335,-57.14285714285715,1.8,-44.44444444444445,1.7142857142857142,-41.666666666666664
92325,1,1.0,0.0,2.3333333333333335,-57.14285714285715,1.8,-44.44444444444445,1.7142857142857142,-41.666666666666664
92327,1,1.0,0.0,2.3333333333333335,-57.14285714285715,1.8,-44.44444444444445,1.7142857142857142,-41.666666666666664
92329,1,1.0,0.0,2.3333333333333335,-57.14285714285715,1.8,-44.44444444444445,1.7142857142857142,-41.666666666666664
92331,1,1.0,0.0,2.3333333333333335,-57.14285714285715,1.8,-44.44444444444445,1.7142857142857142,-41.666666666666664
92332,1,1.0,0.0,2.3333333333333335,-57.14285714285715,1.8,-44.44444444444445,1.7142857142857142,-41.666666666666664
92333,1,1.0,0.0,2.3333333333333335,-57.14285714285715,1.8,-44.44444444444445,1.7142857142857142,-41.666666666666664
92334,1,1.0,0.0,2.3333333333333335,-57.14285714285715,1.8,-44.44444444444445,1.7142857142857142,-41.666666666666664
92335,1,1.0,0.0,2.3333333333333335,-57.14285714285715,1.8,-44.44444444444445,1.7142857142857142,-41.666666666666664
92336,1,1.0,0.0,2.3333333333333335,-57.14285714285715,1.8,-44.44444444444445,1.7142857142857142,-41.666666666666664
92337,1,1.0,0.0,2.3333333333333335,-57.14285714285715,1.8,-44.44444444444445,1.7142857142857142,-41.666666666666664
92338,1,1.0,0.0,2.3333333333333335,-57.14285714285715,1.8,-44.44444444444445,1.7142857142857142,-41.666666666666664
92340,1,1.0,0.0,2.3333333333333335,-57.14285714285715,1.8,-44.44444444444445,1.7142857142857142,-41.666666666666664
92342,1,1.0,0.0,2.3333333333333335,-57.14285714285715,1.8,-44.44444444444445,1.7142857142857142,-41.666666666666664
92344,1,1.0,0.0,2.3333333333333335,-57.14285714285715,1.8,-44.44444444444445,1.7142857142857142,-41.666666666666664
92345,1,1.0,0.0,2.3333333333333335,-57.14285714285715,1.8,-44.44444444444445,1.7142857142857142,-41.666666666666664
92346,1,1.0,0.0,2.3333333333333335,-57.14285714285715,1.8,-44.44444444444445,1.7142857142857142,-41.666666666666664
92347,1,1.0,0.0,2.3333333333333335,-57.14285714285715,1.8,-44.44444444444445,1.7142857142857142,-41.666666666666664
92359,1,1.0,0.0,2.3333333333333335,-57.14285714285715,1.8,-44.44444444444445,1.7142857142857142,-41.666666666666664
92363,1,1.0,0.0,2.3333333333333335,-57.14285714285715,1.8,-44.44444444444445,1.7142857142857142,-41.666666666666664
92364,1,1.0,0.0,2.3333333333333335,-57.14285714285715,1.8,-44.44444444444445,1.7142857142857142,-41.666666666666664
92369,1,1.0,0.0,2.3333333333333335,-57.14285714285715,1.8,-44.44444444444445,1.7142857142857142,-41.666666666666664
92371,1,1.0,0.0,2.3333333333333335,-57.14285714285715,1.8,-44.44444444444445,1.7142857142857142,-41.666666666666664
92373,1,1.0,0.0,2.3333333333333335,-57.14285714285715,1.8,-44.44444444444445,1.7142857142857142,-41.666666666666664
92374,1,1.0,0.0,2.3333333333333335,-57.14285714285715,1.8,-44.44444444444445,1.7142857142857142,-41.666666666666664
92375,1,1.0,0.0,2.3333333333333335,-57.14285714285715,1.8,-44.44444444444445,1.7142857142857142,-41.666666666666664
92376,1,1.0,0.0,2.3333333333333335,-57.14285714285715,1.8,-44.44444444444445,1.7142857142857142,-41.666666666666664
92377,1,1.0,0.0,2.3333333333333335,-57.14285714285715,1.8,-44.44444444444445,1.7142857142857142,-41.666666666666664
92378,1,1.0,0.0,2.3333333333333335,-57.14285714285715,1.8,-44.44444444444445,1.7142857142857142,-41.666666666666664
92384,2,1.0,100.0,1.0,100.0,1.25,60.0,1.4,42.85714285714287
92385,1,1.0,0.0,2.3333333333333335,-57.14285714285715,1.8,-44.44444444444445,1.7142857142857142,-41.666666666666664
92386,1,1.0,0.0,2.3333333333333335,-57.14285714285715,1.8,-44.44444444444445,1.7142857142857142,-41.666666666666664
92389,2,1.0,100.0,1.0,100.0,1.25,60.0,1.4,42.85714285714287
92392,1,1.0,0.0,2.3333333333333335,-57.14285714285715,1.8,-44.44444444444445,1.7142857142857142,-41.666666666666664
92393,1,1.0,0.0,2.3333333333333335,-57.14285714285715,1.8,-44.44444444444445,1.7142857142857142,-41.666666666666664
92394,1,1.0,0.0,2.3333333333333335,-57.14285714285715,1.8,-44.44444444444445,1.7142857142857142,-41.666666666666664
92395,1,1.0,0.0,2.3333333333333335,-57.14285714285715,1.8,-44.44444444444445,1.7142857142857142,-41.666666666666664
92397,1,1.0,0.0,2.3333333333333335,-57.14285714285715,1.8,-44.44444444444445,1.7142857142857142,-41.666666666666664
92398,1,1.0,0.0,2.3333333333333335,-57.14285714285715,1.8,-44.44444444444445,1.7142857142857142,-41.666666666666664
92399,1,1.0,0.0,2.3333333333333335,-57.14285714285715,1.8,-44.44444444444445,1.7142857142857142,-41.666666666666664
92501,2,,,2.0,0.0,1.75,14.285714285714285,1.8333333333333333,9.090909090909095
92502,2,,,2.0,0.0,1.75,14.285714285714285,1.8333333333333333,9.090909090909095
92503,2,,,2.0,0.0,1.75,14.285714285714285,1.8333333333333333,9.090909090909095
92504,2,,,2.0,0.0,1.75,14.285714285714285,1.8333333333333333,9.090909090909095
92505,2,,,2.0,0.0,1.75,14.285714285714285,1.8333333333333333,9.090909090909095
92506,2,,,2.0,0.0,1.75,14.285714285714285,1.8333333333333333,9.090909090909095
92507,2,,,2.0,0.0,1.75,14.285714285714285,1.8333333333333333,9.090909090909095
92508,2,,,2.0,0.0,1.75,14.285714285714285,1.8333333333333333,9.090909090909095
92509,2,,,2.0,0.0,1.75,14.285714285714285,1.8333333333333333,9.090909090909095
92513,2,,,2.0,0.0,1.75,14.285714285714285,1.8333333333333333,9.090909090909095
92514,2,,,2.0,0.0,1.75,14.285714285714285,1.8333333333333333,9.090909090909095
92515,2,,,2.0,0.0,1.75,14.285714285714285,1.8333333333333333,9.090909090909095
92516,2,,,2.0,0.0,1.75,14.285714285714285,1.8333333333333333,9.090909090909095
92517,2,,,2.0,0.0,1.75,14.285714285714285,1.8333333333333333,9.090909090909095
92519,2,,,2.0,0.0,1.75,14.285714285714285,1.8333333333333333,9.090909090909095
92521,2,,,2.0,0.0,1.75,14.285714285714285,1.8333333333333333,9.090909090909095
92522,2,,,2.0,0.0,1.75,14.285714285714285,1.8333333333333333,9.090909090909095
92536,2,,,2.0,0.0,1.75,14.285714285714285,1.8333333333333333,9.090909090909095
92539,2,,,2.0,0.0,1.75,14.285714285714285,1.8333333333333333,9.090909090909095
92543,2,,,2.0,0.0,1.75,14.285714285714285,1.8333333333333333,9.090909090909095
92544,2,,,2.0,0.0,1.75,14.285714285714285,1.8333333333333333,9.090909090909095
92545,2,,,2.0,0.0,1.75,14.285714285714285,1.8333333333333333,9.090909090909095
92546,2,,,2.0,0.0,1.75,14.285714285714285,1.8333333333333333,9.090909090909095
92548,2,,,2.0,0.0,1.75,14.285714285714285,1.8333333333333333,9.090909090909095
92549,2,,,2.0,0.0,1.75,14.285714285714285,1.8333333333333333,9.090909090909095
92562,2,,,2.0,0.0,1.75,14.285714285714285,1.8333333333333333,9.090909090909095
92563,2,,,2.0,0.0,1.75,14.285714285714285,1.8333333333333333,9.090909090909095
92564,2,,,2.0,0.0,1.75,14.285714285714285,1.8333333333333333,9.090909090909095
92567,2,,,2.0,0.0,1.75,14.285714285714285,1.8333333333333333,9.090909090909095
92570,2,,,2.0,0.0,1.75,14.285714285714285,1.8333333333333333,9.090909090909095
92571,2,,,2.0,0.0,1.75,14.285714285714285,1.8333333333333333,9.090909090909095
92572,2,,,2.0,0.0,1.75,14.285714285714285,1.8333333333333333,9.090909090909095
92584,2,,,2.0,0.0,1.75,14.285714285714285,1.8333333333333333,9.090909090909095
92589,2,,,2.0,0.0,1.75,14.285714285714285,1.8333333333333333,9.090909090909095
92590,2,,,2.0,0.0,1.75,14.285714285714285,1.8333333333333333,9.090909090909095
92591,2,,,2.0,0.0,1.75,14.285714285714285,1.8333333333333333,9.090909090909095
92592,2,,,2.0,0.0,1.75,14.285714285714285,1.8333333333333333,9.090909090909095
92593,2,,,2.0,0.0,1.75,14.285714285714285,1.8333333333333333,9.090909090909095
92595,2,,,2.0,0.0,1.75,14.285714285714285,1.8333333333333333,9.090909090909095
92596,2,,,2.0,0.0,1.75,14.285714285714285,1.8333333333333333,9.090909090909095
92599,2,,,2.0,0.0,1.75,14.285714285714285,1.8333333333333333,9.090909090909095
92860,2,,,2.0,0.0,1.75,14.285714285714285,1.8333333333333333,9.090909090909095
92877,2,,,2.0,0.0,1.75,14.285714285714285,1.8333333333333333,9.090909090909095
92878,2,,,2.0,0.0,1.75,14.285714285714285,1.8333333333333333,9.090909090909095
92879,2,,,2.0,0.0,1.75,14.285714285714285,1.8333333333333333,9.090909090909095
92880,2,,,2.0,0.0,1.75,14.285714285714285,1.8333333333333333,9.090909090909095
92881,2,,,2.0,0.0,1.75,14.285714285714285,1.8333333333333333,9.090909090909095
92882,2,,,2.0,0.0,1.75,14.285714285714285,1.8333333333333333,9.090909090909095
92883,2,,,2.0,0.0,1.75,14.285714285714285,1.8333333333333333,9.090909090909095
93013,1,2.0,-50.0,1.6666666666666667,-40.0,1.8,-44.44444444444445,1.8333333333333333,-45.45454545454545
93014,1,2.0,-50.0,1.6666666666666667,-40.0,1.8,-44.44444444444445,1.8333333333333333,-45.45454545454545
93067,1,2.0,-50.0,1.6666666666666667,-40.0,1.8,-44.44444444444445,1.8333333333333333,-45.45454545454545
93116,1,2.0,-50.0,1.6666666666666667,-40.0,1.8,-44.44444444444445,1.8333333333333333,-45.45454545454545
93117,1,2.0,-50.0,1.6666666666666667,-40.0,1.8,-44.44444444444445,1.8333333333333333,-45.45454545454545
93118,1,2.0,-50.0,1.6666666666666667,-40.0,1.8,-44.44444444444445,1.8333333333333333,-45.45454545454545
93199,1,2.0,-50.0,1.6666666666666667,-40.0,1.8,-44.44444444444445,1.8333333333333333,-45.45454545454545
93426,2,4.0,-50.0,2.3333333333333335,-14.28571428571429,2.0,0.0,1.6666666666666667,19.999999999999996
93427,1,2.0,-50.0,1.6666666666666667,-40.0,1.8,-44.44444444444445,1.8333333333333333,-45.45454545454545
93429,1,2.0,-50.0,1.6666666666666667,-40.0,1.8,-44.44444444444445,1.8333333333333333,-45.45454545454545
93434,1,2.0,-50.0,1.6666666666666667,-40.0,1.8,-44.44444444444445,1.8333333333333333,-45.45454545454545
93436,1,2.0,-50.0,1.6666666666666667,-40.0,1.8,-44.44444444444445,1.8333333333333333,-45.45454545454545
93437,1,2.0,-50.0,1.6666666666666667,-40.0,1.8,-44.44444444444445,1.8333333333333333,-45.45454545454545
93438,1,2.0,-50.0,1.6666666666666667,-40.0,1.8,-44.44444444444445,1.8333333333333333,-45.45454545454545
93463,1,2.0,-50.0,1.6666666666666667,-40.0,1.8,-44.44444444444445,1.8333333333333333,-45.45454545454545
93464,1,2.0,-50.0,1.6666666666666667,-40.0,1.8,-44.44444444444445,1.8333333333333333,-45.45454545454545
93510,2,1.0,100.0,2.3333333333333335,-14.28571428571429,2.2,-9.090909090909099,2.125,-5.88235294117647
93514,2,1.0,100.0,1.0,100.0,1.25,60.0,1.4,42.85714285714287
93515,2,1.0,100.0,1.0,100.0,1.25,60.0,1.4,42.85714285714287
93522,2,1.0,100.0,1.0,100.0,1.25,60.0,1.4,42.85714285714287
93526,2,1.0,100.0,1.0,100.0,1.25,60.0,1.4,42.85714285714287
93530,2,1.0,100.0,1.0,100.0,1.25,60.0,1.4,42.85714285714287
93534,2,1.0,100.0,2.3333333333333335,-14.28571428571429,2.2,-9.090909090909099,2.125,-5.88235294117647
93535,2,1.0,100.0,2.3333333333333335,-14.28571428571429,2.2,-9.090909090909099,2.125,-5.88235294117647
93536,2,1.0,100.0,2.3333333333333335,-14.28571428571429,2.2,-9.090909090909099,2.125,-5.88235294117647
93539,2,1.0,100.0,2.3333333333333335,-14.28571428571429,2.2,-9.090909090909099,2.125,-5.88235294117647
93543,2,1.0,100.0,2.3333333333333335,-14.28571428571429,2.2,-9.090909090909099,2.125,-5.88235294117647
93544,2,1.0,100.0,2.3333333333333335,-14.28571428571429,2.2,-9.090909090909099,2.125,-5.88235294117647
93549,2,1.0,100.0,1.0,100.0,1.25,60.0,1.4,42.85714285714287
93550,2,1.0,100.0,2.3333333333333335,-14.28571428571429,2.2,-9.090909090909099,2.125,-5.88235294117647
93551,2,1.0,100.0,2.3333333333333335,-14.28571428571429,2.2,-9.090909090909099,2.125,-5.88235294117647
93552,2,1.0,100.0,2.3333333333333335,-14.28571428571429,2.2,-9.090909090909099,2.125,-5.88235294117647
93553,2,1.0,100.0,2.3333333333333335,-14.28571428571429,2.2,-9.090909090909099,2.125,-5.88235294117647
93562,1,1.0,0.0,2.3333333333333335,-57.14285714285715,1.8,-44.44444444444445,1.7142857142857142,-41.666666666666664
93563,2,1.0,100.0,2.3333333333333335,-14.28571428571429,2.2,-9.090909090909099,2.125,-5.88235294117647
93584,2,1.0,100.0,2.3333333333333335,-14.28571428571429,2.2,-9.090909090909099,2.125,-5.88235294117647
93586,2,1.0,100.0,2.3333333333333335,-14.28571428571429,2.2,-9.090909090909099,2.125,-5.88235294117647
93590,2,1.0,100.0,2.3333333333333335,-14.28571428571429,2.2,-9.090909090909099,2.125,-5.88235294117647
93591,2,1.0,100.0,2.3333333333333335,-14.28571428571429,2.2,-9.090909090909099,2.125,-5.88235294117647
93592,1,1.0,0.0,2.3333333333333335,-57.14285714285715,1.8,-44.44444444444445,1.7142857142857142,-41.666666666666664
93599,2,1.0,100.0,2.3333333333333335,-14.28571428571429,2.2,-9.090909090909099,2.125,-5.88235294117647
93601,1,2.0,-50.0,1.6666666666666667,-40.0,1.75,-42.857142857142854,1.5,-33.33333333333333
93610,1,2.0,-50.0,1.6666666666666667,-40.0,1.75,-42.857142857142854,1.5,-33.33333333333333
93614,1,2.0,-50.0,1.6666666666666667,-40.0,1.75,-42.857142857142854,1.5,-33.33333333333333
93636,1,2.0,-50.0,1.6666666666666667,-40.0,1.75,-42.857142857142854,1.5,-33.33333333333333
93637,1,2.0,-50.0,1.6666666666666667,-40.0,1.75,-42.857142857142854,1.5,-33.33333333333333
93638,1,2.0,-50.0,1.6666666666666667,-40.0,1.75,-42.857142857142854,1.5,-33.33333333333333
93639,1,2.0,-50.0,1.6666666666666667,-40.0,1.75,-42.857142857142854,1.5,-33.33333333333333
93644,1,2.0,-50.0,1.6666666666666667,-40.0,1.75,-42.857142857142854,1.5,-33.33333333333333
93653,1,2.0,-50.0,1.6666666666666667,-40.0,1.75,-42.857142857142854,1.5,-33.33333333333333
93669,1,2.0,-50.0,1.6666666666666667,-40.0,1.75,-42.857142857142854,1.5,-33.33333333333333
93901,2,4.0,-50.0,2.3333333333333335,-14.28571428571429,2.0,0.0,1.6666666666666667,19.999999999999996
93902,2,4.0,-50.0,2.3333333333333335,-14.28571428571429,2.0,0.0,1.6666666666666667,19.999999999999996
93905,2,4.0,-50.0,2.3333333333333335,-14.28571428571429,2.0,0.0,1.6666666666666667,19.999999999999996
93906,2,4.0,-50.0,2.3333333333333335,-14.28571428571429,2.0,0.0,1.6666666666666667,19.999999999999996
93907,2,4.0,-50.0,2.3333333333333335,-14.28571428571429,2.0,0.0,1.6666666666666667,19.999999999999996
93908,2,4.0,-50.0,2.3333333333333335,-14.28571428571429,2.0,0.0,1.6666666666666667,19.999999999999996
93912,2,4.0,-50.0,2.3333333333333335,-14.28571428571429,2.0,0.0,1.6666666666666667,19.999999999999996
93915,2,4.0,-50.0,2.3333333333333335,-14.28571428571429,2.0,0.0,1.6666666666666667,19.999999999999996
93922,2,4.0,-50.0,2.3333333333333335,-14.28571428571429,2.0,0.0,1.6666666666666667,19.999999999999996
93923,2,4.0,-50.0,2.3333333333333335,-14.28571428571429,2.0,0.0,1.6666666666666667,19.999999999999996
93925,2,4.0,-50.0,2.3333333333333335,-14.28571428571429,2.0,0.0,1.6666666666666667,19.999999999999996
93926,2,4.0,-50.0,2.3333333333333335,-14.28571428571429,2.0,0.0,1.6666666666666667,19.999999999999996
93927,2,4.0,-50.0,2.3333333333333335,-14.28571428571429,2.0,0.0,1.6666666666666667,19.999999999999996
93928,2,4.0,-50.0,2.3333333333333335,-14.28571428571429,2.0,0.0,1.6666666666666667,19.999999999999996
93932,2,4.0,-50.0,2.3333333333333335,-14.28571428571429,2.0,0.0,1.6666666666666667,19.999999999999996
93933,2,4.0,-50.0,2.3333333333333335,-14.28571428571429,2.0,0.0,1.6666666666666667,19.999999999999996
93940,2,4.0,-50.0,2.3333333333333335,-14.28571428571429,2.0,0.0,1.6666666666666667,19.999999999999996
93942,2,4.0,-50.0,2.3333333333333335,-14.28571428571429,2.0,0.0,1.6666666666666667,19.999999999999996
93943,2,4.0,-50.0,2.3333333333333335,-14.28571428571429,2.0,0.0,1.6666666666666667,19.999999999999996
93944,2,4.0,-50.0,2.3333333333333335,-14.28571428571429,2.0,0.0,1.6666666666666667,19.999999999999996
93955,2,4.0,-50.0,2.3333333333333335,-14.28571428571429,2.0,0.0,1.6666666666666667,19.999999999999996
93960,2,4.0,-50.0,2.3333333333333335,-14.28571428571429,2.0,0.0,1.6666666666666667,19.999999999999996
93962,2,4.0,-50.0,2.3333333333333335,-14.28571428571429,2.0,0.0,1.6666666666666667,19.999999999999996
95004,2,4.0,-50.0,2.3333333333333335,-14.28571428571429,2.0,0.0,1.6666666666666667,19.999999999999996
95012,2,4.0,-50.0,2.3333333333333335,-14.28571428571429,2.0,0.0,1.6666666666666667,19.999999999999996
95311,1,2.0,-50.0,1.6666666666666667,-40.0,1.8,-44.44444444444445,1.5,-33.33333333333333
95325,1,2.0,-50.0,1.6666666666666667,-40.0,1.8,-44.44444444444445,1.5,-33.33333333333333
95338,1,2.0,-50.0,1.6666666666666667,-40.0,1.8,-44.44444444444445,1.5,-33.33333333333333
95345,1,2.0,-50.0,1.6666666666666667,-40.0,1.8,-44.44444444444445,1.5,-33.33333333333333
95501,1,3.0,-66.66666666666666,2.0,-50.0,1.75,-42.857142857142854,1.5714285714285714,-36.36363636363637
95502,1,3.0,-66.66666666666666,2.0,-50.0,1.75,-42.857142857142854,1.5714285714285714,-36.36363636363637
95503,1,3.0,-66.66666666666666,2.0,-50.0,1.75,-42.857142857142854,1.5714285714285714,-36.36363636363637
95511,1,3.0,-66.66666666666666,2.0,-50.0,1.75,-42.857142857142854,1.5714285714285714,-36.36363636363637
95514,1,3.0,-66.66666666666666,2.0,-50.0,1.75,-42.857142857142854,1.5714285714285714,-36.36363636363637
95518,1,3.0,-66.66666666666666,2.0,-50.0,1.75,-42.857142857142854,1.5714285714285714,-36.36363636363637
95519,1,3.0,-66.66666666666666,2.0,-50.0,1.75,-42.857142857142854,1.5714285714285714,-36.36363636363637
95521,1,3.0,-66.66666666666666,2.0,-50.0,1.75,-42.857142857142854,1.5714285714285714,-36.36363636363637
95524,1,3.0,-66.66666666666666,2.0,-50.0,1.75,-42.857142857142854,1.5714285714285714,-36.36363636363637
95526,1,3.0,-66.66666666666666,2.0,-50.0,1.75,-42.857142857142854,1.5714285714285714,-36.36363636363637
95528,1,3.0,-66.66666666666666,2.0,-50.0,1.75,-42.857142857142854,1.5714285714285714,-36.36363636363637
95534,1,3.0,-66.66666666666666,2.0,-50.0,1.75,-42.857142857142854,1.5714285714285714,-36.36363636363637
95536,1,3.0,-66.66666666666666,2.0,-50.0,1.75,-42.857142857142854,1.5714285714285714,-36.36363636363637
95540,1,3.0,-66.66666666666666,2.0,-50.0,1.75,-42.857142857142854,1.5714285714285714,-36.36363636363637
95542,1,3.0,-66.66666666666666,2.0,-50.0,1.75,-42.857142857142854,1.5714285714285714,-36.36363636363637
95545,1,3.0,-66.66666666666666,2.0,-50.0,1.75,-42.857142857142854,1.5714285714285714,-36.36363636363637
95546,1,3.0,-66.66666666666666,2.0,-50.0,1.75,-42.857142857142854,1.5714285714285714,-36.36363636363637
95547,1,3.0,-66.66666666666666,2.0,-50.0,1.75,-42.857142857142854,1.5714285714285714,-36.36363636363637
95549,1,3.0,-66.66666666666666,2.0,-50.0,1.75,-42.857142857142854,1.5714285714285714,-36.36363636363637
95550,1,3.0,-66.66666666666666,2.0,-50.0,1.75,-42.857142857142854,1.5714285714285714,-36.36363636363637
95551,1,3.0,-66.66666666666666,2.0,-50.0,1.75,-42.857142857142854,1.5714285714285714,-36.36363636363637
95553,1,3.0,-66.66666666666666,2.0,-50.0,1.75,-42.857142857142854,1.5714285714285714,-36.36363636363637
95555,1,3.0,-66.66666666666666,2.0,-50.0,1.75,-42.857142857142854,1.5714285714285714,-36.36363636363637
95556,1,3.0,-66.66666666666666,2.0,-50.0,1.75,-42.857142857142854,1.5714285714285714,-36.36363636363637
95558,1,3.0,-66.66666666666666,2.0,-50.0,1.75,-42.857142857142854,1.5714285714285714,-36.36363636363637
95559,1,3.0,-66.66666666666666,2.0,-50.0,1.75,-42.857142857142854,1.5714285714285714,-36.36363636363637
95560,1,3.0,-66.66666666666666,2.0,-50.0,1.75,-42.857142857142854,1.5714285714285714,-36.36363636363637
95564,1,3.0,-66.66666666666666,2.0,-50.0,1.75,-42.857142857142854,1.5714285714285714,-36.36363636363637
95565,1,3.0,-66.66666666666666,2.0,-50.0,1.75,-42.857142857142854,1.5714285714285714,-36.36363636363637
95569,1,3.0,-66.66666666666666,2.0,-50.0,1.75,-42.857142857142854,1.5714285714285714,-36.36363636363637
95570,1,3.0,-66.66666666666666,2.0,-50.0,1.75,-42.857142857142854,1.5714285714285714,-36.36363636363637
95571,1,3.0,-66.66666666666666,2.0,-50.0,1.75,-42.857142857142854,1.5714285714285714,-36.36363636363637
95589,1,3.0,-66.66666666666666,2.0,-50.0,1.75,-42.857142857142854,1.5714285714285714,-36.36363636363637
95602,1,5.0,-80.0,2.3333333333333335,-57.14285714285715,2.0,-50.0,1.8,-44.44444444444445
95603,1,5.0,-80.0,2.3333333333333335,-57.14285714285715,2.0,-50.0,1.8,-44.44444444444445
95604,1,5.0,-80.0,2.3333333333333335,-57.14285714285715,2.0,-50.0,1.8,-44.44444444444445
95613,1,3.0,-66.66666666666666,2.0,-50.0,1.75,-42.857142857142854,1.6666666666666667,-40.0
95614,1,3.0,-66.66666666666666,2.0,-50.0,1.75,-42.857142857142854,1.6666666666666667,-40.0
95631,1,5.0,-80.0,2.3333333333333335,-57.14285714285715,2.0,-50.0,1.8,-44.44444444444445
95634,1,3.0,-66.66666666666666,2.0,-50.0,1.75,-42.857142857142854,1.6666666666666667,-40.0
95635,1,3.0,-66.66666666666666,2.0,-50.0,1.75,-42.857142857142854,1.6666666666666667,-40.0
95646,1,3.0,-66.66666666666666,1.6666666666666667,-40.0,1.5,-33.33333333333333,1.4,-28.571428571428566
95648,1,5.0,-80.0,2.3333333333333335,-57.14285714285715,2.0,-50.0,1.8,-44.44444444444445
95650,1,5.0,-80.0,2.3333333333333335,-57.14285714285715,2.0,-50.0,1.8,-44.44444444444445
95651,1,3.0,-66.66666666666666,2.0,-50.0,1.75,-42.857142857142854,1.6666666666666667,-40.0
95658,1,5.0,-80.0,2.3333333333333335,-57.14285714285715,2.0,-50.0,1.8,-44.44444444444445
95661,1,5.0,-80.0,2.3333333333333335,-57.14285714285715,2.0,-50.0,1.8,-44.44444444444445
95663,1,5.0,-80.0,2.3333333333333335,-57.14285714285715,2.0,-50.0,1.8,-44.44444444444445
95667,1,3.0,-66.66666666666666,2.0,-50.0,1.75,-42.857142857142854,1.6666666666666667,-40.0
95672,1,3.0,-66.66666666666666,2.0,-50.0,1.75,-42.857142857142854,1.6666666666666667,-40.0
95677,1,5.0,-80.0,2.3333333333333335,-57.14285714285715,2.0,-50.0,1.8,-44.44444444444445
95678,1,5.0,-80.0,2.3333333333333335,-57.14285714285715,2.0,-50.0,1.8,-44.44444444444445
95681,1,5.0,-80.0,2.3333333333333335,-57.14285714285715,2.0,-50.0,1.8,-44.44444444444445
95684,1,3.0,-66.66666666666666,2.0,-50.0,1.75,-42.857142857142854,1.6666666666666667,-40.0
95701,1,5.0,-80.0,2.3333333333333335,-57.14285714285715,2.0,-50.0,1.8,-44.44444444444445
95703,1,5.0,-80.0,2.3333333333333335,-57.14285714285715,2.0,-50.0,1.8,-44.44444444444445
95709,1,3.0,-66.66666666666666,2.0,-50.0,1.75,-42.857142857142854,1.6666666666666667,-40.0
95713,1,5.0,-80.0,2.3333333333333335,-57.14285714285715,2.0,-50.0,1.8,-44.44444444444445
95720,1,3.0,-66.66666666666666,2.0,-50.0,1.75,-42.857142857142854,1.6666666666666667,-40.0
95736,1,5.0,-80.0,2.3333333333333335,-57.14285714285715,2.0,-50.0,1.8,-44.44444444444445
95747,1,5.0,-80.0,2.3333333333333335,-57.14285714285715,2.0,-50.0,1.8,-44.44444444444445
95765,1,5.0,-80.0,2.3333333333333335,-57.14285714285715,2.0,-50.0,1.8,-44.44444444444445
95915,1,4.0,-75.0,2.0,-50.0,1.75,-42.857142857142854,1.5,-33.33333333333333
95947,1,4.0,-75.0,2.0,-50.0,1.75,-42.857142857142854,1.5,-33.33333333333333
95971,1,4.0,-75.0,2.0,-50.0,1.75,-42.857142857142854,1.5,-33.33333333333333
95980,1,4.0,-75.0,2.0,-50.0,1.75,-42.857142857142854,1.5,-33.33333333333333
95983,1,4.0,-75.0,2.0,-50.0,1.75,-42.857142857142854,1.5,-33.33333333333333
95984,1,4.0,-75.0,2.0,-50.0,1.75,-42.857142857142854,1.5,-33.33333333333333
96006,1,1.0,0.0,1.3333333333333333,-24.999999999999993,1.5,-33.33333333333333,1.3333333333333333,-24.999999999999993
96014,3,4.0,-25.0,2.3333333333333335,28.571428571428566,1.8,66.66666666666666,1.8571428571428572,61.53846153846153
96015,1,1.0,0.0,1.3333333333333333,-24.999999999999993,1.5,-33.33333333333333,1.3333333333333333,-24.999999999999993
96020,1,4.0,-75.0,2.0,-50.0,1.75,-42.857142857142854,1.5,-33.33333333333333
96021,1,2.0,-50.0,1.6666666666666667,-40.0,1.5,-33.33333333333333,1.3333333333333333,-24.999999999999993
96023,3,4.0,-25.0,2.3333333333333335,28.571428571428566,1.8,66.66666666666666,1.8571428571428572,61.53846153846153
96025,3,4.0,-25.0,2.3333333333333335,28.571428571428566,1.8,66.66666666666666,1.8571428571428572,61.53846153846153
96027,3,4.0,-25.0,2.3333333333333335,28.571428571428566,1.8,66.66666666666666,1.8571428571428572,61.53846153846153
96029,1,2.0,-50.0,1.6666666666666667,-40.0,1.5,-33.33333333333333,1.3333333333333333,-24.999999999999993
96034,3,4.0,-25.0,2.3333333333333335,28.571428571428566,1.8,66.66666666666666,1.8571428571428572,61.53846153846153
96035,1,2.0,-50.0,1.6666666666666667,-40.0,1.5,-33.33333333333333,1.3333333333333333,-24.999999999999993
96037,3,4.0,-25.0,2.3333333333333335,28.571428571428566,1.8,66.66666666666666,1.8571428571428572,61.53846153846153
96038,3,4.0,-25.0,2.3333333333333335,28.571428571428566,1.8,66.66666666666666,1.8571428571428572,61.53846153846153
96044,3,4.0,-25.0,2.3333333333333335,28.571428571428566,1.8,66.66666666666666,1.8571428571428572,61.53846153846153
96054,1,1.0,0.0,1.3333333333333333,-24.999999999999993,1.5,-33.33333333333333,1.3333333333333333,-24.999999999999993
96057,3,4.0,-25.0,2.3333333333333335,28.571428571428566,1.8,66.66666666666666,1.8571428571428572,61.53846153846153
96058,3,4.0,-25.0,2.3333333333333335,28.571428571428566,1.8,66.66666666666666,1.8571428571428572,61.53846153846153
96059,1,2.0,-50.0,1.6666666666666667,-40.0,1.5,-33.33333333333333,1.3333333333333333,-24.999999999999993
96063,1,2.0,-50.0,1.6666666666666667,-40.0,1.5,-33.33333333333333,1.3333333333333333,-24.999999999999993
96064,3,4.0,-25.0,2.3333333333333335,28.571428571428566,1.8,66.66666666666666,1.8571428571428572,61.53846153846153
96074,1,2.0,-50.0,1.6666666666666667,-40.0,1.5,-33.33333333333333,1.3333333333333333,-24.999999999999993
96078,1,2.0,-50.0,1.6666666666666667,-40.0,1.5,-33.33333333333333,1.3333333333333333,-24.999999999999993
96090,1,2.0,-50.0,1.6666666666666667,-40.0,1.5,-33.33333333333333,1.3333333333333333,-24.999999999999993
96092,1,2.0,-50.0,1.6666666666666667,-40.0,1.5,-33.33333333333333,1.3333333333333333,-24.999999999999993
96094,3,4.0,-25.0,2.3333333333333335,28.571428571428566,1.8,66.66666666666666,1.8571428571428572,61.53846153846153
96097,3,4.0,-25.0,2.3333333333333335,28.571428571428566,1.8,66.66666666666666,1.8571428571428572,61.53846153846153
96101,1,1.0,0.0,1.3333333333333333,-24.999999999999993,1.5,-33.33333333333333,1.3333333333333333,-24.999999999999993
96103,1,4.0,-75.0,2.0,-50.0,1.75,-42.857142857142854,1.5,-33.33333333333333
96104,1,1.0,0.0,1.3333333333333333,-24.999999999999993,1.5,-33.33333333333333,1.3333333333333333,-24.999999999999993
96105,1,4.0,-75.0,2.0,-50.0,1.75,-42.857142857142854,1.5,-33.33333333333333
96106,1,4.0,-75.0,2.0,-50.0,1.75,-42.857142857142854,1.5,-33.33333333333333
96110,1,1.0,0.0,1.3333333333333333,-24.999999999999993,1.5,-33.33333333333333,1.3333333333333333,-24.999999999999993
96116,1,1.0,0.0,1.3333333333333333,-24.999999999999993,1.5,-33.33333333333333,1.3333333333333333,-24.999999999999993
96120,1,3.0,-66.66666666666666,1.6666666666666667,-40.0,1.5,-33.33333333333333,1.4,-28.571428571428566
96122,1,4.0,-75.0,2.0,-50.0,1.75,-42.857142857142854,1.5,-33.33333333333333
96129,1,4.0,-75.0,2.0,-50.0,1.75,-42.857142857142854,1.5,-33.33333333333333
96134,3,4.0,-25.0,2.3333333333333335,28.571428571428566,1.8,66.66666666666666,1.8571428571428572,61.53846153846153
96135,1,4.0,-75.0,2.0,-50.0,1.75,-42.857142857142854,1.5,-33.33333333333333
96141,1,5.0,-80.0,2.3333333333333335,-57.14285714285715,2.0,-50.0,1.8,-44.44444444444445
96142,1,3.0,-66.66666666666666,2.0,-50.0,1.75,-42.857142857142854,1.6666666666666667,-40.0
