ZIP,Count_2022,Sum_1yr,Avg_3yr,Sum_3yr,Avg_5yr,Sum_5yr,Avg_10yr,Sum_10yr
90201,2,1.0,2.3333333333333335,7,2.2,11,2.125,17
90220,2,1.0,2.3333333333333335,7,2.2,11,2.125,17
90221,2,1.0,2.3333333333333335,7,2.2,11,2.125,17
90222,2,1.0,2.3333333333333335,7,2.2,11,2.125,17
90223,2,1.0,2.3333333333333335,7,2.2,11,2.125,17
90224,2,1.0,2.3333333333333335,7,2.2,11,2.125,17
90239,2,1.0,2.3333333333333335,7,2.2,11,2.125,17
90240,2,1.0,2.3333333333333335,7,2.2,11,2.125,17
90241,2,1.0,2.3333333333333335,7,2.2,11,2.125,17
90242,2,1.0,2.3333333333333335,7,2.2,11,2.125,17
90247,2,1.0,2.3333333333333335,7,2.2,11,2.125,17
90248,2,1.0,2.3333333333333335,7,2.2,11,2.125,17
90249,2,1.0,2.3333333333333335,7,2.2,11,2.125,17
90250,2,1.0,2.3333333333333335,7,2.2,11,2.125,17
90251,2,1.0,2.3333333333333335,7,2.2,11,2.125,17
90260,2,1.0,2.3333333333333335,7,2.2,11,2.125,17
90261,2,1.0,2.3333333333333335,7,2.2,11,2.125,17
90262,2,1.0,2.3333333333333335,7,2.2,11,2.125,17
90263,2,1.0,2.3333333333333335,7,2.2,11,2.125,17
90264,2,1.0,2.3333333333333335,7,2.2,11,2.125,17
90265,2,1.0,2.3333333333333335,7,2.2,11,2.125,17
90270,2,1.0,2.3333333333333335,7,2.2,11,2.125,17
90290,2,1.0,2.3333333333333335,7,2.2,11,2.125,17
90291,2,1.0,2.3333333333333335,7,2.2,11,2.125,17
90294,2,1.0,2.3333333333333335,7,2.2,11,2.125,17
90301,2,1.0,2.3333333333333335,7,2.2,11,2.125,17
90302,2,1.0,2.3333333333333335,7,2.2,11,2.125,17
90303,2,1.0,2.3333333333333335,7,2.2,11,2.125,17
90304,2,1.0,2.3333333333333335,7,2.2,11,2.125,17
90305,2,1.0,2.3333333333333335,7,2.2,11,2.125,17
90306,2,1.0,2.3333333333333335,7,2.2,11,2.125,17
90307,2,1.0,2.3333333333333335,7,2.2,11,2.125,17
90308,2,1.0,2.3333333333333335,7,2.2,11,2.125,17
90309,2,1.0,2.3333333333333335,7,2.2,11,2.125,17
90310,2,1.0,2.3333333333333335,7,2.2,11,2.125,17
90311,2,1.0,2.3333333333333335,7,2.2,11,2.125,17
90312,2,1.0,2.3333333333333335,7,2.2,11,2.125,17
90313,2,1.0,2.3333333333333335,7,2.2,11,2.125,17
90397,2,1.0,2.3333333333333335,7,2.2,11,2.125,17
90398,2,1.0,2.3333333333333335,7,2.2,11,2.125,17
90501,2,1.0,2.3333333333333335,7,2.2,11,2.125,17
90502,2,1.0,2.3333333333333335,7,2.2,11,2.125,17
90503,2,1.0,2.3333333333333335,7,2.2,11,2.125,17
90504,2,1.0,2.3333333333333335,7,2.2,11,2.125,17
90505,2,1.0,2.3333333333333335,7,2.2,11,2.125,17
90506,2,1.0,2.3333333333333335,7,2.2,11,2.125,17
90507,2,1.0,2.3333333333333335,7,2.2,11,2.125,17
90508,2,1.0,2.3333333333333335,7,2.2,11,2.125,17
90509,2,1.0,2.3333333333333335,7,2.2,11,2.125,17
90510,2,1.0,2.3333333333333335,7,2.2,11,2.125,17
90601,2,1.0,2.3333333333333335,7,2.2,11,2.125,17
90602,2,1.0,2.3333333333333335,7,2.2,11,2.125,17
90603,2,1.0,2.3333333333333335,7,2.2,11,2.125,17
90604,2,1.0,2.3333333333333335,7,2.2,11,2.125,17
90605,2,1.0,2.3333333333333335,7,2.2,11,2.125,17
90606,2,1.0,2.3333333333333335,7,2.2,11,2.125,17
90607,2,1.0,2.3333333333333335,7,2.2,11,2.125,17
90608,2,1.0,2.3333333333333335,7,2.2,11,2.125,17
90609,2,1.0,2.3333333333333335,7,2.2,11,2.125,17
90610,2,1.0,2.3333333333333335,7,2.2,11,2.125,17
90612,2,1.0,2.3333333333333335,7,2.2,11,2.125,17
90640,2,1.0,2.3333333333333335,7,2.2,11,2.125,17
90650,2,1.0,2.3333333333333335,7,2.2,11,2.125,17
90651,2,1.0,2.3333333333333335,7,2.2,11,2.125,17
90652,2,1.0,2.3333333333333335,7,2.2,11,2.125,17
90659,2,1.0,2.3333333333333335,7,2.2,11,2.125,17
90701,2,1.0,2.3333333333333335,7,2.2,11,2.125,17
90702,2,1.0,2.3333333333333335,7,2.2,11,2.125,17
90703,2,1.0,2.3333333333333335,7,2.2,11,2.125,17
90704,2,1.0,2.3333333333333335,7,2.2,11,2.125,17
90706,2,1.0,2.3333333333333335,7,2.2,11,2.125,17
90707,2,1.0,2.3333333333333335,7,2.2,11,2.125,17
90711,2,1.0,2.3333333333333335,7,2.2,11,2.125,17
90712,2,1.0,2.3333333333333335,7,2.2,11,2.125,17
90713,2,1.0,2.3333333333333335,7,2.2,11,2.125,17
90714,2,1.0,2.3333333333333335,7,2.2,11,2.125,17
90715,2,1.0,2.3333333333333335,7,2.2,11,2.125,17
90717,2,1.0,2.3333333333333335,7,2.2,11,2.125,17
90723,2,1.0,2.3333333333333335,7,2.2,11,2.125,17
90744,2,1.0,2.3333333333333335,7,2.2,11,2.125,17
90745,2,1.0,2.3333333333333335,7,2.2,11,2.125,17
90746,2,1.0,2.3333333333333335,7,2.2,11,2.125,17
90747,2,1.0,2.3333333333333335,7,2.2,11,2.125,17
90748,2,1.0,2.3333333333333335,7,2.2,11,2.125,17
90749,2,1.0,2.3333333333333335,7,2.2,11,2.125,17
90895,2,1.0,2.3333333333333335,7,2.2,11,2.125,17
91001,2,1.0,2.3333333333333335,7,2.2,11,2.125,17
91003,2,1.0,2.3333333333333335,7,2.2,11,2.125,17
91006,2,1.0,2.3333333333333335,7,2.2,11,2.125,17
91007,2,1.0,2.3333333333333335,7,2.2,11,2.125,17
91009,2,1.0,2.3333333333333335,7,2.2,11,2.125,17
91010,2,1.0,2.3333333333333335,7,2.2,11,2.125,17
91016,2,1.0,2.3333333333333335,7,2.2,11,2.125,17
91017,2,1.0,2.3333333333333335,7,2.2,11,2.125,17
91020,2,1.0,2.3333333333333335,7,2.2,11,2.125,17
91021,2,1.0,2.3333333333333335,7,2.2,11,2.125,17
91040,2,1.0,2.3333333333333335,7,2.2,11,2.125,17
91041,2,1.0,2.3333333333333335,7,2.2,11,2.125,17
91042,2,1.0,2.3333333333333335,7,2.2,11,2.125,17
91043,2,1.0,2.3333333333333335,7,2.2,11,2.125,17
91066,2,1.0,2.3333333333333335,7,2.2,11,2.125,17
91077,2,1.0,2.3333333333333335,7,2.2,11,2.125,17
91101,2,1.0,2.3333333333333335,7,2.2,11,2.125,17
91102,2,1.0,2.3333333333333335,7,2.2,11,2.125,17
91103,2,1.0,2.3333333333333335,7,2.2,11,2.125,17
91104,2,1.0,2.3333333333333335,7,2.2,11,2.125,17
91105,2,1.0,2.3333333333333335,7,2.2,11,2.125,17
91106,2,1.0,2.3333333333333335,7,2.2,11,2.125,17
91107,2,1.0,2.3333333333333335,7,2.2,11,2.125,17
91109,2,1.0,2.3333333333333335,7,2.2,11,2.125,17
91110,2,1.0,2.3333333333333335,7,2.2,11,2.125,17
91114,2,1.0,2.3333333333333335,7,2.2,11,2.125,17
91115,2,1.0,2.3333333333333335,7,2.2,11,2.125,17
91116,2,1.0,2.3333333333333335,7,2.2,11,2.125,17
91117,2,1.0,2.3333333333333335,7,2.2,11,2.125,17
91121,2,1.0,2.3333333333333335,7,2.2,11,2.125,17
91123,2,1.0,2.3333333333333335,7,2.2,11,2.125,17
91124,2,1.0,2.3333333333333335,7,2.2,11,2.125,17
91125,2,1.0,2.3333333333333335,7,2.2,11,2.125,17
91126,2,1.0,2.3333333333333335,7,2.2,11,2.125,17
91129,2,1.0,2.3333333333333335,7,2.2,11,2.125,17
91131,2,1.0,2.3333333333333335,7,2.2,11,2.125,17
91182,2,1.0,2.3333333333333335,7,2.2,11,2.125,17
91184,2,1.0,2.3333333333333335,7,2.2,11,2.125,17
91185,2,1.0,2.3333333333333335,7,2.2,11,2.125,17
91188,2,1.0,2.3333333333333335,7,2.2,11,2.125,17
91189,2,1.0,2.3333333333333335,7,2.2,11,2.125,17
91191,2,1.0,2.3333333333333335,7,2.2,11,2.125,17
91199,2,1.0,2.3333333333333335,7,2.2,11,2.125,17
91201,2,1.0,2.3333333333333335,7,2.2,11,2.125,17
91202,2,1.0,2.3333333333333335,7,2.2,11,2.125,17
91203,2,1.0,2.3333333333333335,7,2.2,11,2.125,17
91204,2,1.0,2.3333333333333335,7,2.2,11,2.125,17
91205,2,1.0,2.3333333333333335,7,2.2,11,2.125,17
91206,2,1.0,2.3333333333333335,7,2.2,11,2.125,17
91207,2,1.0,2.3333333333333335,7,2.2,11,2.125,17
91208,2,1.0,2.3333333333333335,7,2.2,11,2.125,17
91209,2,1.0,2.3333333333333335,7,2.2,11,2.125,17
91210,2,1.0,2.3333333333333335,7,2.2,11,2.125,17
91221,2,1.0,2.3333333333333335,7,2.2,11,2.125,17
91222,2,1.0,2.3333333333333335,7,2.2,11,2.125,17
91225,2,1.0,2.3333333333333335,7,2.2,11,2.125,17
91226,2,1.0,2.3333333333333335,7,2.2,11,2.125,17
91302,2,1.0,2.3333333333333335,7,2.2,11,2.125,17
91306,2,1.0,2.3333333333333335,7,2.2,11,2.125,17
91310,2,1.0,2.3333333333333335,7,2.2,11,2.125,17
91311,2,1.0,2.3333333333333335,7,2.2,11,2.125,17
91313,2,1.0,2.3333333333333335,7,2.2,11,2.125,17
91316,2,1.0,2.3333333333333335,7,2.2,11,2.125,17
91321,2,1.0,2.3333333333333335,7,2.2,11,2.125,17
91322,2,1.0,2.3333333333333335,7,2.2,11,2.125,17
91324,2,1.0,2.3333333333333335,7,2.2,11,2.125,17
91325,2,1.0,2.3333333333333335,7,2.2,11,2.125,17
91327,2,1.0,2.3333333333333335,7,2.2,11,2.125,17
91328,2,1.0,2.3333333333333335,7,2.2,11,2.125,17
91329,2,1.0,2.3333333333333335,7,2.2,11,2.125,17
91330,2,1.0,2.3333333333333335,7,2.2,11,2.125,17
91331,2,1.0,2.3333333333333335,7,2.2,11,2.125,17
91333,2,1.0,2.3333333333333335,7,2.2,11,2.125,17
91334,2,1.0,2.3333333333333335,7,2.2,11,2.125,17
91335,2,1.0,2.3333333333333335,7,2.2,11,2.125,17
91337,2,1.0,2.3333333333333335,7,2.2,11,2.125,17
91342,2,1.0,2.3333333333333335,7,2.2,11,2.125,17
91354,2,1.0,2.3333333333333335,7,2.2,11,2.125,17
91355,2,1.0,2.3333333333333335,7,2.2,11,2.125,17
91356,2,1.0,2.3333333333333335,7,2.2,11,2.125,17
91357,2,1.0,2.3333333333333335,7,2.2,11,2.125,17
91372,2,1.0,2.3333333333333335,7,2.2,11,2.125,17
91384,2,1.0,2.3333333333333335,7,2.2,11,2.125,17
91385,2,1.0,2.3333333333333335,7,2.2,11,2.125,17
91392,2,1.0,2.3333333333333335,7,2.2,11,2.125,17
91396,2,1.0,2.3333333333333335,7,2.2,11,2.125,17
91416,2,1.0,2.3333333333333335,7,2.2,11,2.125,17
91426,2,1.0,2.3333333333333335,7,2.2,11,2.125,17
91436,2,1.0,2.3333333333333335,7,2.2,11,2.125,17
91501,2,1.0,2.3333333333333335,7,2.2,11,2.125,17
91502,2,1.0,2.3333333333333335,7,2.2,11,2.125,17
91503,2,1.0,2.3333333333333335,7,2.2,11,2.125,17
91504,2,1.0,2.3333333333333335,7,2.2,11,2.125,17
91505,2,1.0,2.3333333333333335,7,2.2,11,2.125,17
91506,2,1.0,2.3333333333333335,7,2.2,11,2.125,17
91507,2,1.0,2.3333333333333335,7,2.2,11,2.125,17
91508,2,1.0,2.3333333333333335,7,2.2,11,2.125,17
91510,2,1.0,2.3333333333333335,7,2.2,11,2.125,17
91521,2,1.0,2.3333333333333335,7,2.2,11,2.125,17
91522,2,1.0,2.3333333333333335,7,2.2,11,2.125,17
91523,2,1.0,2.3333333333333335,7,2.2,11,2.125,17
91526,2,1.0,2.3333333333333335,7,2.2,11,2.125,17
91702,2,1.0,2.3333333333333335,7,2.2,11,2.125,17
91708,1,1.0,2.3333333333333335,7,1.8,9,1.7142857142857142,12
91710,1,1.0,2.3333333333333335,7,1.8,9,1.7142857142857142,12
91711,2,1.0,2.3333333333333335,7,2.2,11,2.125,17
91722,2,1.0,2.3333333333333335,7,2.2,11,2.125,17
91723,2,1.0,2.3333333333333335,7,2.2,11,2.125,17
91724,2,1.0,2.3333333333333335,7,2.2,11,2.125,17
91740,2,1.0,2.3333333333333335,7,2.2,11,2.125,17
91741,2,1.0,2.3333333333333335,7,2.2,11,2.125,17
91743,1,1.0,2.3333333333333335,7,1.8,9,1.7142857142857142,12
91758,1,1.0,2.3333333333333335,7,1.8,9,1.7142857142857142,12
91761,1,1.0,2.3333333333333335,7,1.8,9,1.7142857142857142,12
91762,1,1.0,2.3333333333333335,7,1.8,9,1.7142857142857142,12
91763,1,1.0,2.3333333333333335,7,1.8,9,1.7142857142857142,12
91764,1,1.0,2.3333333333333335,7,1.8,9,1.7142857142857142,12
91766,2,1.0,2.3333333333333335,7,2.2,11,2.125,17
91767,2,1.0,2.3333333333333335,7,2.2,11,2.125,17
91768,2,1.0,2.3333333333333335,7,2.2,11,2.125,17
91769,2,1.0,2.3333333333333335,7,2.2,11,2.125,17
91770,2,1.0,2.3333333333333335,7,2.2,11,2.125,17
91771,2,1.0,2.3333333333333335,7,2.2,11,2.125,17
91772,2,1.0,2.3333333333333335,7,2.2,11,2.125,17
91784,1,1.0,2.3333333333333335,7,1.8,9,1.7142857142857142,12
91785,1,1.0,2.3333333333333335,7,1.8,9,1.7142857142857142,12
91786,1,1.0,2.3333333333333335,7,1.8,9,1.7142857142857142,12
91788,2,1.0,2.3333333333333335,7,2.2,11,2.125,17
91789,2,1.0,2.3333333333333335,7,2.2,11,2.125,17
91795,2,1.0,2.3333333333333335,7,2.2,11,2.125,17
91797,2,1.0,2.3333333333333335,7,2.2,11,2.125,17
91798,1,1.0,2.3333333333333335,7,1.8,9,1.7142857142857142,12
91799,2,1.0,2.3333333333333335,7,2.2,11,2.125,17
91801,2,1.0,2.3333333333333335,7,2.2,11,2.125,17
91802,2,1.0,2.3333333333333335,7,2.2,11,2.125,17
91803,2,1.0,2.3333333333333335,7,2.2,11,2.125,17
91804,2,1.0,2.3333333333333335,7,2.2,11,2.125,17
91841,2,1.0,2.3333333333333335,7,2.2,11,2.125,17
91896,2,1.0,2.3333333333333335,7,2.2,11,2.125,17
91899,2,1.0,2.3333333333333335,7,2.2,11,2.125,17
92201,2,0.0,2.0,4,1.75,7,1.8333333333333333,11
92202,2,0.0,2.0,4,1.75,7,1.8333333333333333,11
92203,2,0.0,2.0,4,1.75,7,1.8333333333333333,11
92220,2,0.0,2.0,4,1.75,7,1.8333333333333333,11
92222,1,0.0,1.0,2,1.0,2,1.3333333333333333,4
92223,2,0.0,2.0,4,1.75,7,1.8333333333333333,11
92225,2,0.0,2.0,4,1.75,7,1.8333333333333333,11
92226,2,0.0,2.0,4,1.75,7,1.8333333333333333,11
92227,1,0.0,1.0,2,1.0,2,1.3333333333333333,4
92230,2,0.0,2.0,4,1.75,7,1.8333333333333333,11
92231,1,0.0,1.0,2,1.0,2,1.3333333333333333,4
92232,1,0.0,1.0,2,1.0,2,1.3333333333333333,4
92233,1,0.0,1.0,2,1.0,2,1.3333333333333333,4
92236,2,0.0,2.0,4,1.75,7,1.8333333333333333,11
92242,1,1.0,2.3333333333333335,7,1.8,9,1.7142857142857142,12
92249,1,0.0,1.0,2,1.0,2,1.3333333333333333,4
92250,1,0.0,1.0,2,1.0,2,1.3333333333333333,4
92251,1,0.0,1.0,2,1.0,2,1.3333333333333333,4
92254,2,0.0,2.0,4,1.75,7,1.8333333333333333,11
92257,1,0.0,1.0,2,1.0,2,1.3333333333333333,4
92259,1,0.0,1.0,2,1.0,2,1.3333333333333333,4
92268,1,1.0,2.3333333333333335,7,1.8,9,1.7142857142857142,12
92273,1,0.0,1.0,2,1.0,2,1.3333333333333333,4
92274,2,0.0,2.0,4,1.75,7,1.8333333333333333,11
92280,1,1.0,2.3333333333333335,7,1.8,9,1.7142857142857142,12
92281,1,0.0,1.0,2,1.0,2,1.3333333333333333,4
92283,1,0.0,1.0,2,1.0,2,1.3333333333333333,4
92285,1,1.0,2.3333333333333335,7,1.8,9,1.7142857142857142,12
92301,1,1.0,2.3333333333333335,7,1.8,9,1.7142857142857142,12
92304,1,1.0,2.3333333333333335,7,1.8,9,1.7142857142857142,12
92309,1,1.0,2.3333333333333335,7,1.8,9,1.7142857142857142,12
92311,1,1.0,2.3333333333333335,7,1.8,9,1.7142857142857142,12
92312,1,1.0,2.3333333333333335,7,1.8,9,1.7142857142857142,12
92316,1,1.0,2.3333333333333335,7,1.8,9,1.7142857142857142,12
92320,2,0.0,2.0,4,1.75,7,1.8333333333333333,11
92323,1,1.0,2.3333333333333335,7,1.8,9,1.7142857142857142,12
92324,1,1.0,2.3333333333333335,7,1.8,9,1.7142857142857142,12
92325,1,1.0,2.3333333333333335,7,1.8,9,1.7142857142857142,12
92327,1,1.0,2.3333333333333335,7,1.8,9,1.7142857142857142,12
92329,1,1.0,2.3333333333333335,7,1.8,9,1.7142857142857142,12
92331,1,1.0,2.3333333333333335,7,1.8,9,1.7142857142857142,12
92332,1,1.0,2.3333333333333335,7,1.8,9,1.7142857142857142,12
92333,1,1.0,2.3333333333333335,7,1.8,9,1.7142857142857142,12
92334,1,1.0,2.3333333333333335,7,1.8,9,1.7142857142857142,12
92335,1,1.0,2.3333333333333335,7,1.8,9,1.7142857142857142,12
92336,1,1.0,2.3333333333333335,7,1.8,9,1.7142857142857142,12
92337,1,1.0,2.3333333333333335,7,1.8,9,1.7142857142857142,12
92338,1,1.0,2.3333333333333335,7,1.8,9,1.7142857142857142,12
92340,1,1.0,2.3333333333333335,7,1.8,9,1.7142857142857142,12
92342,1,1.0,2.3333333333333335,7,1.8,9,1.7142857142857142,12
92344,1,1.0,2.3333333333333335,7,1.8,9,1.7142857142857142,12
92345,1,1.0,2.3333333333333335,7,1.8,9,1.7142857142857142,12
92346,1,1.0,2.3333333333333335,7,1.8,9,1.7142857142857142,12
92347,1,1.0,2.3333333333333335,7,1.8,9,1.7142857142857142,12
92359,1,1.0,2.3333333333333335,7,1.8,9,1.7142857142857142,12
92363,1,1.0,2.3333333333333335,7,1.8,9,1.7142857142857142,12
92364,1,1.0,2.3333333333333335,7,1.8,9,1.7142857142857142,12
92369,1,1.0,2.3333333333333335,7,1.8,9,1.7142857142857142,12
92371,1,1.0,2.3333333333333335,7,1.8,9,1.7142857142857142,12
92373,1,1.0,2.3333333333333335,7,1.8,9,1.7142857142857142,12
92374,1,1.0,2.3333333333333335,7,1.8,9,1.7142857142857142,12
92375,1,1.0,2.3333333333333335,7,1.8,9,1.7142857142857142,12
92376,1,1.0,2.3333333333333335,7,1.8,9,1.7142857142857142,12
92377,1,1.0,2.3333333333333335,7,1.8,9,1.7142857142857142,12
92378,1,1.0,2.3333333333333335,7,1.8,9,1.7142857142857142,12
92384,2,1.0,1.0,3,1.25,5,1.4,7
92385,1,1.0,2.3333333333333335,7,1.8,9,1.7142857142857142,12
92386,1,1.0,2.3333333333333335,7,1.8,9,1.7142857142857142,12
92389,2,1.0,1.0,3,1.25,5,1.4,7
92392,1,1.0,2.3333333333333335,7,1.8,9,1.7142857142857142,12
92393,1,1.0,2.3333333333333335,7,1.8,9,1.7142857142857142,12
92394,1,1.0,2.3333333333333335,7,1.8,9,1.7142857142857142,12
92395,1,1.0,2.3333333333333335,7,1.8,9,1.7142857142857142,12
92397,1,1.0,2.3333333333333335,7,1.8,9,1.7142857142857142,12
92398,1,1.0,2.3333333333333335,7,1.8,9,1.7142857142857142,12
92399,1,1.0,2.3333333333333335,7,1.8,9,1.7142857142857142,12
92501,2,0.0,2.0,4,1.75,7,1.8333333333333333,11
92502,2,0.0,2.0,4,1.75,7,1.8333333333333333,11
92503,2,0.0,2.0,4,1.75,7,1.8333333333333333,11
92504,2,0.0,2.0,4,1.75,7,1.8333333333333333,11
92505,2,0.0,2.0,4,1.75,7,1.8333333333333333,11
92506,2,0.0,2.0,4,1.75,7,1.8333333333333333,11
92507,2,0.0,2.0,4,1.75,7,1.8333333333333333,11
92508,2,0.0,2.0,4,1.75,7,1.8333333333333333,11
92509,2,0.0,2.0,4,1.75,7,1.8333333333333333,11
92513,2,0.0,2.0,4,1.75,7,1.8333333333333333,11
92514,2,0.0,2.0,4,1.75,7,1.8333333333333333,11
92515,2,0.0,2.0,4,1.75,7,1.8333333333333333,11
92516,2,0.0,2.0,4,1.75,7,1.8333333333333333,11
92517,2,0.0,2.0,4,1.75,7,1.8333333333333333,11
92519,2,0.0,2.0,4,1.75,7,1.8333333333333333,11
92521,2,0.0,2.0,4,1.75,7,1.8333333333333333,11
92522,2,0.0,2.0,4,1.75,7,1.8333333333333333,11
92536,2,0.0,2.0,4,1.75,7,1.8333333333333333,11
92539,2,0.0,2.0,4,1.75,7,1.8333333333333333,11
92543,2,0.0,2.0,4,1.75,7,1.8333333333333333,11
92544,2,0.0,2.0,4,1.75,7,1.8333333333333333,11
92545,2,0.0,2.0,4,1.75,7,1.8333333333333333,11
92546,2,0.0,2.0,4,1.75,7,1.8333333333333333,11
92548,2,0.0,2.0,4,1.75,7,1.8333333333333333,11
92549,2,0.0,2.0,4,1.75,7,1.8333333333333333,11
92562,2,0.0,2.0,4,1.75,7,1.8333333333333333,11
92563,2,0.0,2.0,4,1.75,7,1.8333333333333333,11
92564,2,0.0,2.0,4,1.75,7,1.8333333333333333,11
92567,2,0.0,2.0,4,1.75,7,1.8333333333333333,11
92570,2,0.0,2.0,4,1.75,7,1.8333333333333333,11
92571,2,0.0,2.0,4,1.75,7,1.8333333333333333,11
92572,2,0.0,2.0,4,1.75,7,1.8333333333333333,11
92584,2,0.0,2.0,4,1.75,7,1.8333333333333333,11
92589,2,0.0,2.0,4,1.75,7,1.8333333333333333,11
92590,2,0.0,2.0,4,1.75,7,1.8333333333333333,11
92591,2,0.0,2.0,4,1.75,7,1.8333333333333333,11
92592,2,0.0,2.0,4,1.75,7,1.8333333333333333,11
92593,2,0.0,2.0,4,1.75,7,1.8333333333333333,11
92595,2,0.0,2.0,4,1.75,7,1.8333333333333333,11
92596,2,0.0,2.0,4,1.75,7,1.8333333333333333,11
92599,2,0.0,2.0,4,1.75,7,1.8333333333333333,11
92860,2,0.0,2.0,4,1.75,7,1.8333333333333333,11
92877,2,0.0,2.0,4,1.75,7,1.8333333333333333,11
92878,2,0.0,2.0,4,1.75,7,1.8333333333333333,11
92879,2,0.0,2.0,4,1.75,7,1.8333333333333333,11
92880,2,0.0,2.0,4,1.75,7,1.8333333333333333,11
92881,2,0.0,2.0,4,1.75,7,1.8333333333333333,11
92882,2,0.0,2.0,4,1.75,7,1.8333333333333333,11
92883,2,0.0,2.0,4,1.75,7,1.8333333333333333,11
93013,1,2.0,1.6666666666666667,5,1.8,9,1.8333333333333333,11
93014,1,2.0,1.6666666666666667,5,1.8,9,1.8333333333333333,11
93067,1,2.0,1.6666666666666667,5,1.8,9,1.8333333333333333,11
93116,1,2.0,1.6666666666666667,5,1.8,9,1.8333333333333333,11
93117,1,2.0,1.6666666666666667,5,1.8,9,1.8333333333333333,11
93118,1,2.0,1.6666666666666667,5,1.8,9,1.8333333333333333,11
93199,1,2.0,1.6666666666666667,5,1.8,9,1.8333333333333333,11
93426,2,4.0,2.3333333333333335,7,2.0,8,1.6666666666666667,10
93427,1,2.0,1.6666666666666667,5,1.8,9,1.8333333333333333,11
93429,1,2.0,1.6666666666666667,5,1.8,9,1.8333333333333333,11
93434,1,2.0,1.6666666666666667,5,1.8,9,1.8333333333333333,11
93436,1,2.0,1.6666666666666667,5,1.8,9,1.8333333333333333,11
93437,1,2.0,1.6666666666666667,5,1.8,9,1.8333333333333333,11
93438,1,2.0,1.6666666666666667,5,1.8,9,1.8333333333333333,11
93463,1,2.0,1.6666666666666667,5,1.8,9,1.8333333333333333,11
93464,1,2.0,1.6666666666666667,5,1.8,9,1.8333333333333333,11
93510,2,1.0,2.3333333333333335,7,2.2,11,2.125,17
93514,2,1.0,1.0,3,1.25,5,1.4,7
93515,2,1.0,1.0,3,1.25,5,1.4,7
93522,2,1.0,1.0,3,1.25,5,1.4,7
93526,2,1.0,1.0,3,1.25,5,1.4,7
93530,2,1.0,1.0,3,1.25,5,1.4,7
93534,2,1.0,2.3333333333333335,7,2.2,11,2.125,17
93535,2,1.0,2.3333333333333335,7,2.2,11,2.125,17
93536,2,1.0,2.3333333333333335,7,2.2,11,2.125,17
93539,2,1.0,2.3333333333333335,7,2.2,11,2.125,17
93543,2,1.0,2.3333333333333335,7,2.2,11,2.125,17
93544,2,1.0,2.3333333333333335,7,2.2,11,2.125,17
93549,2,1.0,1.0,3,1.25,5,1.4,7
93550,2,1.0,2.3333333333333335,7,2.2,11,2.125,17
93551,2,1.0,2.3333333333333335,7,2.2,11,2.125,17
93552,2,1.0,2.3333333333333335,7,2.2,11,2.125,17
93553,2,1.0,2.3333333333333335,7,2.2,11,2.125,17
93562,1,1.0,2.3333333333333335,7,1.8,9,1.7142857142857142,12
93563,2,1.0,2.3333333333333335,7,2.2,11,2.125,17
93584,2,1.0,2.3333333333333335,7,2.2,11,2.125,17
93586,2,1.0,2.3333333333333335,7,2.2,11,2.125,17
93590,2,1.0,2.3333333333333335,7,2.2,11,2.125,17
93591,2,1.0,2.3333333333333335,7,2.2,11,2.125,17
93592,1,1.0,2.3333333333333335,7,1.8,9,1.7142857142857142,12
93599,2,1.0,2.3333333333333335,7,2.2,11,2.125,17
93601,1,2.0,1.6666666666666667,5,1.75,7,1.5,9
93610,1,2.0,1.6666666666666667,5,1.75,7,1.5,9
93614,1,2.0,1.6666666666666667,5,1.75,7,1.5,9
93636,1,2.0,1.6666666666666667,5,1.75,7,1.5,9
93637,1,2.0,1.6666666666666667,5,1.75,7,1.5,9
93638,1,2.0,1.6666666666666667,5,1.75,7,1.5,9
93639,1,2.0,1.6666666666666667,5,1.75,7,1.5,9
93644,1,2.0,1.6666666666666667,5,1.75,7,1.5,9
93653,1,2.0,1.6666666666666667,5,1.75,7,1.5,9
93669,1,2.0,1.6666666666666667,5,1.75,7,1.5,9
93901,2,4.0,2.3333333333333335,7,2.0,8,1.6666666666666667,10
93902,2,4.0,2.3333333333333335,7,2.0,8,1.6666666666666667,10
93905,2,4.0,2.3333333333333335,7,2.0,8,1.6666666666666667,10
93906,2,4.0,2.3333333333333335,7,2.0,8,1.6666666666666667,10
93907,2,4.0,2.3333333333333335,7,2.0,8,1.6666666666666667,10
93908,2,4.0,2.3333333333333335,7,2.0,8,1.6666666666666667,10
93912,2,4.0,2.3333333333333335,7,2.0,8,1.6666666666666667,10
93915,2,4.0,2.3333333333333335,7,2.0,8,1.6666666666666667,10
93922,2,4.0,2.3333333333333335,7,2.0,8,1.6666666666666667,10
93923,2,4.0,2.3333333333333335,7,2.0,8,1.6666666666666667,10
93925,2,4.0,2.3333333333333335,7,2.0,8,1.6666666666666667,10
93926,2,4.0,2.3333333333333335,7,2.0,8,1.6666666666666667,10
93927,2,4.0,2.3333333333333335,7,2.0,8,1.6666666666666667,10
93928,2,4.0,2.3333333333333335,7,2.0,8,1.6666666666666667,10
93932,2,4.0,2.3333333333333335,7,2.0,8,1.6666666666666667,10
93933,2,4.0,2.3333333333333335,7,2.0,8,1.6666666666666667,10
93940,2,4.0,2.3333333333333335,7,2.0,8,1.6666666666666667,10
93942,2,4.0,2.3333333333333335,7,2.0,8,1.6666666666666667,10
93943,2,4.0,2.3333333333333335,7,2.0,8,1.6666666666666667,10
93944,2,4.0,2.3333333333333335,7,2.0,8,1.6666666666666667,10
93955,2,4.0,2.3333333333333335,7,2.0,8,1.6666666666666667,10
93960,2,4.0,2.3333333333333335,7,2.0,8,1.6666666666666667,10
93962,2,4.0,2.3333333333333335,7,2.0,8,1.6666666666666667,10
95004,2,4.0,2.3333333333333335,7,2.0,8,1.6666666666666667,10
95012,2,4.0,2.3333333333333335,7,2.0,8,1.6666666666666667,10
95311,1,2.0,1.6666666666666667,5,1.8,9,1.5,12
95325,1,2.0,1.6666666666666667,5,1.8,9,1.5,12
95338,1,2.0,1.6666666666666667,5,1.8,9,1.5,12
95345,1,2.0,1.6666666666666667,5,1.8,9,1.5,12
95501,1,3.0,2.0,6,1.75,7,1.5714285714285714,11
95502,1,3.0,2.0,6,1.75,7,1.5714285714285714,11
95503,1,3.0,2.0,6,1.75,7,1.5714285714285714,11
95511,1,3.0,2.0,6,1.75,7,1.5714285714285714,11
95514,1,3.0,2.0,6,1.75,7,1.5714285714285714,11
95518,1,3.0,2.0,6,1.75,7,1.5714285714285714,11
95519,1,3.0,2.0,6,1.75,7,1.5714285714285714,11
95521,1,3.0,2.0,6,1.75,7,1.5714285714285714,11
95524,1,3.0,2.0,6,1.75,7,1.5714285714285714,11
95526,1,3.0,2.0,6,1.75,7,1.5714285714285714,11
95528,1,3.0,2.0,6,1.75,7,1.5714285714285714,11
95534,1,3.0,2.0,6,1.75,7,1.5714285714285714,11
95536,1,3.0,2.0,6,1.75,7,1.5714285714285714,11
95540,1,3.0,2.0,6,1.75,7,1.5714285714285714,11
95542,1,3.0,2.0,6,1.75,7,1.5714285714285714,11
95545,1,3.0,2.0,6,1.75,7,1.5714285714285714,11
95546,1,3.0,2.0,6,1.75,7,1.5714285714285714,11
95547,1,3.0,2.0,6,1.75,7,1.5714285714285714,11
95549,1,3.0,2.0,6,1.75,7,1.5714285714285714,11
95550,1,3.0,2.0,6,1.75,7,1.5714285714285714,11
95551,1,3.0,2.0,6,1.75,7,1.5714285714285714,11
95553,1,3.0,2.0,6,1.75,7,1.5714285714285714,11
95555,1,3.0,2.0,6,1.75,7,1.5714285714285714,11
95556,1,3.0,2.0,6,1.75,7,1.5714285714285714,11
95558,1,3.0,2.0,6,1.75,7,1.5714285714285714,11
95559,1,3.0,2.0,6,1.75,7,1.5714285714285714,11
95560,1,3.0,2.0,6,1.75,7,1.5714285714285714,11
95564,1,3.0,2.0,6,1.75,7,1.5714285714285714,11
95565,1,3.0,2.0,6,1.75,7,1.5714285714285714,11
95569,1,3.0,2.0,6,1.75,7,1.5714285714285714,11
95570,1,3.0,2.0,6,1.75,7,1.5714285714285714,11
95571,1,3.0,2.0,6,1.75,7,1.5714285714285714,11
95589,1,3.0,2.0,6,1.75,7,1.5714285714285714,11
95602,1,5.0,2.3333333333333335,7,2.0,8,1.8,9
95603,1,5.0,2.3333333333333335,7,2.0,8,1.8,9
95604,1,5.0,2.3333333333333335,7,2.0,8,1.8,9
95613,1,3.0,2.0,6,1.75,7,1.6666666666666667,10
95614,1,3.0,2.0,6,1.75,7,1.6666666666666667,10
95631,1,5.0,2.3333333333333335,7,2.0,8,1.8,9
95634,1,3.0,2.0,6,1.75,7,1.6666666666666667,10
95635,1,3.0,2.0,6,1.75,7,1.6666666666666667,10
95646,1,3.0,1.6666666666666667,5,1.5,6,1.4,7
95648,1,5.0,2.3333333333333335,7,2.0,8,1.8,9
95650,1,5.0,2.3333333333333335,7,2.0,8,1.8,9
95651,1,3.0,2.0,6,1.75,7,1.6666666666666667,10
95658,1,5.0,2.3333333333333335,7,2.0,8,1.8,9
95661,1,5.0,2.3333333333333335,7,2.0,8,1.8,9
95663,1,5.0,2.3333333333333335,7,2.0,8,1.8,9
95667,1,3.0,2.0,6,1.75,7,1.6666666666666667,10
95672,1,3.0,2.0,6,1.75,7,1.6666666666666667,10
95677,1,5.0,2.3333333333333335,7,2.0,8,1.8,9
95678,1,5.0,2.3333333333333335,7,2.0,8,1.8,9
95681,1,5.0,2.3333333333333335,7,2.0,8,1.8,9
95684,1,3.0,2.0,6,1.75,7,1.6666666666666667,10
95701,1,5.0,2.3333333333333335,7,2.0,8,1.8,9
95703,1,5.0,2.3333333333333335,7,2.0,8,1.8,9
95709,1,3.0,2.0,6,1.75,7,1.6666666666666667,10
95713,1,5.0,2.3333333333333335,7,2.0,8,1.8,9
95720,1,3.0,2.0,6,1.75,7,1.6666666666666667,10
95736,1,5.0,2.3333333333333335,7,2.0,8,1.8,9
95747,1,5.0,2.3333333333333335,7,2.0,8,1.8,9
95765,1,5.0,2.3333333333333335,7,2.0,8,1.8,9
95915,1,4.0,2.0,6,1.75,7,1.5,9
95947,1,4.0,2.0,6,1.75,7,1.5,9
95971,1,4.0,2.0,6,1.75,7,1.5,9
95980,1,4.0,2.0,6,1.75,7,1.5,9
95983,1,4.0,2.0,6,1.75,7,1.5,9
95984,1,4.0,2.0,6,1.75,7,1.5,9
96006,1,1.0,1.3333333333333333,4,1.5,6,1.3333333333333333,8
96014,3,4.0,2.3333333333333335,7,1.8,9,1.8571428571428572,13
96015,1,1.0,1.3333333333333333,4,1.5,6,1.3333333333333333,8
96020,1,4.0,2.0,6,1.75,7,1.5,9
96021,1,2.0,1.6666666666666667,5,1.5,6,1.3333333333333333,8
96023,3,4.0,2.3333333333333335,7,1.8,9,1.8571428571428572,13
96025,3,4.0,2.3333333333333335,7,1.8,9,1.8571428571428572,13
96027,3,4.0,2.3333333333333335,7,1.8,9,1.8571428571428572,13
96029,1,2.0,1.6666666666666667,5,1.5,6,1.3333333333333333,8
96034,3,4.0,2.3333333333333335,7,1.8,9,1.8571428571428572,13
96035,1,2.0,1.6666666666666667,5,1.5,6,1.3333333333333333,8
96037,3,4.0,2.3333333333333335,7,1.8,9,1.8571428571428572,13
96038,3,4.0,2.3333333333333335,7,1.8,9,1.8571428571428572,13
96044,3,4.0,2.3333333333333335,7,1.8,9,1.8571428571428572,13
96054,1,1.0,1.3333333333333333,4,1.5,6,1.3333333333333333,8
96057,3,4.0,2.3333333333333335,7,1.8,9,1.8571428571428572,13
96058,3,4.0,2.3333333333333335,7,1.8,9,1.8571428571428572,13
96059,1,2.0,1.6666666666666667,5,1.5,6,1.3333333333333333,8
96063,1,2.0,1.6666666666666667,5,1.5,6,1.3333333333333333,8
96064,3,4.0,2.3333333333333335,7,1.8,9,1.8571428571428572,13
96074,1,2.0,1.6666666666666667,5,1.5,6,1.3333333333333333,8
96078,1,2.0,1.6666666666666667,5,1.5,6,1.3333333333333333,8
96090,1,2.0,1.6666666666666667,5,1.5,6,1.3333333333333333,8
96092,1,2.0,1.6666666666666667,5,1.5,6,1.3333333333333333,8
96094,3,4.0,2.3333333333333335,7,1.8,9,1.8571428571428572,13
96097,3,4.0,2.3333333333333335,7,1.8,9,1.8571428571428572,13
96101,1,1.0,1.3333333333333333,4,1.5,6,1.3333333333333333,8
96103,1,4.0,2.0,6,1.75,7,1.5,9
96104,1,1.0,1.3333333333333333,4,1.5,6,1.3333333333333333,8
96105,1,4.0,2.0,6,1.75,7,1.5,9
96106,1,4.0,2.0,6,1.75,7,1.5,9
96110,1,1.0,1.3333333333333333,4,1.5,6,1.3333333333333333,8
96116,1,1.0,1.3333333333333333,4,1.5,6,1.3333333333333333,8
96120,1,3.0,1.6666666666666667,5,1.5,6,1.4,7
96122,1,4.0,2.0,6,1.75,7,1.5,9
96129,1,4.0,2.0,6,1.75,7,1.5,9
96134,3,4.0,2.3333333333333335,7,1.8,9,1.8571428571428572,13
96135,1,4.0,2.0,6,1.75,7,1.5,9
96141,1,5.0,2.3333333333333335,7,2.0,8,1.8,9
96142,1,3.0,2.0,6,1.75,7,1.6666666666666667,10
