ZIP Code,housing_units,median_gross_rent,median_ownership_cost,median_home_value
90001,14010,1262.0,427.0,425200.0
90002,13577,1287.0,465.0,411500.0
90003,18501,1293.0,555.0,430800.0
90004,25100,1530.0,829.0,1148400.0
90005,18128,1413.0,1123.0,964700.0
90006,20912,1234.0,664.0,716900.0
90007,13513,1252.0,676.0,717300.0
90008,15900,1377.0,525.0,781600.0
90010,2832,2253.0,1501.0,822100.0
90011,25531,1307.0,605.0,452100.0
90012,15751,1859.0,662.0,633000.0
90013,9506,855.0,1009.0,664800.0
90015,13494,2094.0,1448.0,715000.0
90016,18787,1436.0,599.0,677500.0
90017,14712,1280.0,1501.0,697100.0
90018,17654,1356.0,629.0,704300.0
90019,26015,1574.0,802.0,1033900.0
90020,18786,1524.0,813.0,650300.0
90022,18077,1208.0,465.0,471000.0
90023,12343,1260.0,540.0,479600.0
90024,20205,2441.0,1499.0,1231000.0
90025,23418,2271.0,1125.0,905900.0
90026,27813,1497.0,642.0,962100.0
90027,23410,1684.0,1049.0,1287200.0
90028,21466,1612.0,773.0,723000.0
90029,14787,1367.0,674.0,898400.0
90031,12438,1277.0,470.0,616900.0
90032,14155,1351.0,571.0,605400.0
90033,13935,1196.0,487.0,538900.0
90034,28630,1925.0,713.0,1152500.0
90035,13695,2183.0,853.0,1494600.0
90036,21391,2393.0,1025.0,1634700.0
90037,18605,1265.0,650.0,502000.0
90038,14474,1542.0,759.0,945000.0
90039,12957,1887.0,717.0,972900.0
90040,3487,1156.0,391.0,452100.0
90041,10406,1627.0,761.0,886800.0
90042,21792,1581.0,632.0,731600.0
90043,18444,1260.0,644.0,684500.0
90044,29495,1235.0,471.0,461200.0
90045,17307,2542.0,788.0,1103500.0
90046,31428,1860.0,1180.0,1290400.0
90047,17700,1310.0,564.0,519400.0
90048,13758,2162.0,1239.0,1441200.0
90049,18156,2554.0,1501.0,2000001.0
90056,3776,1911.0,959.0,1114900.0
90057,18166,1260.0,626.0,576200.0
90059,10624,1131.0,540.0,415100.0
90061,8256,1304.0,497.0,438800.0
90062,10256,1375.0,618.0,550600.0
90063,14310,1252.0,487.0,481100.0
90064,12309,2282.0,943.0,1388300.0
90065,17135,1588.0,642.0,833400.0
90066,26050,1901.0,717.0,1282100.0
90067,2112,3362.0,1501.0,1344900.0
90068,14413,1837.0,1299.0,1500800.0
90069,15092,2092.0,1349.0,890100.0
90077,3501,2667.0,1501.0,2000001.0
90094,6086,3479.0,1501.0,1132000.0
90201,24326,1368.0,478.0,440500.0
90210,9841,2872.0,1501.0,2000001.0
90211,4363,2369.0,1501.0,2000001.0
90212,6366,2367.0,1336.0,2000001.0
90220,14215,1278.0,504.0,394900.0
90221,12979,1366.0,509.0,412600.0
90222,8790,1295.0,480.0,420700.0
90230,14470,2129.0,823.0,849200.0
90232,7743,2245.0,581.0,1219100.0
90240,8038,1730.0,621.0,646900.0
90241,14796,1636.0,661.0,627700.0
90242,12923,1703.0,534.0,557700.0
90245,7424,2210.0,680.0,1244200.0
90247,16951,1483.0,500.0,540800.0
90248,4077,1410.0,605.0,571200.0
90249,9161,1375.0,452.0,584000.0
90250,33611,1465.0,548.0,661400.0
90254,10169,2498.0,787.0,1674500.0
90255,18655,1215.0,519.0,455000.0
90260,10768,1686.0,454.0,597300.0
90262,15402,1355.0,578.0,449600.0
90266,15002,2893.0,982.0,2000001.0
90270,6417,1226.0,435.0,481800.0
90272,9043,2977.0,1206.0,2000001.0
90274,9878,2931.0,1324.0,1757700.0
90275,16540,3045.0,926.0,1247000.0
90277,18181,2315.0,879.0,1143800.0
90278,16799,2222.0,684.0,992600.0
90280,24316,1278.0,504.0,470200.0
90290,2427,3501.0,886.0,1184900.0
90291,16208,2304.0,1018.0,1899800.0
90292,15519,3179.0,1501.0,1076900.0
90293,7033,2380.0,964.0,899000.0
90301,12879,1420.0,534.0,547900.0
90302,11244,1550.0,594.0,590000.0
90303,7253,1498.0,488.0,606100.0
90304,7489,1255.0,548.0,586600.0
90305,6328,1662.0,581.0,646500.0
90402,5805,2083.0,1501.0,2000001.0
90403,14912,2200.0,1257.0,1523400.0
90404,11459,1900.0,964.0,922900.0
90405,15808,1970.0,807.0,1430800.0
90501,15704,1578.0,702.0,724900.0
90502,6778,1550.0,488.0,520700.0
90503,18306,1943.0,778.0,861000.0
90504,12414,1889.0,555.0,712300.0
90505,15241,2000.0,711.0,916100.0
90601,11113,1567.0,593.0,626500.0
90602,8357,1466.0,504.0,601600.0
90603,6630,1963.0,576.0,649600.0
90604,12167,1630.0,532.0,591400.0
90605,11421,1572.0,476.0,556000.0
90606,8886,1606.0,458.0,509600.0
90620,13620,2066.0,507.0,622700.0
90621,11108,1743.0,632.0,643200.0
90623,5036,1941.0,629.0,739200.0
90630,16677,2068.0,642.0,700100.0
90631,22551,1747.0,686.0,628900.0
90638,15124,1796.0,586.0,630100.0
90640,20112,1543.0,562.0,558600.0
90650,27128,1738.0,497.0,487800.0
90660,17388,1569.0,466.0,490300.0
90670,5370,1638.0,537.0,492100.0
90680,9963,1771.0,639.0,472800.0
90701,4617,1856.0,545.0,635000.0
90703,16147,2459.0,575.0,762700.0
90704,2384,1677.0,1268.0,863800.0
90706,25094,1570.0,559.0,535300.0
90710,9594,1321.0,755.0,523400.0
90712,10514,2058.0,522.0,622800.0
90713,9851,2268.0,542.0,638600.0
90715,6736,1873.0,542.0,555400.0
90716,3805,1584.0,520.0,442000.0
90717,8636,1528.0,611.0,649400.0
90720,8424,2194.0,617.0,1004200.0
90723,14777,1555.0,467.0,411900.0
90731,24459,1453.0,631.0,657700.0
90732,9128,2244.0,739.0,657400.0
90740,14096,2152.0,569.0,442000.0
90743,364,2150.0,1391.0,2000001.0
90744,15610,1245.0,596.0,471000.0
90745,16172,1608.0,500.0,516000.0
90746,8690,2450.0,595.0,585600.0
90755,4922,1565.0,864.0,553100.0
90802,23942,1520.0,747.0,460300.0
90803,18664,1831.0,999.0,943000.0
90804,15912,1508.0,534.0,541000.0
90805,28857,1407.0,509.0,469100.0
90806,13128,1355.0,475.0,568400.0
90807,13400,1643.0,613.0,661100.0
90808,14605,1933.0,529.0,708300.0
90810,10193,1327.0,468.0,464500.0
90813,18689,1312.0,363.0,430500.0
90814,9452,1743.0,639.0,738900.0
90815,15565,2054.0,593.0,701600.0
91001,13271,1824.0,691.0,887100.0
91006,11232,1795.0,979.0,1074000.0
91007,12987,1833.0,913.0,1056600.0
91010,8833,1820.0,531.0,560900.0
91011,6901,3413.0,1083.0,1671000.0
91016,15658,1780.0,723.0,707400.0
91020,3450,1826.0,751.0,719600.0
91024,5529,1825.0,881.0,1048300.0
91030,11087,1914.0,949.0,1174400.0
91040,8013,1657.0,817.0,638100.0
91042,10652,1518.0,692.0,617400.0
91101,12006,1980.0,983.0,615200.0
91103,9258,1690.0,706.0,780200.0
91104,14259,1737.0,655.0,836500.0
91105,6508,2663.0,1274.0,1306200.0
91106,11819,1885.0,889.0,811200.0
91107,13785,1984.0,783.0,913700.0
91108,4610,3501.0,1501.0,2000001.0
91201,8614,1792.0,746.0,916000.0
91202,9235,1988.0,869.0,876700.0
91203,7287,2014.0,795.0,592600.0
91204,6918,1658.0,746.0,561800.0
91205,14749,1686.0,658.0,677200.0
91206,13851,1904.0,876.0,910500.0
91207,4359,2011.0,1171.0,1092700.0
91208,6464,2059.0,1026.0,1054700.0
91214,11150,2149.0,754.0,851700.0
91301,9772,2985.0,809.0,871000.0
91302,10225,2620.0,1501.0,1341400.0
91303,10454,1754.0,674.0,536400.0
91306,15018,1609.0,789.0,592400.0
91307,8891,3267.0,856.0,714600.0
91316,13162,1886.0,1053.0,724500.0
91320,15430,2441.0,776.0,755800.0
91321,11614,1851.0,755.0,513500.0
91324,11006,1947.0,920.0,680200.0
91325,13383,1730.0,907.0,720900.0
91326,13144,2229.0,1119.0,846700.0
91331,24097,1510.0,677.0,487600.0
91335,25343,1618.0,729.0,580500.0
91340,9261,1490.0,574.0,515000.0
91342,26109,1767.0,799.0,520900.0
91343,18641,1565.0,771.0,608500.0
91344,18309,2016.0,855.0,690300.0
91345,5613,1770.0,641.0,558000.0
91350,13238,2152.0,704.0,605800.0
91351,10562,2001.0,682.0,471900.0
91352,12735,1603.0,717.0,584100.0
91354,10964,2579.0,851.0,648600.0
91355,12562,2303.0,848.0,600200.0
91356,12471,1720.0,1195.0,1023000.0
91360,15674,2168.0,671.0,735100.0
91362,14450,2364.0,917.0,878300.0
91364,11053,2575.0,1051.0,949000.0
91367,19441,2384.0,1001.0,786200.0
91377,5221,2764.0,1022.0,823300.0
91381,6772,2348.0,1170.0,851300.0
91384,7119,1767.0,764.0,579800.0
91387,14603,2186.0,784.0,599500.0
91390,6759,2194.0,925.0,647600.0
91401,15281,1595.0,864.0,798900.0
91402,20683,1408.0,731.0,483700.0
91403,12760,2150.0,1368.0,1129100.0
91405,19397,1494.0,727.0,581600.0
91406,19494,1642.0,776.0,608600.0
91411,9748,1647.0,785.0,759300.0
91423,16264,2044.0,1241.0,1066600.0
91436,6244,2804.0,1492.0,1545300.0
91501,8341,1864.0,628.0,827400.0
91502,5990,1671.0,450.0,761400.0
91504,10702,1853.0,749.0,819100.0
91505,14100,2007.0,613.0,812500.0
91506,8654,1778.0,570.0,850600.0
91601,19161,1780.0,640.0,744500.0
91602,10677,1895.0,832.0,873700.0
91604,15489,2228.0,1123.0,1263200.0
91605,17325,1586.0,663.0,605900.0
91606,16267,1493.0,639.0,648100.0
91607,14129,1761.0,870.0,864100.0
91701,13263,1976.0,679.0,577200.0
91702,16994,1663.0,560.0,474100.0
91706,18379,1617.0,530.0,465900.0
91708,4663,2413.0,924.0,488900.0
91709,26183,2318.0,827.0,676800.0
91710,23408,1689.0,575.0,512600.0
91711,13049,1828.0,696.0,714400.0
91722,10669,1692.0,504.0,513600.0
91723,6399,1545.0,589.0,579100.0
91724,9324,1865.0,654.0,613400.0
91730,25301,1927.0,632.0,452400.0
91731,8391,1369.0,533.0,497100.0
91732,15621,1503.0,577.0,517800.0
91733,11166,1439.0,526.0,486400.0
91737,8116,2157.0,787.0,659500.0
91739,12062,2067.0,884.0,648400.0
91740,8718,1861.0,682.0,590200.0
91741,9329,1865.0,738.0,757100.0
91744,18988,1670.0,485.0,463200.0
91745,17076,1952.0,657.0,647300.0
91746,7238,1491.0,459.0,488400.0
91748,14260,1704.0,760.0,663600.0
91750,12656,1771.0,738.0,630400.0
91752,9569,1838.0,681.0,521900.0
91754,12505,1587.0,603.0,687700.0
91755,9120,1667.0,658.0,639900.0
91759,394,1383.0,446.0,380000.0
91761,18063,1679.0,574.0,452900.0
91762,19099,1490.0,590.0,437700.0
91763,10194,1524.0,460.0,423700.0
91764,16914,1743.0,477.0,415600.0
91765,15754,2193.0,778.0,709800.0
91767,15364,1498.0,564.0,449500.0
91768,8953,1411.0,597.0,427500.0
91770,17101,1565.0,535.0,601300.0
91773,12188,2012.0,756.0,625400.0
91775,8618,1789.0,743.0,861400.0
91776,12313,1627.0,695.0,698900.0
91780,12349,1771.0,655.0,766200.0
91784,9196,2353.0,749.0,666800.0
91786,20044,1624.0,575.0,483400.0
91789,13462,2548.0,819.0,790500.0
91790,13023,1982.0,521.0,594000.0
91791,11311,1697.0,688.0,647400.0
91792,9489,1918.0,626.0,557100.0
91801,21537,1671.0,678.0,662100.0
91803,10383,1567.0,536.0,643900.0
91901,6591,1768.0,809.0,644200.0
91902,6368,1989.0,711.0,732000.0
91906,1523,1176.0,560.0,282800.0
91910,27994,1677.0,526.0,549100.0
91911,27867,1725.0,440.0,485300.0
91913,16360,2658.0,855.0,578600.0
91914,4842,3055.0,989.0,739300.0
91915,10098,2687.0,797.0,604600.0
91916,780,2462.0,484.0,479600.0
91932,10350,1683.0,510.0,639200.0
91935,3100,1898.0,932.0,681300.0
91941,13027,1698.0,758.0,684900.0
91942,17945,1688.0,585.0,578600.0
91945,9528,1477.0,585.0,478800.0
91950,18849,1333.0,423.0,450700.0
91962,1191,1850.0,554.0,433300.0
91977,20291,1664.0,534.0,493000.0
91978,3383,2050.0,1106.0,454100.0
92003,1661,1786.0,1131.0,720300.0
92007,4737,2341.0,955.0,1304000.0
92008,13310,2060.0,741.0,881300.0
92009,17424,2427.0,876.0,964200.0
92010,6755,2260.0,655.0,776000.0
92011,10448,2601.0,998.0,924700.0
92014,6635,3000.0,1181.0,1827000.0
92019,15912,1848.0,744.0,576700.0
92020,20518,1519.0,766.0,576200.0
92021,23971,1557.0,636.0,469100.0
92024,21270,2234.0,914.0,1063400.0
92025,17446,1562.0,691.0,558600.0
92026,19569,1800.0,667.0,539900.0
92027,17769,1696.0,637.0,493300.0
92029,7762,2063.0,877.0,690900.0
92036,2336,1226.0,543.0,425900.0
92037,19337,2222.0,1382.0,1614900.0
92040,16246,1602.0,733.0,540200.0
92054,17776,1665.0,661.0,648800.0
92056,20326,2140.0,669.0,583700.0
92057,19248,2180.0,621.0,530600.0
92058,15328,2241.0,681.0,510400.0
92059,543,1292.0,251.0,234200.0
92064,16902,1835.0,854.0,767500.0
92065,12888,1754.0,713.0,593100.0
92067,3969,3453.0,1501.0,2000001.0
92069,15438,1788.0,609.0,569500.0
92071,21321,1854.0,752.0,524100.0
92075,5994,2624.0,1136.0,1442900.0
92078,19030,2112.0,755.0,665300.0
92081,10690,2121.0,755.0,599400.0
92082,6561,1389.0,672.0,620700.0
92083,11838,1766.0,610.0,467600.0
92084,15307,1741.0,664.0,600600.0
92086,733,1155.0,416.0,265800.0
92091,764,3029.0,1501.0,1359400.0
92101,29778,2008.0,1215.0,626000.0
92102,15615,1560.0,542.0,477100.0
92103,20238,1717.0,786.0,835300.0
92104,23551,1668.0,527.0,679300.0
92105,24014,1368.0,534.0,459200.0
92106,8011,2022.0,980.0,1070000.0
92107,14301,1836.0,671.0,982300.0
92108,12706,2309.0,677.0,469300.0
92109,25674,1942.0,798.0,962000.0
92110,12682,1962.0,673.0,688800.0
92111,17456,1798.0,559.0,604600.0
92113,14551,1363.0,399.0,406600.0
92114,18835,1653.0,471.0,461500.0
92115,23088,1596.0,581.0,580800.0
92116,18027,1645.0,659.0,690400.0
92117,21480,1899.0,565.0,690000.0
92118,9764,2787.0,1152.0,1656900.0
92119,9529,1868.0,591.0,632500.0
92120,12251,2100.0,655.0,654100.0
92121,1791,2188.0,811.0,821100.0
92122,20895,2266.0,698.0,780000.0
92123,12942,2315.0,523.0,600900.0
92124,11742,2673.0,764.0,704400.0
92126,25500,2290.0,629.0,599500.0
92127,16253,2244.0,1062.0,914200.0
92128,21204,2337.0,835.0,681900.0
92129,18630,2327.0,758.0,815300.0
92130,22077,2789.0,1196.0,1189300.0
92131,12873,2630.0,957.0,885500.0
92139,10656,1768.0,523.0,466100.0
92154,23466,1794.0,494.0,477900.0
92173,8389,1362.0,495.0,388700.0
92201,28719,1161.0,613.0,272400.0
92203,15395,1655.0,781.0,368900.0
92210,5326,919.0,1501.0,750700.0
92211,20289,1627.0,847.0,400000.0
92220,12537,1212.0,566.0,259600.0
92223,19188,1360.0,676.0,354000.0
92225,7613,788.0,439.0,165000.0
92227,9078,850.0,528.0,226700.0
92230,957,1059.0,393.0,211900.0
92231,11161,998.0,517.0,233300.0
92233,1523,791.0,513.0,158400.0
92234,23304,1328.0,689.0,325200.0
92236,15969,896.0,516.0,262300.0
92239,320,2375.0,290.0,112500.0
92240,16245,1126.0,526.0,230300.0
92241,6060,865.0,392.0,92600.0
92242,1501,733.0,287.0,101600.0
92243,15293,867.0,555.0,216700.0
92249,2095,860.0,479.0,220200.0
92250,2445,645.0,452.0,234300.0
92251,7293,1170.0,587.0,271600.0
92252,5207,982.0,405.0,217900.0
92253,24507,1531.0,885.0,453600.0
92254,3892,608.0,534.0,160400.0
92256,1921,1024.0,365.0,183300.0
92257,1053,704.0,270.0,57800.0
92258,338,625.0,409.0,69100.0
92260,21953,1351.0,881.0,363400.0
92262,19736,1232.0,791.0,447800.0
92264,17300,1333.0,857.0,386800.0
92268,434,1325.0,441.0,427900.0
92270,14998,1490.0,1098.0,570400.0
92273,605,813.0,343.0,158800.0
92274,7521,916.0,481.0,113200.0
92275,840,975.0,375.0,145600.0
92276,3827,1274.0,512.0,206000.0
92281,676,813.0,375.0,160600.0
92282,601,1440.0,394.0,225000.0
92284,11775,1075.0,493.0,225100.0
92285,2371,861.0,380.0,157100.0
92301,9387,1247.0,515.0,238600.0
92307,14043,1111.0,565.0,301700.0
92308,14917,1150.0,527.0,282100.0
92311,13341,912.0,337.0,144900.0
92313,5094,1452.0,577.0,378100.0
92314,9429,1250.0,584.0,307100.0
92315,9836,1077.0,573.0,467800.0
92316,8263,1242.0,450.0,339100.0
92317,991,1633.0,729.0,504900.0
92320,3892,1538.0,494.0,279200.0
92321,1245,895.0,1416.0,370900.0
92325,6190,1386.0,584.0,278800.0
92327,435,674.0,233.0,151700.0
92333,1059,1266.0,619.0,372600.0
92335,25827,1379.0,410.0,344200.0
92336,26825,1841.0,655.0,460100.0
92337,10024,1794.0,593.0,403600.0
92339,746,1440.0,577.0,335700.0
92341,1036,1113.0,389.0,255200.0
92342,3054,1549.0,493.0,266100.0
92344,6000,1726.0,683.0,345700.0
92345,27193,1217.0,448.0,277100.0
92346,18486,1306.0,551.0,367300.0
92352,7235,1240.0,819.0,457800.0
92354,9300,1502.0,650.0,411400.0
92356,3220,960.0,294.0,169100.0
92358,460,1391.0,586.0,418800.0
92359,3327,1104.0,483.0,341600.0
92363,3836,646.0,453.0,125400.0
92365,1393,959.0,326.0,117600.0
92368,376,973.0,479.0,259800.0
92371,6088,1370.0,529.0,272700.0
92372,2061,884.0,557.0,294100.0
92374,15270,1648.0,535.0,413600.0
92376,23095,1376.0,490.0,332100.0
92377,5422,1779.0,639.0,418300.0
92382,3845,1284.0,484.0,296600.0
92386,3108,1573.0,348.0,304800.0
92391,1668,736.0,448.0,277100.0
92392,17698,1550.0,546.0,276900.0
92394,9961,1366.0,465.0,261300.0
92395,16225,1244.0,481.0,255100.0
92399,19589,1305.0,530.0,368400.0
92401,834,912.0,810.0,264300.0
92404,19324,1137.0,477.0,289900.0
92405,9678,1229.0,400.0,277800.0
92407,18544,1483.0,542.0,367300.0
92408,4064,1095.0,475.0,304900.0
92410,14293,1064.0,405.0,207500.0
92411,7237,1235.0,433.0,238400.0
92501,7110,1395.0,431.0,358700.0
92503,25195,1597.0,548.0,426000.0
92504,16413,1541.0,512.0,391600.0
92505,14719,1674.0,515.0,408100.0
92506,15003,1579.0,707.0,503700.0
92507,18578,1459.0,556.0,396100.0
92508,10044,2307.0,780.0,536600.0
92509,19763,1513.0,512.0,391900.0
92532,8021,1940.0,694.0,413400.0
92536,1460,1373.0,731.0,374100.0
92539,2346,965.0,516.0,242300.0
92543,14449,1115.0,421.0,169000.0
92544,17497,1243.0,512.0,271700.0
92545,16446,1482.0,533.0,252000.0
92548,2401,1300.0,305.0,192700.0
92549,4236,1172.0,568.0,400300.0
92551,8480,1732.0,588.0,332400.0
92553,20083,1613.0,484.0,321800.0
92555,11950,2022.0,587.0,403300.0
92557,15222,1730.0,546.0,362200.0
92561,1094,1167.0,658.0,369100.0
92562,21554,1939.0,809.0,478500.0
92563,22568,2151.0,710.0,459800.0
92567,2784,1323.0,625.0,379400.0
92570,15651,1289.0,440.0,326200.0
92571,13876,1628.0,642.0,336100.0
92582,5450,1904.0,677.0,339000.0
92583,10732,1214.0,436.0,251700.0
92584,16802,2140.0,611.0,422000.0
92585,7501,1869.0,514.0,371400.0
92586,9893,1389.0,476.0,276200.0
92587,6298,2060.0,740.0,442700.0
92590,1998,1103.0,1501.0,1071800.0
92591,14514,1955.0,687.0,501600.0
92592,25682,2236.0,723.0,522400.0
92595,10702,1721.0,486.0,417300.0
92596,9332,2205.0,730.0,475400.0
92602,10112,2541.0,1091.0,933600.0
92603,8027,2993.0,1169.0,1303200.0
92604,10629,2468.0,723.0,818400.0
92606,9505,2520.0,890.0,853800.0
92610,4422,2438.0,743.0,807300.0
92612,15582,2458.0,996.0,789000.0
92614,11740,2516.0,815.0,789500.0
92617,4475,1482.0,622.0,585600.0
92618,23230,2606.0,1354.0,960800.0
92620,22617,2721.0,923.0,982000.0
92624,3164,2278.0,699.0,913400.0
92625,6813,3190.0,1501.0,2000001.0
92626,20247,2153.0,655.0,842500.0
92627,23100,1960.0,645.0,842100.0
92629,13766,2402.0,891.0,981600.0
92630,24438,2242.0,742.0,694800.0
92637,13413,1912.0,927.0,327000.0
92646,22256,2201.0,700.0,814900.0
92647,22052,2128.0,550.0,793300.0
92648,21412,2061.0,963.0,985800.0
92649,15219,2187.0,858.0,885000.0
92651,14420,2448.0,1121.0,2000001.0
92653,11325,2346.0,912.0,771800.0
92655,2679,1378.0,498.0,583300.0
92656,20891,2428.0,774.0,679300.0
92657,4199,2938.0,1501.0,2000001.0
92660,17486,2848.0,1501.0,1905400.0
92661,2812,2629.0,1501.0,2000001.0
92662,1970,2276.0,1142.0,2000001.0
92663,12606,2210.0,1027.0,1590000.0
92672,17746,2091.0,752.0,980200.0
92673,10205,3044.0,1082.0,972200.0
92675,13318,2158.0,944.0,770000.0
92676,808,1850.0,504.0,712200.0
92677,27235,2449.0,931.0,909500.0
92678,263,2000.0,627.0,777000.0
92679,10949,2871.0,1095.0,970200.0
92683,28636,1791.0,606.0,651200.0
92688,15812,2276.0,847.0,673400.0
92691,16962,2233.0,598.0,750800.0
92692,17629,2456.0,748.0,795500.0
92694,11540,2722.0,1270.0,844700.0
92701,12812,1432.0,520.0,521700.0
92703,13944,1737.0,498.0,486000.0
92704,20214,1858.0,540.0,534800.0
92705,15738,1916.0,767.0,914900.0
92706,10285,1589.0,676.0,673300.0
92707,14687,1847.0,486.0,539700.0
92708,19218,2199.0,698.0,816900.0
92780,18244,1895.0,632.0,669400.0
92782,11390,2440.0,1143.0,879300.0
92801,19602,1771.0,649.0,543200.0
92802,12633,1734.0,608.0,577500.0
92804,25454,1776.0,606.0,594400.0
92805,22171,1771.0,562.0,583800.0
92806,13117,1918.0,565.0,623300.0
92807,12556,2339.0,697.0,731100.0
92808,7942,2502.0,779.0,807100.0
92821,15444,1978.0,702.0,700900.0
92823,1900,2943.0,1105.0,913900.0
92831,13339,1806.0,623.0,676300.0
92832,8850,1806.0,501.0,615300.0
92833,17038,1782.0,662.0,686700.0
92835,9514,1953.0,808.0,831100.0
92840,16087,1657.0,577.0,590900.0
92841,9725,1701.0,605.0,609900.0
92843,12079,1670.0,630.0,570200.0
92844,6942,1863.0,583.0,545400.0
92845,5485,2574.0,579.0,668900.0
92860,7401,1792.0,664.0,595300.0
92865,6974,2038.0,563.0,652400.0
92866,5951,1766.0,504.0,722200.0
92867,13252,1944.0,672.0,780900.0
92868,8721,2088.0,501.0,531900.0
92869,11674,2009.0,719.0,770700.0
92870,17258,1942.0,689.0,696700.0
92879,14216,1730.0,587.0,452900.0
92881,9432,1945.0,891.0,615000.0
92882,20245,1731.0,609.0,521000.0
92883,11753,2364.0,790.0,538500.0
92886,17479,2562.0,811.0,864700.0
92887,7334,2245.0,982.0,903900.0
93003,21206,1853.0,622.0,617700.0
93004,11714,2016.0,574.0,608100.0
93010,17068,2099.0,667.0,662300.0
93012,13984,2440.0,794.0,657700.0
93015,5882,1641.0,639.0,456600.0
93021,12434,2247.0,748.0,690900.0
93022,2343,2083.0,551.0,610500.0
93023,9442,1709.0,883.0,692700.0
93030,15617,1605.0,528.0,530000.0
93033,17402,1677.0,523.0,442700.0
93035,11773,2045.0,804.0,632800.0
93036,14309,1913.0,669.0,527700.0
93040,591,1417.0,555.0,393500.0
93041,8418,1841.0,670.0,446800.0
93060,10576,1445.0,611.0,446700.0
93063,20252,2198.0,643.0,626900.0
93065,26038,2338.0,720.0,642900.0
93066,1064,1615.0,1040.0,1068500.0
93101,13785,1816.0,661.0,905500.0
93103,8121,2107.0,823.0,1117000.0
93105,11730,2247.0,956.0,1180200.0
93108,5541,2941.0,1501.0,2000001.0
93109,4934,2586.0,790.0,1413400.0
93110,6818,2093.0,901.0,875700.0
93111,6748,2527.0,711.0,961100.0
93117,17569,1861.0,669.0,838300.0
93201,361,826.0,481.0,91000.0
93203,5096,956.0,476.0,192800.0
93204,3168,955.0,434.0,180200.0
93205,1130,817.0,389.0,109500.0
93206,542,944.0,470.0,152200.0
93212,4533,882.0,455.0,176400.0
93215,13018,943.0,402.0,215100.0
93218,196,1167.0,338.0,134500.0
93219,2634,816.0,391.0,162500.0
93221,4929,1096.0,521.0,278600.0
93222,2202,1388.0,536.0,282500.0
93223,2914,804.0,345.0,189100.0
93224,190,1219.0,366.0,152200.0
93230,22823,1072.0,518.0,252300.0
93234,1861,784.0,287.0,190000.0
93235,1303,801.0,413.0,175600.0
93240,3260,984.0,566.0,177900.0
93241,4729,851.0,328.0,147600.0
93245,13012,1270.0,474.0,261400.0
93247,5593,847.0,424.0,208800.0
93249,554,783.0,323.0,149100.0
93250,3736,983.0,392.0,203700.0
93254,482,1058.0,310.0,182200.0
93256,1648,975.0,444.0,162700.0
93257,24617,989.0,438.0,211800.0
93261,575,750.0,335.0,127600.0
93263,5982,1023.0,377.0,206700.0
93265,2024,923.0,551.0,305900.0
93267,1932,792.0,386.0,143000.0
93268,6749,895.0,474.0,164200.0
93270,1642,864.0,482.0,221700.0
93271,1523,1350.0,704.0,333600.0
93272,1217,1136.0,467.0,185200.0
93274,23439,1124.0,492.0,246600.0
93277,19551,1142.0,451.0,256600.0
93280,7110,839.0,373.0,188300.0
93283,1406,703.0,333.0,119800.0
93285,2276,1063.0,380.0,101600.0
93286,3023,827.0,502.0,232800.0
93291,19151,1104.0,532.0,294800.0
93292,14276,1276.0,466.0,252500.0
93301,5892,950.0,598.0,190600.0
93304,16257,1008.0,447.0,179300.0
93305,11680,939.0,432.0,169300.0
93306,23465,1101.0,571.0,227700.0
93307,24065,1018.0,455.0,187100.0
93308,21108,1071.0,528.0,242800.0
93309,23435,1106.0,558.0,226200.0
93311,16710,1533.0,625.0,324800.0
93312,18795,1684.0,650.0,328400.0
93313,16724,1652.0,533.0,283400.0
93314,10930,1705.0,764.0,412200.0
93401,13718,1615.0,646.0,775100.0
93402,6605,1721.0,727.0,616100.0
93405,9459,1816.0,677.0,753500.0
93420,13421,1703.0,697.0,710000.0
93422,13553,1593.0,704.0,573000.0
93424,807,1907.0,1083.0,888000.0
93427,2553,1996.0,619.0,621600.0
93428,4255,1469.0,834.0,705200.0
93430,2615,1508.0,632.0,896700.0
93433,5913,1682.0,500.0,577300.0
93434,2180,1272.0,280.0,337100.0
93436,18453,1353.0,534.0,373600.0
93441,467,2075.0,1028.0,927500.0
93442,6527,1640.0,648.0,711900.0
93444,8113,1714.0,790.0,643200.0
93445,3279,1260.0,441.0,425200.0
93446,19168,1595.0,615.0,502500.0
93449,6040,2002.0,703.0,771400.0
93450,260,1292.0,640.0,338100.0
93452,332,1152.0,700.0,281800.0
93454,12228,1461.0,503.0,375900.0
93455,16023,2024.0,660.0,452600.0
93458,14230,1555.0,475.0,361300.0
93460,2537,2164.0,884.0,962500.0
93463,3805,1575.0,978.0,892900.0
93465,4077,1946.0,947.0,763200.0
93501,2254,975.0,248.0,120300.0
93505,5124,846.0,395.0,169100.0
93510,2650,1402.0,770.0,589000.0
93513,848,844.0,442.0,269600.0
93514,6830,1072.0,647.0,337700.0
93518,654,2021.0,446.0,235800.0
93523,1503,1807.0,367.0,81200.0
93526,423,975.0,461.0,223500.0
93532,1145,1552.0,558.0,318700.0
93534,16719,1272.0,475.0,257600.0
93535,24320,1348.0,548.0,241800.0
93536,24265,1530.0,659.0,377300.0
93543,3828,1406.0,529.0,266000.0
93545,895,736.0,373.0,197600.0
93546,10636,1225.0,1230.0,493800.0
93550,24274,1308.0,526.0,280900.0
93551,17663,1865.0,750.0,410900.0
93552,11347,1662.0,641.0,324500.0
93553,624,1449.0,474.0,288800.0
93561,13914,1117.0,579.0,295000.0
93562,982,680.0,344.0,57600.0
93591,2196,1268.0,443.0,207200.0
93601,681,829.0,567.0,327800.0
93602,1705,895.0,493.0,291300.0
93608,379,723.0,532.0,154600.0
93609,1542,1069.0,394.0,206000.0
93611,15826,1798.0,654.0,365400.0
93612,14211,1151.0,484.0,243900.0
93614,4963,1577.0,516.0,307300.0
93615,1473,1106.0,313.0,171900.0
93616,701,925.0,608.0,198000.0
93618,8565,971.0,499.0,237000.0
93619,15605,2126.0,747.0,452500.0
93620,2991,989.0,526.0,267700.0
93622,2865,688.0,412.0,185900.0
93625,2692,1077.0,496.0,298100.0
93630,5866,1050.0,562.0,262200.0
93635,13401,1328.0,511.0,343000.0
93636,4237,1344.0,685.0,375000.0
93637,12681,1163.0,550.0,275900.0
93638,13130,1079.0,454.0,239700.0
93640,3234,825.0,437.0,204600.0
93643,1640,891.0,519.0,237800.0
93644,4284,1229.0,586.0,301300.0
93647,2920,867.0,458.0,167400.0
93648,4198,890.0,442.0,186100.0
93650,933,1025.0,370.0,192600.0
93651,606,1331.0,336.0,366400.0
93653,698,1583.0,597.0,443500.0
93657,11668,1038.0,473.0,307100.0
93660,966,907.0,1226.0,207900.0
93662,9401,1026.0,390.0,216900.0
93667,1112,1212.0,325.0,283300.0
93673,135,900.0,458.0,176100.0
93675,1546,1040.0,421.0,240800.0
93701,4123,748.0,416.0,164100.0
93702,13387,940.0,334.0,159800.0
93703,10877,968.0,415.0,183200.0
93704,12086,1127.0,523.0,291600.0
93705,13452,1103.0,399.0,213400.0
93706,12448,914.0,374.0,186300.0
93710,12718,1101.0,500.0,281800.0
93711,16522,1294.0,779.0,398800.0
93720,19331,1717.0,641.0,370800.0
93721,2614,785.0,428.0,181500.0
93722,27679,1292.0,511.0,270900.0
93723,3378,1471.0,813.0,374300.0
93725,7256,1070.0,396.0,226200.0
93726,15545,1095.0,443.0,214600.0
93727,24746,1045.0,557.0,287000.0
93728,6581,1082.0,425.0,210500.0
93730,4819,2167.0,949.0,522200.0
93737,2112,1595.0,702.0,387300.0
93901,11107,1579.0,609.0,569700.0
93905,14097,1467.0,540.0,444400.0
93906,18064,1790.0,562.0,466900.0
93907,7501,1796.0,582.0,566800.0
93908,4578,1645.0,970.0,846200.0
93920,719,1057.0,468.0,1081500.0
93921,3000,2285.0,734.0,1646400.0
93923,6825,1894.0,1349.0,1199000.0
93924,3166,1633.0,589.0,987100.0
93926,2464,1307.0,725.0,453700.0
93927,4778,1534.0,465.0,350400.0
93930,4785,1442.0,634.0,336200.0
93932,269,1125.0,443.0,388100.0
93933,9713,1697.0,556.0,599700.0
93940,15971,1939.0,815.0,861000.0
93950,8229,2115.0,753.0,929200.0
93953,2905,3501.0,1400.0,1418400.0
93954,116,1427.0,290.0,230800.0
93955,11298,1977.0,426.0,588100.0
93960,4468,1237.0,567.0,432200.0
94002,11704,2675.0,1066.0,1678500.0
94005,2128,2273.0,1129.0,923800.0
94010,17494,2443.0,1291.0,2000001.0
94014,14785,1971.0,680.0,865400.0
94015,21493,2551.0,634.0,932200.0
94019,5706,1966.0,1201.0,1273400.0
94022,7961,3501.0,1501.0,2000001.0
94024,8441,3501.0,1478.0,2000001.0
94025,16190,2813.0,1301.0,2000001.0
94027,2645,3501.0,1501.0,2000001.0
94028,2699,3501.0,1501.0,2000001.0
94030,8566,2897.0,1043.0,1606700.0
94038,1148,3067.0,1001.0,995800.0
94040,16336,2617.0,1002.0,2000001.0
94041,7135,2695.0,978.0,1804400.0
94043,14743,2670.0,1023.0,1341300.0
94044,14467,2719.0,720.0,1012200.0
94061,14155,2493.0,992.0,1558300.0
94062,10376,2454.0,1334.0,2000001.0
94063,11717,2479.0,783.0,1002400.0
94065,4900,3501.0,1185.0,1545800.0
94066,16194,2490.0,712.0,1027400.0
94070,12121,2598.0,1022.0,1910300.0
94080,22908,2428.0,638.0,963700.0
94085,9287,2843.0,655.0,1217000.0
94086,20555,2708.0,904.0,1504000.0
94087,21490,2896.0,841.0,1945100.0
94089,9179,3169.0,1123.0,338100.0
94102,22272,1339.0,1308.0,968000.0
94103,19255,1597.0,1323.0,960000.0
94104,328,755.0,1501.0,2000001.0
94105,8849,3234.0,1501.0,1401000.0
94107,17069,3069.0,1173.0,1134600.0
94108,7993,1356.0,1501.0,1129100.0
94109,38307,2013.0,1214.0,1171200.0
94110,30188,2130.0,733.0,1233600.0
94111,2797,2388.0,1501.0,1183200.0
94112,24575,2072.0,709.0,1022100.0
94114,18684,2426.0,1128.0,1593400.0
94115,19458,2128.0,1196.0,1515600.0
94116,16451,2647.0,672.0,1188000.0
94117,19609,2545.0,1121.0,1478600.0
94118,19127,2343.0,792.0,1609400.0
94121,19665,1988.0,796.0,1506400.0
94122,24124,2413.0,736.0,1239600.0
94123,14908,2868.0,1438.0,2000001.0
94124,11648,1181.0,649.0,873900.0
94127,7800,3121.0,838.0,1572100.0
94131,13767,2636.0,824.0,1458500.0
94132,11838,2303.0,888.0,1171000.0
94133,15543,1561.0,1237.0,1393700.0
94134,13215,1796.0,628.0,925900.0
94158,5203,2446.0,1501.0,1226700.0
94301,8004,2788.0,1132.0,2000001.0
94304,2210,3286.0,1416.0,2000001.0
94305,4079,1731.0,1501.0,2000001.0
94306,11726,2667.0,972.0,2000001.0
94401,13961,2453.0,835.0,944300.0
94402,10766,3009.0,934.0,1882300.0
94403,18101,2971.0,772.0,1499300.0
94404,15003,3428.0,989.0,1404600.0
94501,27274,2074.0,833.0,969500.0
94502,5178,3200.0,1025.0,978600.0
94503,5841,2107.0,707.0,557800.0
94506,9343,3501.0,1488.0,1380000.0
94507,5394,3501.0,1501.0,1799100.0
94508,1224,1496.0,556.0,684400.0
94509,23518,1834.0,523.0,435600.0
94510,11326,2079.0,653.0,628300.0
94511,1269,1297.0,482.0,433300.0
94513,22071,2238.0,868.0,635600.0
94517,4499,3282.0,998.0,815600.0
94518,10421,2142.0,710.0,649100.0
94519,7438,2151.0,546.0,608400.0
94520,13506,1840.0,636.0,480300.0
94521,16055,2068.0,674.0,649100.0
94523,14510,2230.0,764.0,827200.0
94525,1631,1670.0,675.0,591000.0
94526,13180,2751.0,960.0,1265000.0
94530,11327,2174.0,785.0,891700.0
94531,13107,2660.0,763.0,528200.0
94533,25329,1655.0,519.0,393700.0
94534,13849,2319.0,791.0,589000.0
94536,25995,2485.0,683.0,989600.0
94538,23100,2558.0,741.0,888400.0
94539,17088,2995.0,983.0,1548800.0
94541,23393,1979.0,656.0,641200.0
94542,5301,2265.0,945.0,884200.0
94544,24170,2035.0,618.0,624800.0
94545,10445,2142.0,705.0,664400.0
94546,16746,2101.0,738.0,811300.0
94547,9303,2741.0,799.0,590800.0
94549,10664,2782.0,1213.0,1547800.0
94552,5132,3501.0,1002.0,1056100.0
94553,19776,1918.0,731.0,628400.0
94555,12057,2773.0,779.0,1078400.0
94556,5661,2378.0,1151.0,1224100.0
94558,27222,2032.0,711.0,693700.0
94559,11247,1817.0,741.0,704900.0
94560,14989,2425.0,641.0,870200.0
94561,13260,1872.0,692.0,501200.0
94563,7590,1797.0,1095.0,1539900.0
94564,7184,2133.0,593.0,590900.0
94565,30325,1918.0,574.0,442300.0
94566,16976,2408.0,996.0,1195200.0
94567,306,1861.0,1083.0,383300.0
94568,23791,2894.0,1052.0,983000.0
94572,3312,1603.0,590.0,546400.0
94574,4466,1648.0,940.0,1295900.0
94577,17576,1857.0,662.0,667600.0
94578,14943,1823.0,598.0,633500.0
94579,6892,1939.0,610.0,659600.0
94580,9165,2087.0,588.0,649600.0
94582,16337,2526.0,1424.0,1153600.0
94583,13835,2595.0,992.0,987300.0
94585,9727,1896.0,533.0,419200.0
94587,21691,2434.0,809.0,860300.0
94589,10137,1724.0,514.0,372000.0
94590,16438,1442.0,513.0,381400.0
94591,20433,1891.0,665.0,482700.0
94592,456,2896.0,1060.0,653700.0
94595,10129,2219.0,1280.0,673500.0
94596,11011,2275.0,960.0,1081800.0
94597,11119,2421.0,685.0,806800.0
94598,10736,2834.0,879.0,1050800.0
94599,2035,1531.0,884.0,758600.0
94601,16967,1437.0,689.0,581800.0
94602,12698,1684.0,806.0,919900.0
94603,10675,1672.0,641.0,447000.0
94605,17765,1619.0,674.0,695000.0
94606,17235,1525.0,706.0,643100.0
94607,13139,1508.0,969.0,640800.0
94608,16851,2340.0,766.0,691300.0
94609,11063,1931.0,852.0,937000.0
94610,17029,1965.0,1033.0,1125700.0
94612,10535,1543.0,1501.0,848500.0
94618,7870,2414.0,1225.0,1440300.0
94619,10133,1929.0,823.0,790500.0
94621,10519,1358.0,571.0,445600.0
94702,7907,1669.0,914.0,958700.0
94703,8924,1936.0,849.0,1061200.0
94704,9233,1885.0,570.0,787300.0
94705,6343,1949.0,1056.0,1420900.0
94706,8265,2121.0,999.0,964500.0
94709,5686,1794.0,1115.0,1001900.0
94710,3728,2160.0,1003.0,898500.0
94801,10798,1537.0,611.0,475100.0
94803,9928,1888.0,769.0,614700.0
94804,16137,1475.0,612.0,526600.0
94805,5888,1891.0,622.0,613400.0
94806,21307,1854.0,552.0,479200.0
94901,16658,2035.0,987.0,1136000.0
94903,12850,2433.0,931.0,940800.0
94904,5892,2330.0,941.0,1635600.0
94920,5517,3252.0,1501.0,2000001.0
94924,943,1396.0,709.0,1119300.0
94925,4104,2792.0,1044.0,1372500.0
94928,17801,1927.0,712.0,546100.0
94929,451,3501.0,1501.0,1265000.0
94930,4080,2106.0,914.0,927100.0
94931,3699,1568.0,903.0,663100.0
94933,541,2952.0,820.0,879500.0
94937,898,1480.0,940.0,1007400.0
94938,317,3501.0,891.0,933600.0
94939,3735,2852.0,1261.0,1697200.0
94941,13728,2693.0,1440.0,1582800.0
94945,7316,1920.0,898.0,909300.0
94946,316,1898.0,1501.0,1736600.0
94947,9579,2166.0,831.0,851100.0
94949,7546,2316.0,1100.0,829100.0
94951,1596,1482.0,863.0,955000.0
94952,14295,1953.0,728.0,866200.0
94954,14166,2225.0,746.0,661700.0
94956,934,1953.0,1011.0,1299500.0
94957,766,3199.0,1501.0,2000001.0
94960,6395,2306.0,1057.0,1308500.0
94965,6463,2443.0,1313.0,1173700.0
94970,808,2065.0,713.0,1593800.0
94973,708,1878.0,537.0,957400.0
95002,601,2300.0,582.0,659100.0
95003,11868,2183.0,945.0,935600.0
95004,1428,1686.0,660.0,780500.0
95005,3100,2011.0,709.0,804800.0
95006,3945,2158.0,745.0,646300.0
95008,20569,2409.0,799.0,1230900.0
95010,4806,2047.0,812.0,760500.0
95012,2668,1465.0,409.0,486000.0
95014,22936,3404.0,1116.0,2000001.0
95017,315,1683.0,588.0,908100.0
95018,2860,2209.0,583.0,657200.0
95019,2024,1144.0,537.0,471700.0
95020,20596,2124.0,769.0,815900.0
95023,17227,1707.0,726.0,609800.0
95030,5947,2548.0,1501.0,2000001.0
95032,10758,2758.0,979.0,1726700.0
95035,24773,2760.0,802.0,995200.0
95037,17473,2019.0,857.0,954600.0
95039,488,1442.0,517.0,227500.0
95043,363,1214.0,650.0,875000.0
95045,1455,1798.0,714.0,726500.0
95046,1953,1934.0,759.0,1092500.0
95050,15846,2228.0,797.0,1140200.0
95051,24030,2773.0,683.0,1253100.0
95054,9161,2990.0,1065.0,1195700.0
95060,20792,2107.0,771.0,971100.0
95062,16571,2017.0,709.0,840100.0
95064,576,1392.0,800.0,451300.0
95065,3049,2074.0,813.0,931400.0
95066,6547,2190.0,1090.0,920600.0
95070,11981,3345.0,1501.0,2000001.0
95073,4531,2139.0,679.0,842800.0
95110,7568,2367.0,825.0,739600.0
95111,16284,1776.0,855.0,661700.0
95112,22407,1936.0,730.0,823900.0
95113,1441,2587.0,1501.0,872000.0
95116,14147,1849.0,704.0,687900.0
95117,11353,2200.0,767.0,1141000.0
95118,11832,2275.0,782.0,1111900.0
95119,3435,2480.0,712.0,950700.0
95120,12916,3501.0,1136.0,1546400.0
95121,10021,2513.0,871.0,838900.0
95122,12528,2134.0,666.0,674500.0
95123,24798,2703.0,760.0,889800.0
95124,18068,2806.0,900.0,1259000.0
95125,22002,2193.0,894.0,1300600.0
95126,15952,2244.0,799.0,1011900.0
95127,16867,2255.0,774.0,806400.0
95128,14910,2143.0,610.0,1054000.0
95129,14961,2518.0,885.0,1641700.0
95130,4735,1969.0,846.0,1409500.0
95131,10036,2808.0,824.0,976300.0
95132,12487,2798.0,825.0,1072200.0
95133,9002,1846.0,818.0,869200.0
95134,14651,3057.0,1119.0,379800.0
95135,7842,3204.0,1383.0,1158400.0
95136,16514,2500.0,856.0,897500.0
95138,5764,2678.0,1235.0,1129600.0
95139,2154,3146.0,945.0,904600.0
95148,12385,3097.0,1021.0,998600.0
95202,3999,721.0,638.0,265400.0
95203,5893,991.0,495.0,268100.0
95204,12091,1156.0,520.0,286300.0
95205,11597,1132.0,405.0,225400.0
95206,18531,1286.0,426.0,291800.0
95207,19890,1274.0,567.0,318500.0
95209,13569,1614.0,612.0,367400.0
95210,12487,1245.0,531.0,259000.0
95212,7822,1970.0,716.0,401500.0
95215,7630,1087.0,506.0,303500.0
95220,2938,1187.0,694.0,642500.0
95222,3059,1296.0,654.0,399200.0
95227,332,876.0,1132.0,877000.0
95228,2514,1821.0,692.0,350500.0
95231,865,1379.0,481.0,341300.0
95236,1826,1435.0,585.0,501400.0
95237,1522,1199.0,666.0,372700.0
95240,17333,1241.0,550.0,352400.0
95242,10506,1656.0,601.0,440100.0
95245,1286,1075.0,637.0,383800.0
95247,2474,1685.0,864.0,357500.0
95249,2034,1195.0,527.0,332300.0
95252,5363,1667.0,708.0,360200.0
95255,1171,1154.0,526.0,231500.0
95257,287,1538.0,586.0,281900.0
95258,1588,1202.0,507.0,479900.0
95301,13226,1075.0,521.0,288800.0
95303,300,1067.0,1463.0,592600.0
95304,4709,2149.0,477.0,692400.0
95306,452,1139.0,343.0,283300.0
95307,13395,1316.0,631.0,313000.0
95310,898,699.0,661.0,379500.0
95311,1522,894.0,398.0,252400.0
95312,63,1100.0,281.0,215000.0
95315,3612,1138.0,456.0,273000.0
95316,2655,1157.0,609.0,375000.0
95317,282,964.0,558.0,425000.0
95319,597,891.0,594.0,194700.0
95320,4855,1416.0,656.0,448000.0
95321,3697,1145.0,662.0,330900.0
95322,3755,1102.0,450.0,354500.0
95323,461,856.0,582.0,451400.0
95324,2782,1298.0,514.0,313200.0
95326,3862,1237.0,574.0,366500.0
95327,3320,1021.0,618.0,271800.0
95328,1029,1110.0,505.0,306000.0
95329,1446,1339.0,493.0,284400.0
95330,7371,1868.0,709.0,431400.0
95333,851,944.0,476.0,274600.0
95334,4330,1152.0,394.0,246500.0
95336,16326,1593.0,583.0,398100.0
95337,13093,1690.0,678.0,466500.0
95338,5394,1059.0,454.0,320800.0
95340,13199,1065.0,540.0,300400.0
95341,9092,970.0,452.0,232400.0
95345,414,811.0,388.0,299500.0
95348,11786,1283.0,529.0,273400.0
95350,20221,1267.0,560.0,309800.0
95351,14094,1225.0,464.0,241800.0
95354,9412,1174.0,497.0,280500.0
95355,21682,1509.0,597.0,359200.0
95356,11644,1480.0,678.0,389900.0
95357,4379,1655.0,619.0,340300.0
95358,8821,1365.0,482.0,319900.0
95360,4384,1058.0,476.0,298300.0
95363,8569,1586.0,561.0,360300.0
95365,1277,845.0,376.0,183900.0
95366,6812,1514.0,729.0,522100.0
95367,7654,1287.0,618.0,344800.0
95368,4262,1732.0,558.0,349000.0
95370,13459,1164.0,681.0,342700.0
95374,704,1039.0,540.0,357300.0
95376,17265,1756.0,532.0,454200.0
95379,1842,642.0,629.0,319000.0
95382,13375,1449.0,649.0,374600.0
95383,3497,1452.0,763.0,364200.0
95386,3222,1317.0,620.0,323200.0
95388,4008,850.0,403.0,231700.0
95401,14170,1764.0,606.0,541300.0
95403,17124,1886.0,685.0,588800.0
95404,16488,1714.0,776.0,710100.0
95405,9714,2053.0,653.0,648800.0
95407,13125,1655.0,587.0,506600.0
95409,12649,2084.0,782.0,665600.0
95415,657,1174.0,491.0,542200.0
95421,1240,1172.0,525.0,571400.0
95422,8280,959.0,435.0,156400.0
95423,2361,1124.0,561.0,223600.0
95425,4711,1288.0,649.0,556700.0
95426,1155,1800.0,479.0,260400.0
95428,1325,839.0,410.0,301300.0
95432,397,1610.0,858.0,623900.0
95436,2927,1701.0,751.0,578800.0
95437,7597,1157.0,666.0,446400.0
95441,896,1225.0,1000.0,952800.0
95442,1471,1583.0,936.0,1177600.0
95445,1392,1534.0,596.0,585200.0
95446,3305,1338.0,691.0,506700.0
95448,8296,1963.0,824.0,919400.0
95449,671,1405.0,571.0,465000.0
95451,6141,1175.0,558.0,285000.0
95452,766,3049.0,741.0,915600.0
95453,5503,917.0,609.0,342500.0
95454,1205,597.0,351.0,371700.0
95456,710,740.0,606.0,410000.0
95457,1759,799.0,462.0,332800.0
95458,2073,1053.0,718.0,234500.0
95460,1511,1619.0,755.0,566400.0
95461,1483,1678.0,656.0,315900.0
95462,1044,1166.0,536.0,562500.0
95464,1378,1126.0,381.0,127500.0
95465,1039,1856.0,1120.0,957300.0
95466,411,1286.0,542.0,583300.0
95467,2473,1848.0,824.0,338300.0
95468,785,1109.0,843.0,494100.0
95470,2447,1317.0,577.0,495100.0
95472,12943,1690.0,804.0,890700.0
95476,16758,1930.0,874.0,767900.0
95482,12594,1220.0,665.0,402700.0
95485,1356,1088.0,536.0,299100.0
95490,6266,1072.0,563.0,337600.0
95492,10152,2076.0,821.0,652800.0
95497,1853,1602.0,909.0,943200.0
95501,11006,991.0,459.0,299400.0
95503,10486,1160.0,504.0,337600.0
95519,7929,1032.0,573.0,352700.0
95521,9509,1177.0,532.0,379000.0
95524,715,1199.0,627.0,484900.0
95525,833,1210.0,412.0,388200.0
95526,376,925.0,299.0,262100.0
95528,665,910.0,453.0,383900.0
95531,8799,1041.0,467.0,236100.0
95536,1354,1111.0,563.0,443500.0
95540,6088,1011.0,507.0,313500.0
95542,1435,1161.0,701.0,386700.0
95546,1174,580.0,296.0,257500.0
95547,531,1029.0,545.0,470800.0
95548,592,846.0,426.0,200500.0
95549,446,1221.0,729.0,536500.0
95551,723,991.0,608.0,391100.0
95552,577,368.0,300.0,246400.0
95555,221,788.0,611.0,325000.0
95556,368,500.0,789.0,337600.0
95562,1560,827.0,440.0,239000.0
95565,392,1133.0,371.0,284600.0
95567,991,614.0,514.0,254000.0
95570,1489,1449.0,645.0,446600.0
95573,1042,1469.0,326.0,314200.0
95585,286,645.0,500.0,356700.0
95589,1066,1004.0,752.0,405300.0
95602,8013,1399.0,885.0,511000.0
95603,12740,1302.0,716.0,474900.0
95605,5433,993.0,647.0,313500.0
95608,27360,1320.0,639.0,448700.0
95610,17948,1478.0,565.0,375700.0
95614,1891,1883.0,841.0,430400.0
95615,386,878.0,818.0,602300.0
95616,19535,1710.0,692.0,730800.0
95618,10327,1911.0,861.0,697900.0
95619,2729,1499.0,888.0,277300.0
95620,7695,1555.0,622.0,458600.0
95621,17231,1442.0,537.0,327900.0
95623,1738,1705.0,638.0,443500.0
95624,20729,1700.0,677.0,473300.0
95627,1445,1219.0,674.0,357900.0
95628,17312,1620.0,664.0,489000.0
95630,28132,1945.0,795.0,598100.0
95631,2770,579.0,697.0,409400.0
95633,1333,1786.0,435.0,341700.0
95634,2099,1665.0,361.0,323700.0
95640,4084,1085.0,584.0,345100.0
95642,3252,1243.0,627.0,348900.0
95648,21049,1927.0,768.0,514000.0
95650,5611,1570.0,766.0,682700.0
95651,272,1413.0,809.0,525400.0
95655,1600,1909.0,700.0,433100.0
95658,2520,1145.0,749.0,702600.0
95659,355,1221.0,663.0,435700.0
95660,11342,1346.0,437.0,256000.0
95661,13534,1733.0,671.0,550300.0
95662,13395,1593.0,577.0,408300.0
95663,1141,1393.0,810.0,713900.0
95664,475,1168.0,409.0,420700.0
95665,2248,1298.0,626.0,315400.0
95666,3822,875.0,586.0,288400.0
95667,15846,1271.0,700.0,434200.0
95669,1084,1182.0,633.0,459000.0
95670,22675,1414.0,618.0,375500.0
95672,2128,1682.0,734.0,573400.0
95673,5312,1412.0,513.0,340100.0
95674,322,950.0,633.0,456300.0
95677,10635,1830.0,733.0,506800.0
95678,17972,1782.0,555.0,426500.0
95681,408,1419.0,478.0,312700.0
95682,12299,1534.0,815.0,544400.0
95683,2608,2288.0,716.0,550800.0
95684,1569,1333.0,563.0,460700.0
95685,2522,1120.0,605.0,447400.0
95686,442,736.0,602.0,311000.0
95687,23645,1962.0,586.0,459300.0
95688,14655,1840.0,729.0,563300.0
95691,14365,1301.0,596.0,412100.0
95692,1763,1283.0,419.0,310900.0
95693,2594,1534.0,542.0,657600.0
95694,3528,1302.0,622.0,474000.0
95695,15162,1242.0,548.0,402800.0
95701,578,1667.0,824.0,460400.0
95703,969,1223.0,589.0,534900.0
95709,2815,1318.0,666.0,465300.0
95713,4114,1286.0,671.0,422400.0
95714,315,1219.0,610.0,343300.0
95722,2034,1788.0,745.0,547200.0
95726,4194,1028.0,669.0,341300.0
95742,4131,2538.0,691.0,472200.0
95746,8196,2063.0,1012.0,852900.0
95747,26839,1867.0,779.0,537300.0
95757,15023,2214.0,891.0,507100.0
95758,22779,1862.0,703.0,434500.0
95762,15994,2109.0,985.0,699100.0
95765,14379,1954.0,868.0,578900.0
95776,8182,1378.0,628.0,429900.0
95811,4510,1326.0,858.0,510900.0
95814,7513,997.0,759.0,544600.0
95815,10431,1169.0,534.0,247400.0
95816,10993,1351.0,559.0,631100.0
95817,6706,1282.0,536.0,374200.0
95818,11147,1273.0,684.0,660600.0
95819,8678,1778.0,662.0,637200.0
95820,14306,1336.0,414.0,317700.0
95821,16447,1155.0,587.0,374500.0
95822,17457,1315.0,569.0,355400.0
95823,25581,1329.0,513.0,285600.0
95824,9674,1163.0,384.0,243800.0
95825,16781,1278.0,693.0,331300.0
95826,16801,1469.0,528.0,349300.0
95827,7810,1489.0,527.0,328800.0
95828,18565,1478.0,511.0,309800.0
95829,9249,1759.0,659.0,429800.0
95831,19818,1627.0,667.0,485300.0
95832,3264,1586.0,488.0,319400.0
95833,16231,1563.0,613.0,349900.0
95834,12040,1566.0,655.0,415800.0
95835,14831,1935.0,764.0,452000.0
95838,12264,1328.0,538.0,276000.0
95841,8714,1311.0,514.0,308800.0
95842,12279,1368.0,438.0,289300.0
95843,15229,1779.0,584.0,361900.0
95864,10370,1562.0,789.0,643200.0
95912,1484,884.0,526.0,351000.0
95916,800,850.0,340.0,204800.0
95917,1391,1446.0,545.0,275000.0
95920,126,585.0,644.0,269400.0
95922,356,950.0,456.0,266200.0
95926,18881,1218.0,525.0,370500.0
95928,17706,1218.0,539.0,388800.0
95932,3122,925.0,524.0,285200.0
95938,1442,1292.0,727.0,477700.0
95939,288,615.0,408.0,138100.0
95943,324,779.0,454.0,570300.0
95945,13023,1190.0,628.0,391400.0
95946,4292,1874.0,889.0,443600.0
95947,840,719.0,450.0,240100.0
95948,4295,1000.0,504.0,260600.0
95949,8496,1607.0,781.0,448500.0
95951,854,770.0,475.0,240300.0
95953,3453,953.0,476.0,276300.0
95954,4897,1075.0,499.0,194500.0
95955,662,1052.0,416.0,283100.0
95957,331,945.0,482.0,278300.0
95959,8925,1424.0,683.0,519400.0
95961,9982,1124.0,470.0,292400.0
95963,6223,1061.0,413.0,278200.0
95965,8438,951.0,532.0,216400.0
95968,507,943.0,323.0,156800.0
95969,4515,1036.0,577.0,300000.0
95970,233,981.0,774.0,450000.0
95971,2709,1226.0,564.0,266100.0
95973,16115,1289.0,624.0,402600.0
95979,308,681.0,353.0,250000.0
95982,1169,1166.0,537.0,292700.0
95987,2055,1197.0,498.0,310300.0
95988,3242,944.0,549.0,244100.0
95991,15255,1141.0,493.0,297900.0
95993,13044,1284.0,616.0,353700.0
96001,14563,1119.0,582.0,319700.0
96002,13463,1142.0,604.0,280900.0
96003,19944,1261.0,591.0,299600.0
96007,10427,970.0,440.0,235900.0
96009,237,912.0,460.0,277800.0
96013,2065,875.0,464.0,169500.0
96017,192,625.0,533.0,258300.0
96019,4289,1091.0,490.0,219700.0
96020,1959,777.0,508.0,229200.0
96021,6024,963.0,438.0,212900.0
96022,6209,1132.0,485.0,263300.0
96023,572,734.0,359.0,120300.0
96024,498,1083.0,416.0,278800.0
96025,1417,832.0,387.0,232200.0
96027,982,939.0,465.0,240800.0
96032,1277,946.0,399.0,253400.0
96033,201,1167.0,538.0,130000.0
96034,188,936.0,496.0,305300.0
96035,1715,1111.0,397.0,223500.0
96038,303,827.0,334.0,213900.0
96039,588,705.0,324.0,143800.0
96041,1458,627.0,406.0,310100.0
96044,596,829.0,354.0,177100.0
96050,291,810.0,375.0,201200.0
96051,928,1141.0,528.0,269100.0
96052,923,835.0,522.0,282500.0
96055,1828,1198.0,400.0,229300.0
96057,905,1055.0,454.0,237500.0
96062,445,1281.0,558.0,325000.0
96064,2145,827.0,425.0,199100.0
96067,4571,1223.0,580.0,320300.0
96069,534,1300.0,434.0,327000.0
96073,1984,2111.0,766.0,451900.0
96080,12760,1021.0,479.0,250400.0
96084,342,1104.0,405.0,241700.0
96086,195,923.0,308.0,225000.0
96088,2882,964.0,475.0,257200.0
96090,221,1080.0,390.0,197700.0
96091,833,936.0,476.0,321300.0
96093,2023,929.0,407.0,298300.0
96094,3273,814.0,433.0,248600.0
96096,429,1125.0,470.0,332200.0
96097,4561,866.0,477.0,190300.0
96101,2600,756.0,399.0,145900.0
96103,1985,1233.0,495.0,352200.0
96104,466,779.0,480.0,174400.0
96107,381,854.0,540.0,245800.0
96112,150,513.0,313.0,197900.0
96114,1575,1142.0,476.0,295100.0
96118,665,825.0,487.0,215000.0
96120,636,950.0,527.0,375300.0
96122,2427,814.0,338.0,198000.0
96130,6701,933.0,470.0,218100.0
96134,1019,709.0,356.0,130100.0
96140,1701,1807.0,755.0,721200.0
96142,2291,1396.0,592.0,577700.0
96143,2843,1315.0,715.0,542100.0
96145,4840,1473.0,876.0,785700.0
96146,2014,1522.0,920.0,1203900.0
96148,887,954.0,646.0,681100.0
96150,23295,1181.0,667.0,488200.0
96161,17754,1822.0,913.0,653600.0
