,ZIP,Avg_Median_Income_2018_2021,Avg_Growth_Rate_2018_2021,Total_Growth_2018_2021
0,90001,45674.5,0.11091916591091126,0.37083668648269774
1,90002,40274.75,0.09287684329232992,0.3035583168596442
2,90003,41944.25,0.0870374945260151,0.28224896577660774
3,90004,51537.75,0.04081741487582664,0.12702547483283422
4,90005,40237.75,0.08530134155889102,0.2777888417878176
5,90006,37731.5,0.05129632583666049,0.15975261924260822
6,90007,29096.0,0.09619465886807294,0.3169745500673908
7,90008,44970.0,0.07375981322441574,0.23735184303505652
8,90011,42409.0,0.08463720397341983,0.2752611354657141
9,90012,48121.25,0.08039805452897329,0.2602720283855707
10,90013,21864.5,0.010366722701163832,0.028372393430522235
11,90014,36064.75,-0.036712108284166683,-0.12619572189530637
12,90015,46177.75,0.10803419588704144,0.36000615132253433
13,90016,49753.0,0.04773089040186491,0.14950728363324764
14,90017,37126.25,0.12615378324762785,0.41956528657352893
15,90018,48167.75,0.09798634131621616,0.3233815361041946
16,90019,57235.75,0.05409589052179405,0.17085035629453682
17,90020,49198.0,0.0314670883120203,0.09695940134182006
18,90021,20943.25,0.20019553083766087,0.6743019341210641
19,90022,49516.0,0.09869101788525718,0.3250933911359129
20,90023,44641.0,0.05353035834601531,0.16909557470707853
21,90024,64981.75,0.022171384503831253,0.06501753388304427
22,90025,92294.75,0.06366085351118171,0.2008009084932162
23,90026,65990.0,0.05027937722594459,0.15810588622163763
24,90027,70261.25,0.06946825759674848,0.22257415237708883
25,90028,48141.0,0.06318771051433274,0.20037274421564616
26,90029,44346.5,0.08747549078890549,0.2846165512360346
27,90031,49304.25,0.06358581082843683,0.20242202827954806
28,90032,58424.5,0.08901773900478238,0.28970954519602266
29,90033,41798.5,0.11884688172308089,0.39906605153595137
30,90034,79068.0,0.07477949681928932,0.24118100848586857
31,90035,92452.0,0.08589910418580138,0.27706389720119695
32,90036,83430.0,0.027785635743234904,0.08481690905948296
33,90037,38088.25,0.10226018117441212,0.33293950850661624
34,90038,46745.5,0.08705514434682816,0.27791116446578634
35,90039,90974.75,0.05058050916285245,0.15337494624030873
36,90040,51291.75,0.0714380633375973,0.2238459554715035
37,90041,88197.5,0.059569329313829716,0.18950426459086
38,90042,69754.5,0.11095527058036408,0.3700164027717337
39,90043,54778.25,0.08575537091977152,0.27576842105263155
40,90044,38278.5,0.08163618568825144,0.264550727172044
41,90045,106967.0,0.06203509182594555,0.19760980043796222
42,90046,72388.0,0.04518108689484026,0.1403195058152423
43,90047,55327.75,0.09567042672243642,0.3142995555742781
44,90048,97983.25,0.02766241790073141,0.07741840604220722
45,90049,133344.5,0.03887205464260211,0.12018048222594745
46,90056,92221.75,0.07999464625439269,0.2281533101045296
47,90057,39276.25,0.08993517233476765,0.29340539263459436
48,90058,25950.0,0.16819395915220473,0.5797350109617767
49,90059,44838.5,0.04370848782962835,0.13542088343850459
50,90061,45033.5,0.08290306532344636,0.2689549309242809
51,90062,50859.75,0.08025404821119675,0.26017620162819227
52,90063,50777.75,0.07009756225719939,0.22339261579387726
53,90064,102596.0,0.045186372594083334,0.14073958170343712
54,90065,71773.0,0.08422067613506828,0.27299792547547785
55,90066,85389.75,0.04785386166118111,0.15040208375480477
56,90067,117175.5,-0.05288218404110631,-0.15159389355482344
57,90068,87587.75,0.027472368593850684,0.08330149481828168
58,90069,93829.5,0.020479207212903958,0.059041225578793356
59,90077,210992.75,-0.014081150261974514,-0.04841746785370411
60,90094,159760.75,0.04559928277944179,0.13901930633862977
61,90201,45491.0,0.054645725933320725,0.17273695420660276
62,90210,149397.25,0.025373059223376956,0.07801201042203676
63,90211,88676.5,0.03305553518611087,0.09407385783097358
64,90212,91771.25,-0.005798599857362194,-0.023261513543464826
65,90220,59419.5,0.06568627924999164,0.21021338075127807
66,90221,52858.0,0.05722112396915966,0.18145277060005743
67,90222,54131.75,0.11818433179299244,0.3973385278732299
68,90230,87626.75,0.06330734548493312,0.20030491961773492
69,90232,94169.75,0.08842165556669011,0.28927510831994546
70,90240,86932.5,0.03442560502290118,0.10633205193298034
71,90241,72352.0,0.027448669264645897,0.08372770820107348
72,90242,71323.5,0.043749283944545775,0.13611233129856556
73,90245,112729.75,0.08656351705045984,0.28204790867598395
74,90247,58444.75,0.08487313364323223,0.27657338574709067
75,90248,64223.0,0.03943116762284359,0.12007269335306132
76,90249,63878.5,0.05272520209791224,0.1654789387400047
77,90250,58926.0,0.07359307962549726,0.23698478509652365
78,90254,140194.5,0.017373321243142146,0.05248272443653964
79,90255,47709.5,0.08209945866290663,0.26650383974072944
80,90260,68503.0,0.07113745149158823,0.22868148339162248
81,90262,55322.75,0.07558362996632384,0.2437702054175619
82,90265,160274.0,0.05610970030552668,0.17697483947936354
83,90266,156654.5,0.042409144251089964,0.12994809538721908
84,90270,47377.75,0.11226051935423222,0.37401911468812876
85,90272,199591.0,0.030360028685037833,0.09252592054637884
86,90274,175000.5,0.047212767167342705,0.14788206927597541
87,90275,144054.25,0.061021313070225604,0.19372765778485385
88,90277,106296.0,0.030812676108665144,0.09364398079799767
89,90278,123560.25,0.040102639142111575,0.12270338983050848
90,90280,54341.0,0.0593802449634789,0.18841300800063687
91,90290,128175.25,0.04539164615982939,0.13984511279462697
92,90291,99199.5,0.049429876799192675,0.15354274943069765
93,90292,120707.0,0.08119107417256627,0.2612384229600615
94,90293,106359.25,0.022383941898684534,0.06748560756300903
95,90301,49552.0,0.0768588197751729,0.24869151467089612
96,90302,54234.75,0.0955735381577087,0.3119528654701962
97,90303,58559.5,0.089340381654457,0.2902375193306634
98,90304,47839.5,0.04084498824903727,0.12289675595638713
99,90305,80841.25,0.03173779332240475,0.08474644975611074
100,90401,85363.0,0.07953223573715694,0.24440114172796135
101,90402,146775.75,-0.016028081829657027,-0.05060124667767876
102,90403,109892.5,0.01802659363068175,0.05467927516653468
103,90404,75991.0,-0.002219164633558758,-0.008375320721606998
104,90405,95870.5,0.008972610039093184,0.02714778815407746
105,90501,74646.75,0.04599722523184838,0.14355251800597132
106,90502,79592.75,0.0862697692018675,0.2775836388634281
107,90503,96498.75,0.05295480809126512,0.16692193292046792
108,90504,91674.5,0.03975094099160813,0.12390975358987096
109,90505,98186.75,0.01535310599416321,0.043541574147706735
110,90601,78368.25,0.05267420213377502,0.16113922687627866
111,90602,54133.25,0.02659184183025773,0.07984464351933174
112,90603,103807.25,0.037250213836547884,0.11513429278577321
113,90604,78015.25,0.07695665199971459,0.2464127996388109
114,90605,78755.25,0.03514436990146417,0.10707244459146543
115,90606,75680.0,0.05348535204551097,0.16615232163080407
116,90620,95911.5,0.059483788961637446,0.18867646057083173
117,90621,69137.5,0.0779808866091667,0.2516817710817612
118,90623,105161.0,0.02075933287706401,0.06081786775929943
119,90630,99142.5,0.05862539563438348,0.18439716312056736
120,90631,85786.75,0.053912668744285054,0.17037735849056604
121,90638,93374.5,0.03963189741391416,0.11905660593167026
122,90640,59651.25,0.0746405142865423,0.23957847617271286
123,90650,74440.5,0.07795091413456569,0.25226852060855043
124,90660,70482.25,0.060061310717343164,0.18956977612508955
125,90670,71639.5,0.04259971875805893,0.1318074074074074
126,90680,64576.75,0.07180029887175898,0.2238108283962878
127,90701,72350.25,0.09335501563430833,0.3061355655881615
128,90703,107220.5,0.05241348330816115,0.16514039662805508
129,90704,74656.75,0.03638900499423918,0.11193217620438793
130,90706,62456.0,0.0802748382185994,0.260313301871557
131,90710,64345.0,0.046609596892183996,0.1457779560994366
132,90712,99860.0,0.060671423317128624,0.1932772188246641
133,90713,105882.75,0.038453616283115506,0.11970199336875324
134,90715,75783.25,0.033342778631062976,0.1008730858213066
135,90716,55840.25,0.1396755492234067,0.473687707641196
136,90717,75388.0,0.07522173517593793,0.23973969631236441
137,90720,109048.5,0.05329444383032126,0.1679772180836388
138,90723,56626.75,0.04492044759848954,0.14071015066659123
139,90731,55660.5,0.0612919046023428,0.19512910224585134
140,90732,102780.25,0.01955052351325789,0.05805926506496247
141,90740,71040.5,0.03353418095287442,0.10370751802265706
142,90742,84264.75,0.03923259148678921,0.11734237819437472
143,90743,140864.5,0.028088010932040327,0.030238069876438005
144,90744,51189.25,0.049524277119784216,0.15415689886135298
145,90745,84366.75,0.07005162964684487,0.2247913155935259
146,90746,89634.75,0.04799443414957818,0.1468949280077612
147,90755,79071.75,0.02057090477054355,0.05034388624587535
148,90802,57908.25,0.056191492682426146,0.17545635143746016
149,90803,92201.5,0.03874259388631488,0.12015477409809946
150,90804,52644.25,0.03798766455745162,0.11606498194945848
151,90805,52703.75,0.05063633446759069,0.15924650597528864
152,90806,55402.0,0.0640980086176554,0.20435531003562707
153,90807,79006.0,0.017765098336448418,0.053350196159405325
154,90808,112630.0,0.026707400744932275,0.08093305918957769
155,90810,61623.75,0.05335041686077594,0.16510887339702213
156,90813,40141.5,0.075457506140115,0.2437144837144837
157,90814,77344.5,0.06480941610345457,0.20507535746489758
158,90815,96560.5,0.050958142307253505,0.16039905309435237
159,91001,104648.75,0.05316230242287976,0.16664123147045956
160,91006,105695.5,0.04197633481124637,0.12992157252059963
161,91007,84075.5,0.029088919384107653,0.08947683556620013
162,91008,122700.25,0.1616392858685313,0.42003306345640284
163,91010,79631.75,0.06922693562638031,0.22072090742045564
164,91011,173742.5,0.05236589113163873,0.16009290802105916
165,91016,80696.0,0.06027387153000494,0.19181651277066797
166,91020,66624.75,-0.06953625817859549,-0.1953845528785601
167,91024,105305.25,0.06569977503845223,0.2096036427610473
168,91030,106534.75,0.059871766011278284,0.19025358871468168
169,91040,89714.5,0.06164082559112724,0.19653404930436905
170,91042,64901.75,0.09753719598752462,0.3172212513737006
171,91101,71741.25,0.06501301184782791,0.20676301988047324
172,91103,71398.75,0.02201037926711183,0.06727580764274027
173,91104,78816.0,0.047967465152143396,0.14913999270378728
174,91105,133901.0,0.05396310203500035,0.17064360503429143
175,91106,82859.25,0.015922392021806495,0.048100036118618524
176,91107,102607.5,0.0525039367556803,0.16160200773815747
177,91108,164631.5,0.023570997506889863,0.07136653155761435
178,91201,59152.5,0.00837512163940885,0.0246189917936694
179,91202,77671.25,0.05243950721580726,0.16424104685139962
180,91203,61120.75,0.05970370155672446,0.18754817776024954
181,91204,53414.25,0.1195358431213683,0.402210188971157
182,91205,46163.0,0.03761772228956501,0.11695492243368594
183,91206,72653.25,0.0954546625861767,0.31389970595247557
184,91207,90733.25,0.05967862043814154,0.17133480450404573
185,91208,105797.5,0.013555387339525113,0.03933948518698397
186,91214,107597.5,0.04925290787499995,0.15479254658385094
187,91301,129529.5,0.05385648097859638,0.16908415149571596
188,91302,139846.5,0.0445154573472537,0.13454644004800806
189,91303,61430.5,0.06503770627444899,0.20613096317794305
190,91304,71203.25,0.03190173390042422,0.09819571775870654
191,91306,72319.25,0.04572327802133985,0.1433349541027568
192,91307,120518.0,0.02408756983264698,0.07311456041368801
193,91311,94027.0,0.05660478242060008,0.1795231904916663
194,91316,76883.75,0.023236897212894642,0.07032475104207155
195,91320,122518.5,0.04381161789052648,0.13719136070615628
196,91321,72857.0,0.02679052469474526,0.08125699176243263
197,91324,82026.5,0.050339364726867536,0.15871176710687435
198,91325,71300.5,0.021373591403977377,0.06522245855307246
199,91326,120335.0,0.049364056035419296,0.1546715102113144
200,91331,65157.75,0.06194610890120041,0.1943174287607687
201,91335,64516.0,0.041102902042873986,0.12828364755930016
202,91340,60769.75,0.08131242953220746,0.2627511014860727
203,91342,77010.0,0.06346586503931545,0.20263600833024278
204,91343,66968.75,0.0440177832018963,0.1367871191731299
205,91344,99104.25,0.04307265954026748,0.13386645861777519
206,91345,79915.0,0.04098401008238275,0.12755202780081348
207,91350,116449.5,0.029306275844224527,0.08640737058865298
208,91351,84645.25,0.04104759266237324,0.1277908379665908
209,91352,59025.75,0.05721916732357612,0.17956757344545735
210,91354,130461.75,0.024413571784442343,0.07475957176555979
211,91355,97170.0,0.04190923144731839,0.12868499681793177
212,91356,80812.0,0.06894652941409818,0.21894824371990718
213,91360,97369.0,0.01299271645326209,0.035231398405875726
214,91361,120649.5,0.002794076296530487,0.008027626904913007
215,91362,118686.5,0.0502653793420172,0.15777648407226155
216,91364,109117.75,0.04085306486693376,0.12747148473053313
217,91367,94449.75,0.04141755194209087,0.1266148986875563
218,91377,135350.0,0.036339769243821936,0.11297445227099563
219,91381,135564.5,0.04100017790999005,0.1259917387576962
220,91384,113020.0,0.035445839959270455,0.1088231485078907
221,91387,95968.0,0.0373710885176892,0.11157431468601063
222,91390,122991.75,0.046687250282675695,0.1449036096923421
223,91401,57722.75,0.06743321896365724,0.21088460542380405
224,91402,47267.75,0.06307642378076243,0.20132067106890356
225,91403,101566.5,0.030225206265588462,0.08916659718168932
226,91405,48552.0,0.07719114959268329,0.24898962064847985
227,91406,60442.25,0.05321567874654806,0.1680350005401318
228,91411,60626.0,0.07326369596403964,0.23600036660251122
229,91423,90793.25,0.053613057179201895,0.16714040032484595
230,91436,158677.5,0.02521403363289681,0.05671817591669288
231,91501,72598.75,0.03931481534233155,0.11807866223018514
232,91502,47945.25,0.1199326019726376,0.3868980522714761
233,91504,83833.25,0.056337833542121,0.17664358720738543
234,91505,88855.0,0.037923930713401145,0.1176477537182077
235,91506,82262.0,0.017244982249524532,0.05141001667761662
236,91601,56422.5,0.05515961441001672,0.17400726139106962
237,91602,82896.5,0.00816750130501608,0.023792375209053068
238,91604,114667.0,0.063099657376628,0.20103411616893785
239,91605,51840.25,0.06272693186573254,0.20006382978723405
240,91606,52086.75,0.07209681489753872,0.2316744617108865
241,91607,72698.25,0.0926379653463824,0.3014531936465022
242,91701,100302.75,0.03596355015445588,0.11050734213614404
243,91702,68399.75,0.05991084290601769,0.18653421633554085
244,91706,67356.5,0.053784717344077915,0.17013883303035665
245,91708,82879.0,0.10962406794762736,0.08331126120160685
246,91709,106229.0,0.015147069001401897,0.045205086528348794
247,91710,84390.25,0.0394876704413343,0.1229143632525882
248,91711,102972.75,0.049552602901848215,0.152029346367055
249,91722,81643.0,0.03785425547607784,0.11779134768070851
250,91723,68352.5,0.04704266487958122,0.1454562346128238
251,91724,85513.0,0.028452191391469223,0.08613842436421924
252,91730,73430.5,0.03605864722639689,0.11177101138569401
253,91731,45789.25,0.10291315421140075,0.3396135388365538
254,91732,54537.0,0.043899282333223356,0.13456906684136496
255,91733,53271.25,0.09351840853339528,0.30440036028911005
256,91737,105407.75,0.0019212828490511914,0.005094586645921485
257,91739,115879.75,0.06224825548639445,0.19853451307248554
258,91740,87666.75,0.0408820554655698,0.12769415503293025
259,91741,109625.0,0.023666878528762775,0.071518975385836
260,91744,72971.75,0.06607526557960341,0.21105042397175533
261,91745,88377.25,0.039696937047727886,0.123290273556231
262,91746,73965.25,0.05068375756912804,0.15805667067131596
263,91748,74142.25,0.028528944379411076,0.08708450704225353
264,91750,91265.5,0.03660657416970784,0.11385955160274226
265,91752,88161.25,0.07728326126564933,0.2492011972569177
266,91754,65530.75,0.05999395896446935,0.1904050712732945
267,91755,59168.75,0.08139540647489871,0.26092657342657344
268,91759,80522.25,0.2579108309782845,0.9461818181818182
269,91761,75405.0,0.03540796437630136,0.10995859299845247
270,91762,62665.0,0.06704385410529405,0.21486964012587684
271,91763,62965.5,0.05342169513452466,0.16798636692257377
272,91764,61137.75,0.05596277586263428,0.1739958695342544
273,91765,99828.5,0.006008531781628285,0.01773027927486526
274,91766,61094.5,0.06759452540644169,0.214591736129784
275,91767,63249.0,0.06848886052212537,0.21762486743971768
276,91768,58526.75,0.08253567957758752,0.26727795264814563
277,91770,59929.5,0.06789010879417492,0.21560198856203042
278,91773,90209.75,0.061391759449464456,0.19274494695038824
279,91775,90599.75,0.06367878480289496,0.2029589094166929
280,91776,62222.5,0.0924093063594249,0.3030980399401452
281,91780,78819.0,0.08797895960090764,0.2872355965875891
282,91784,130160.25,0.05140376206490616,0.160625988092435
283,91786,64445.5,0.069372209785167,0.22240788419239885
284,91789,105917.5,0.055114207302577926,0.1728908026318437
285,91790,84935.0,0.05305386383246637,0.16584090283512248
286,91791,85590.25,0.03544425679821528,0.11007541105204599
287,91792,83484.25,0.046604123145037014,0.14582390441338108
288,91801,64053.75,0.09381568111164292,0.3085685628313512
289,91803,65650.0,0.06441500384688659,0.20497069245289268
290,91901,94893.75,0.048689472976765256,0.14511252939200536
291,91902,104261.75,0.05633154678771598,0.17833840344067975
292,91906,48726.25,0.014734699468918427,0.04158638067207318
293,91910,68764.25,0.07546546452369564,0.24358063370046187
294,91911,64073.25,0.06557804182880231,0.20947813918563774
295,91913,106877.75,0.05846720998474847,0.18355982901559767
296,91914,138102.5,0.04071829092514961,0.12378673446496673
297,91915,120555.25,0.04796274940775197,0.14949635537949554
298,91916,98514.0,0.045717734740757,0.11834885733190818
299,91932,58560.0,0.10066319132576391,0.3294687295034531
300,91935,106292.5,0.045276960128721344,0.1413651103109396
301,91941,92337.75,0.049397815484817774,0.1547741125231879
302,91942,66103.5,0.054134778922348394,0.17065294995781138
303,91945,66313.75,0.04389030039461248,0.13710166193498996
304,91950,48019.75,0.03931727792027331,0.12224361218060903
305,91962,121652.25,0.09175731368435053,0.2922525374802123
306,91977,69654.5,0.06241110920011713,0.1983544481323921
307,91978,79186.0,0.04464348009971764,0.13645400573128763
308,92003,86389.25,0.0841719723520361,0.2732359341000933
309,92004,58521.25,0.2921797892101949,1.1534898085237801
310,92007,112677.25,0.05445141523634952,0.16297946840681204
311,92008,86549.75,0.013726472889057609,0.04096301465457083
312,92009,138096.0,0.05928032313563567,0.18577262797986513
313,92010,103822.5,0.020456907771568934,0.06173661785591851
314,92011,116931.75,0.019314763256497693,0.05808651071138973
315,92014,159135.25,0.0822485985785228,0.2663466666666667
316,92019,86001.5,0.030803653803486892,0.0933127484470162
317,92020,60334.5,0.051389480721615276,0.16212769015197787
318,92021,59795.5,0.03694532117344215,0.11487258850218947
319,92024,122377.25,0.05337786091745964,0.1679911680437392
320,92025,58447.25,-0.007658087774175166,-0.023883281702808033
321,92026,76798.25,0.05181729664530576,0.16197606044946017
322,92027,68648.0,0.053469713878817104,0.16878442663995993
323,92028,78214.25,0.08023081726568392,0.26047112898592356
324,92029,95272.25,0.030840298082821183,0.0949289970978533
325,92036,59535.25,0.07353122090765453,0.23057711006463175
326,92037,113602.5,0.059107794868513495,0.18631968575313493
327,92040,81808.25,0.05840313720060001,0.1855628820844123
328,92054,62867.5,0.025598687790321345,0.07792792042254694
329,92056,83789.5,0.053039958829949836,0.16753482270324496
330,92057,80239.25,0.07972038744729842,0.25697685624991395
331,92058,54362.5,0.10274249595086711,0.33962182134318625
332,92059,93797.75,-0.023690712019618074,-0.07323170796300808
333,92061,52674.25,0.2576481304701083,0.7633840947546531
334,92064,112261.75,0.0426234481030947,0.132812795402125
335,92065,98126.0,0.049983344697708064,0.1559108635097493
336,92067,191589.25,0.10222353201516936,0.3276560040666091
337,92069,74790.0,0.04957403783491126,0.1551741472172352
338,92070,57729.25,0.18283854659617624,0.5849568123069163
339,92071,87460.0,0.0367261621078191,0.111465500764526
340,92075,106915.5,0.02088224248413804,0.06163177087796472
341,92078,88620.0,0.07111500666889108,0.22887301846296737
342,92081,82582.0,0.061870711004676386,0.1902829222160927
343,92082,94313.25,0.07526605008040803,0.23536783310259227
344,92083,68177.5,0.05019779642046393,0.15715595460149853
345,92084,75716.0,0.08832549009925504,0.2882191863719572
346,92086,41329.5,0.10229584993844859,0.3058152304931294
347,92091,153549.25,0.02522641585268781,0.06797444612108478
348,92101,71824.0,0.05778442029740242,0.17960182471828645
349,92102,53414.75,0.0788232859291031,0.2553142182990288
350,92103,79841.25,0.03071611439765476,0.09290660339647458
351,92104,71300.25,0.07612716690590265,0.24583443739576352
352,92105,46042.25,0.08221979436022346,0.26671062593108164
353,92106,109459.25,0.04832312176953072,0.15001466992665036
354,92107,86438.0,0.044698694982827504,0.13595162502120647
355,92108,78767.5,0.06452041871526375,0.20593044201191632
356,92109,86447.5,0.07095810083600772,0.22367372129503432
357,92110,76721.0,0.08524322316354634,0.27670840159138776
358,92111,76563.75,0.0714818100744273,0.2290400622101898
359,92113,42676.5,0.10525871631725771,0.3496887487427624
360,92114,70853.0,0.07527161363924123,0.24113992856033545
361,92115,54036.5,0.0735623486568013,0.23717022418562406
362,92116,76146.5,0.07547881332898704,0.24322200975378366
363,92117,88228.25,0.079943228074202,0.258705762615787
364,92118,108509.5,0.04155385815815824,0.1284377462568952
365,92119,93941.25,0.06328881160707149,0.2009478447815087
366,92120,98971.75,0.04081161187460782,0.1266925511435936
367,92121,112457.25,0.03280298861226344,0.09853029394121175
368,92122,82389.75,0.032203266272808624,0.09772908565161033
369,92123,87268.0,0.07426055540679712,0.23847616632860041
370,92124,93851.25,0.034852050670237986,0.1079142343960485
371,92126,98892.25,0.03864027057447338,0.12011404983296806
372,92127,144349.5,0.05116720728871548,0.16097915692778011
373,92128,104617.5,0.04847120926458254,0.1513700588043123
374,92129,126166.5,0.027701178026107758,0.085128999563272
375,92130,157229.5,0.037700294916117864,0.11681085279622884
376,92131,139299.5,0.060509541182800296,0.18969631489355088
377,92139,72555.25,0.07705599500202297,0.24932568594016433
378,92154,69247.75,0.047938508550166355,0.15033414431338732
379,92173,48020.0,0.08283028029816973,0.2688376682878692
380,92201,45741.0,0.05692310907059333,0.17276703229880488
381,92203,74290.25,0.05901903680240161,0.18735145189624883
382,92210,108262.75,0.06557800808114711,0.20835878282985051
383,92211,66156.5,0.0534183585913226,0.16765791467208227
384,92220,44224.0,0.05770061817432228,0.18175189578067275
385,92223,82469.5,0.06985097157782329,0.2240310920258738
386,92225,44614.25,0.048368855233818765,0.14840280762068472
387,92227,46336.75,0.059068693365975256,0.18405430280717902
388,92230,52851.75,0.12702772200683843,0.37389197249606493
389,92231,43619.5,0.0535326785643413,0.16479795873304057
390,92233,38474.25,0.053033640832153284,0.16579619642350268
391,92234,49977.25,0.07038981811478175,0.2222270149028404
392,92236,35892.0,0.062448119132958495,0.18756939980129742
393,92240,38934.5,0.053721174021777195,0.16879696121107937
394,92241,32302.75,0.060974085000683846,0.18786846587187214
395,92242,37604.0,0.1675205202270946,0.582562020438358
396,92243,47860.0,0.015985957640435096,0.04801920768307323
397,92249,51032.5,0.07946050993106417,0.23423565800465085
398,92250,52426.5,0.019480109667185025,0.05156291240903435
399,92251,84025.75,0.004435226629058905,0.012478709311127933
400,92252,41841.75,0.09372520492063709,0.30293367346938777
401,92253,79931.5,0.010475922415091246,0.02654169694431786
402,92254,26043.5,0.05437277426580465,0.1673197333871945
403,92256,47877.75,-0.051351887251811605,-0.15763634563990894
404,92260,58795.25,0.05236875473191147,0.16495683838887965
405,92262,54341.75,0.0699314481073991,0.22466432387413923
406,92264,57102.25,0.07779649240284348,0.2504774091938183
407,92270,82489.5,0.10150709260756215,0.3359821416036054
408,92273,33277.5,0.1758000685201917,0.6078953204701708
409,92274,27267.75,-0.014136534655758199,-0.04604197415313726
410,92275,27294.75,-0.013382855206605477,-0.06544577966467582
411,92276,53043.0,0.08022077669566474,0.24649766511007337
412,92277,43088.5,0.050336711271764985,0.15025792729139673
413,92281,33697.75,-0.01718081658336061,-0.05518165824234131
414,92282,39901.75,0.045924802309389716,0.14317992307071575
415,92283,24803.0,0.05136470512693118,0.13975142015119804
416,92284,45053.25,0.06320457404953386,0.19919502726904664
417,92285,33691.75,0.044868603758228785,0.1358636912709009
418,92301,47424.5,0.14415822961256078,0.49553004586561633
419,92305,75991.5,0.19786293607580926,0.6900508783005905
420,92307,62057.5,0.06109571805984793,0.183206106870229
421,92308,53357.75,0.052669522660947314,0.16634078781213085
422,92310,55526.5,0.028373567702725696,0.08750679691748073
423,92311,45456.25,0.05614163771547026,0.1770850527010776
424,92313,71499.0,0.04764364946900318,0.14555300295372497
425,92314,55712.5,0.056748649927877405,0.17935538723141134
426,92315,56211.5,0.1015107734121979,0.3222990035824051
427,92316,61373.25,0.07276923354050012,0.23354854953869394
428,92320,59484.0,0.08607479468258916,0.28031632787875355
429,92321,50488.25,-0.1047102238100985,-0.29964131186566084
430,92324,56299.75,0.06127233148472694,0.1949907054104295
431,92325,62519.0,0.043281045815700886,0.12940703025213024
432,92328,62959.25,0.42052641464762747,1.4072727272727272
433,92333,86798.25,0.18071541022193635,0.5756164163521003
434,92335,56711.25,0.08624153512890582,0.2802286615414942
435,92336,95597.0,0.046164445154318834,0.1444794392937941
436,92337,83695.5,0.05314331827700444,0.16705799940327162
437,92339,68843.25,0.09931403536729451,0.2808082474226804
438,92342,75474.25,0.031704999429450896,0.0898960177874822
439,92344,86419.75,0.03322719104271836,0.1013146213622931
440,92345,52136.75,0.026149712340817713,0.07956959634904398
441,92346,67693.75,0.06502070436002022,0.20616922504569496
442,92347,40667.25,-0.027928007876120292,-0.09398246546227418
443,92352,87099.25,0.06963936192448188,0.22301487269977313
444,92354,59950.25,0.07421886409739924,0.2356608933454877
445,92356,33735.5,0.06677935731061137,0.20342149247861568
446,92358,47549.25,0.20575508283433344,0.5375669099756691
447,92359,62199.75,0.006629511705352882,0.0093891439026739
448,92363,33161.75,0.014046035609822656,0.040991301082671
449,92365,55148.0,0.00010400931404432508,-0.0018661738053796049
450,92368,35371.75,0.08844796168220664,0.2733753264710401
451,92371,59648.25,0.04890434486819122,0.15324642358529908
452,92372,55124.75,0.07464921428235456,0.2271799701750255
453,92373,79072.25,0.074342273126121,0.23793291128362312
454,92374,76716.25,0.06610807350849807,0.20807327096511774
455,92376,58131.25,0.07015710233472629,0.22539815272340263
456,92377,91686.5,0.06503960972703664,0.2067662860980524
457,92378,68075.5,-0.08431307954603855,-0.2464777080602258
458,92382,63791.25,0.07699694976724807,0.24551857145317102
459,92386,40375.0,0.000658830487833518,-0.0035859900771233483
460,92389,31650.5,0.08455932286287977,0.27518552036199095
461,92391,52792.75,0.24078513053677808,0.7259150334305999
462,92392,62406.5,0.05059617848360134,0.15587803403299647
463,92394,59195.0,0.0887352725435105,0.2821053024088299
464,92395,49260.75,0.01652433526270333,0.048037394879071806
465,92397,65108.0,0.029858623593100198,0.08285091713282165
466,92398,54665.25,-0.010286077712613499,-0.03354724169178703
467,92399,70921.75,0.06071911674344157,0.1926575393848462
468,92401,29657.25,0.2053706234329892,0.6598840952994205
469,92404,49106.0,0.07616000353256366,0.2452444124657103
470,92405,42203.0,0.04736597985257219,0.14609006829464982
471,92407,70119.0,0.06706809906746243,0.2148454195754381
472,92408,48986.75,0.137647693148059,0.43603060397243615
473,92410,38057.75,0.1503489355460212,0.5210494812450119
474,92411,44733.25,0.09048890292972851,0.28964700658625026
475,92501,65263.25,0.08736781068323939,0.2798947349703942
476,92503,73532.5,0.06578413230172873,0.2105018098799922
477,92504,67241.0,0.05324683284166743,0.16673312174037863
478,92505,69804.75,0.04156232929067872,0.1273699713200527
479,92506,99520.5,0.055041865636581276,0.173971671636555
480,92507,54067.75,0.07954320686913795,0.25654771648387625
481,92508,118114.75,0.07488738420717782,0.24005426682462644
482,92509,73189.25,0.07334576449789207,0.2342523251600435
483,92518,76570.5,0.048613856231121466,0.143080772266895
484,92530,61917.25,0.08541369989929078,0.2764490333760537
485,92532,89964.25,0.03620107271502755,0.11236073772320118
486,92536,56689.5,0.09740867981122843,0.23352853672773835
487,92539,46804.25,0.05669407427958337,0.15539296672173708
488,92543,36757.0,0.08197353611828885,0.2599331264873332
489,92544,53575.75,0.05168535995425811,0.16243247042757014
490,92545,47831.0,0.017869196115050463,0.054316776806651035
491,92548,50817.0,0.06881560283285564,0.21752353690990003
492,92549,74992.0,0.02209680267074812,0.05452542151731737
493,92551,70135.5,0.09050100582522354,0.2962478607639898
494,92553,54114.25,0.05790803651010081,0.1818056404091366
495,92555,90487.75,0.050867270885335096,0.16014276934713753
496,92557,74975.5,0.04364818011944734,0.13667169746846256
497,92561,66663.25,-0.0062923343122143855,-0.12934695765527102
498,92562,94479.5,0.045471298475459866,0.14230017302981957
499,92563,97386.25,0.05030368702784888,0.15620531098057333
500,92567,75845.5,0.0863707130384918,0.27512263901536294
501,92570,61045.75,0.09417692154342772,0.30539894887720975
502,92571,67208.25,0.0574064284968498,0.1820330203949498
503,92582,73183.25,0.03803679333288696,0.11666524979455355
504,92583,46344.5,0.0582056279490751,0.18438890312361697
505,92584,96239.75,0.05617094067172388,0.1773335903221052
506,92585,79605.25,0.06774114339464522,0.21368347930315867
507,92586,43909.25,0.08704251992831379,0.2800653594771242
508,92587,86967.5,0.058309967411971024,0.1851888816807226
509,92590,67079.25,-0.02581058605459836,-0.07727368940944049
510,92591,88885.5,0.04448763989124349,0.13891259661734123
511,92592,107412.0,0.03977706195921503,0.12397222550060978
512,92595,79121.5,0.03895380692552991,0.12128186258111996
513,92596,103331.25,0.01827733124125734,0.055562683194015416
514,92602,107773.0,0.0598066253956804,0.17093319928295694
515,92603,155873.5,0.10238775226798642,0.33397359675599864
516,92604,109761.75,0.029306363320947968,0.09006926209232409
517,92606,109213.25,0.08867643171843202,0.28987037727253906
518,92610,139461.25,0.05706578274814883,0.17638894156016535
519,92612,78657.0,-0.00877135592129852,-0.034246402741728195
520,92614,103599.0,0.024749402599823545,0.07396001718810746
521,92617,44021.75,0.14796178398407298,0.466002299731698
522,92618,109765.5,0.04989458199123661,0.1572449961697865
523,92620,118620.0,0.06098614232178299,0.19041843541540326
524,92624,105764.5,0.04613256633425956,0.13282844778313055
525,92625,156444.75,0.06240292781611074,0.19747989046722575
526,92626,91826.75,0.05158775515625208,0.16239054702946992
527,92627,82996.0,0.09744579578902558,0.3212355104770397
528,92629,104062.5,0.03542724071085699,0.10885548118073082
529,92630,99658.5,0.056350038826591016,0.17731653556919352
530,92637,46401.5,0.08250198285510123,0.2658843732112192
531,92646,102799.0,0.052873168950165104,0.16520662436155395
532,92647,89130.5,0.06818607412921618,0.21837991473235432
533,92648,98124.75,0.042677360663540366,0.13216575851326903
534,92649,100896.5,0.022970275352614995,0.07039883438163741
535,92651,131647.25,0.0321511635759624,0.09698028765942641
536,92653,104123.75,0.039078280140749176,0.12144976685036032
537,92655,43183.0,0.048474051808576286,0.14125454631335319
538,92656,114400.75,0.03848934257601717,0.11993018617021277
539,92657,194387.75,-0.039277312776558305,-0.11486750566716172
540,92660,131012.5,0.05298010695530747,0.1659112107476559
541,92661,142870.25,0.17888739929343955,0.592821051250082
542,92662,123834.0,0.10664115137508566,0.35459710013849244
543,92663,108854.5,0.04647823452268788,0.1419035252248353
544,92672,88690.0,0.06060623416414698,0.19154978056965838
545,92673,151970.0,0.025692410176669168,0.07781545479772856
546,92675,100130.0,0.08078852383008496,0.2613877238082352
547,92676,105897.75,0.012249769444056967,0.03712897484004426
548,92677,114097.75,0.0672367547727324,0.2146009562339095
549,92679,179570.5,0.0682406580637792,0.21855743719490048
550,92683,65660.5,0.04811113442983119,0.15037289890476113
551,92688,117254.75,0.05478061998790129,0.17125904698923547
552,92691,118035.75,0.027831626183641083,0.08551377118644068
553,92692,121326.0,0.03950693412866909,0.12286387485000044
554,92694,167172.0,-0.0016015511764835208,-0.005846194560392633
555,92701,52651.5,0.07413577794218391,0.23686012669063516
556,92703,64066.0,0.0789001677980269,0.25567446577833736
557,92704,72988.75,0.07231263173399215,0.23241678726483359
558,92705,108953.75,0.05632071123824539,0.17253787692579958
559,92706,73836.0,0.08239555032153698,0.263455118405042
560,92707,81652.25,0.06738393148177658,0.214629046274169
561,92708,89763.25,0.0327845889289157,0.09769373676176502
562,92780,76300.5,0.05939854482256135,0.18608937280254054
563,92782,120005.0,0.03416351990295275,0.10431891911161813
564,92801,65148.0,0.05621125855733111,0.17761006704759388
565,92802,64041.25,0.06264712118245669,0.1981202497285559
566,92804,66245.5,0.046905231300281014,0.14669458375939362
567,92805,68799.75,0.051424858644063466,0.16189100500855694
568,92806,74536.25,0.06972207996921032,0.2205589407077572
569,92807,116875.5,0.05571757856951864,0.1765899990688146
570,92808,130167.75,0.032587311182905004,0.1007745087011714
571,92821,95882.75,0.054355995405275546,0.1707235745248416
572,92823,146803.5,-0.0002718404385078019,-0.0024527975056296554
573,92831,74103.25,0.06577766578390594,0.2049038636501486
574,92832,68635.75,0.09273954707920089,0.30036923278002875
575,92833,85986.0,0.09606206248937775,0.3164203920727292
576,92835,116427.5,0.08780866833413048,0.2846525274703922
577,92840,74320.75,0.05661953957280919,0.17935603007342488
578,92841,64257.5,0.04776815305503038,0.15017868474666846
579,92843,67275.0,0.07595012986954593,0.24418913534333908
580,92844,60930.75,0.041995542085456784,0.12971326541329692
581,92845,106713.5,0.056173778918234864,0.17433350494129998
582,92860,105099.25,0.06386632078876667,0.20328642401313737
583,92861,163209.0,0.05847739120228335,0.17728815642992277
584,92865,107916.0,0.05211854041877043,0.16301171748177445
585,92866,75276.0,0.02468063136159508,0.07576256760837932
586,92867,99352.75,0.06358353875119996,0.20296343909656112
587,92868,69730.5,0.0712028020433305,0.22241133446800682
588,92869,115736.75,0.07377904775653342,0.23726301006475775
589,92870,97046.5,0.049420689180307224,0.1552484333034915
590,92879,71307.25,0.049380368103095706,0.15509168942645338
591,92880,112506.5,0.07149392266785581,0.22208265532368418
592,92881,112726.0,0.08195404770680052,0.26575697191005554
593,92882,83236.75,0.06241154026890977,0.19914516384359665
594,92883,109274.0,0.018372030790963494,0.05402103324154394
595,92886,127809.25,0.02409812459033725,0.0739552437831853
596,92887,141490.0,0.002774503704969372,0.007769168741016022
597,93001,68239.75,0.032346280577867745,0.09676097383279704
598,93003,81284.25,0.04314324892372658,0.13431366198095485
599,93004,91622.5,0.07564577590380747,0.24219357976653696
600,93010,95577.5,0.03119211253551027,0.09614862295616275
601,93012,105784.75,0.026054794784114637,0.07943285812718962
602,93013,82538.25,0.046618876924373505,0.14520466857973774
603,93015,72761.25,0.034109509066604454,0.09775787395775021
604,93021,114196.5,0.064388713176902,0.20403319200252673
605,93022,88768.25,0.09310841905297612,0.29935099337748344
606,93023,77675.0,0.03226297257834215,0.098321177927618
607,93030,75646.25,0.06346273710081042,0.2025589775761201
608,93033,67472.25,0.07472248865964008,0.23901909300139387
609,93035,89387.5,0.028903270598113363,0.0803763130555235
610,93036,77824.75,0.06662574579513987,0.21181936072278512
611,93040,58537.5,0.12897196300102312,0.40027681383266805
612,93041,64508.0,0.02204609436564454,0.06704911018493574
613,93060,63461.75,0.05866110019796871,0.18475802029064986
614,93063,95976.0,0.04395915016856453,0.13619726665248877
615,93065,100799.75,0.012422978201971116,0.03747498635619429
616,93066,112416.25,0.10130182775164633,0.31657615367240516
617,93101,61900.5,0.05927329976911555,0.18821101645589713
618,93103,91916.25,0.036275411582430514,0.09604774360890686
619,93105,99674.0,0.05864684322127365,0.18541634952047495
620,93108,161756.5,0.11445166265360614,0.38218213181916194
621,93109,98515.0,0.03790502304615787,0.1091436895009246
622,93110,90266.25,0.06823797897182603,0.2189883211140994
623,93111,116598.5,0.07578007211820248,0.24218266978922717
624,93117,69385.0,0.0763509996710232,0.24648664204518203
625,93201,35571.0,0.07315053280972494,0.16973743339539063
626,93202,50560.25,0.03552479375518011,0.1081942776696617
627,93203,40180.75,0.03374919754486178,0.10353795447522916
628,93204,46171.0,0.08090695926369573,0.24865137020786882
629,93205,22824.0,0.00473756792612019,0.013848588762859404
630,93206,41447.75,0.09313965446025886,0.30454495189649455
631,93210,61772.0,0.0308540101597644,0.09507267883039358
632,93212,41472.75,0.06833195644309262,0.21633617859487853
633,93215,44933.75,0.04377915398420867,0.136327817178881
634,93218,29497.0,0.16947279951981342,0.5356140422243013
635,93219,36167.75,0.13533202923659998,0.44656567041403894
636,93221,56978.25,0.10099274760166195,0.31383621629118863
637,93222,51860.0,-0.07930523044504469,-0.2248691185670541
638,93223,42430.25,0.07323594439431987,0.23448905109489052
639,93224,50270.75,0.13997232440007007,0.46434682080924855
640,93225,48183.5,0.06433587344578907,0.1992980172473908
641,93230,64066.75,0.04547963326017701,0.1426615918803419
642,93234,29170.75,0.12347501259829145,0.41033098476159263
643,93235,38517.5,0.08438589235468219,0.2690409975778236
644,93239,41875.5,0.21459236407305585,0.4262480699948533
645,93240,36506.0,-0.10608465058430816,-0.28616867019037373
646,93241,37971.5,-0.04472222061129358,-0.13541798646833744
647,93242,45759.75,0.007609341083705955,0.008895643816633513
648,93245,63161.0,0.05583921382193466,0.17610008025962243
649,93247,38067.25,0.09009080489952599,0.2884374362412195
650,93249,35719.75,0.028563097994737992,0.08500028494899413
651,93250,37132.75,0.03576252920995954,0.1109876965140123
652,93251,51023.5,0.12697679040780563,0.3873626373626374
653,93252,38584.25,0.14890722209728088,0.5139553167791391
654,93254,47163.0,-0.030796669503289204,-0.1275438983175373
655,93255,28764.25,0.1197944315467891,0.3266618094544208
656,93256,34890.75,0.16871207751786085,0.576835319256818
657,93257,44511.25,0.05690833454743895,0.17937536542584293
658,93263,47735.25,0.09536908654062633,0.30018857821339606
659,93265,65450.75,0.13409886944993846,0.39921609704178
660,93266,49871.25,0.03798720962235557,0.11605613030559352
661,93267,33337.0,0.06238530778602453,0.1833596336520313
662,93268,44572.0,0.011566030430889778,0.011622631726760138
663,93270,39310.75,0.05392410809170079,0.1379685386104995
664,93271,72190.75,0.012601899235649491,0.03807135208251141
665,93272,40004.0,0.07053711051089225,0.19656543537140553
666,93274,55576.5,0.059153032783915725,0.1854269041769042
667,93277,62554.0,0.054730266469526,0.1706021251475797
668,93280,39330.0,0.025353576076089804,0.07746889065395816
669,93283,29950.25,-0.08328103540433697,-0.3725405217994279
670,93285,30037.75,-0.000622922545420008,-0.00355454100766346
671,93286,42869.5,-0.009161961268619352,-0.03205535550377745
672,93287,97708.25,0.013067561449622326,0.031677942725584524
673,93291,63234.75,0.06132442507967394,0.19511385282141797
674,93292,63713.0,0.09076510894050328,0.29648745258243364
675,93301,32954.25,-0.03232873315767168,-0.09657743137919349
676,93304,41421.5,0.06204579643626439,0.19581649257256836
677,93305,32219.0,0.02899100226373465,0.08768360144973612
678,93306,55923.5,0.04685436488578142,0.14276861831975063
679,93307,41496.5,0.06314296991182214,0.19698644930703763
680,93308,45734.25,0.043128783458372934,0.1335578002244669
681,93309,52105.25,0.024700160520453884,0.07547987860155296
682,93311,97017.5,0.02267299434823108,0.06457976976273179
683,93312,98818.5,0.01832763663167687,0.0551427896126851
684,93313,80867.25,0.08122731191913563,0.26187864996024457
685,93314,112445.75,0.029455414271690957,0.08952163799681889
686,93401,75138.75,0.08384363847520863,0.2728791422409865
687,93402,79349.5,0.03261712461698698,0.10082069533345728
688,93405,47251.25,0.02899807023332898,0.08916708688693517
689,93420,88571.75,0.04277466260545268,0.1334575171253455
690,93422,82842.25,0.007851192984751029,0.02311382468382032
691,93426,86739.0,0.09723735308617794,0.2845074892879378
692,93427,97334.75,0.09537610567407928,0.3078982597054886
693,93428,75876.25,0.08281652949702469,0.2608003898747241
694,93430,68433.25,0.0714325481384379,0.22547457118962333
695,93432,93676.25,0.026133366113384644,0.07948317666987743
696,93433,69148.75,0.04765844150297446,0.13615676174030117
697,93434,52546.25,0.08853446392856239,0.2885297943167038
698,93436,63426.25,0.046065192706689344,0.14426947368421053
699,93437,66545.25,0.006154832905466992,0.012528027345281214
700,93440,69202.25,-0.013648282779133367,-0.05620651519605784
701,93441,102212.0,0.035669608373440014,0.09437644658899219
702,93442,73078.5,0.054920824876981154,0.17328048153857448
703,93444,90509.25,0.05652473132317287,0.17907524452668766
704,93445,67228.5,0.02200529240188058,0.0639903317271192
705,93446,73006.5,0.07626634905996989,0.24375133193290102
706,93449,89398.0,0.024327116589641356,0.07119075486062976
707,93451,66945.0,0.029256481474867643,0.087191053768868
708,93453,53195.75,0.17147367578035522,0.5752558699578567
709,93454,67177.5,0.056725719149218375,0.17981133596710475
710,93455,91474.0,0.05611732224830194,0.1778825648073551
711,93458,59756.0,0.07250065290489063,0.2312117275932455
712,93460,100031.75,0.07002084450012618,0.22105297276273
713,93461,58595.0,0.06697585955043893,0.18577426700825506
714,93463,98122.25,0.12317600651464626,0.4052787069365432
715,93465,97355.75,0.10254011162388717,0.33960363179479885
716,93501,39463.25,0.14719304397291438,0.5088293001962066
717,93505,47425.0,-0.024840571275847777,-0.07408097367113761
718,93510,105770.75,0.034780220247199685,0.10230784980938545
719,93512,46710.25,0.10006656312064738,0.27343286207427275
720,93513,55384.25,-0.03062931788323363,-0.0918997457319288
721,93514,63542.25,0.06639340652361546,0.20930436459922494
722,93516,52843.75,0.11671087337564894,0.37585314191574487
723,93517,67485.25,0.03618778874130729,0.09622523735996584
724,93518,44506.25,0.1411753301058584,0.4853159953716458
725,93523,63029.0,-0.00263993547341735,-0.007996965578278599
726,93526,48015.75,0.0884678335724395,0.26126126126126126
727,93527,74497.75,0.049763552876510804,0.1468420690130174
728,93532,71127.0,0.08662240769299084,0.2768861628424331
729,93534,42891.25,0.05530979139086961,0.1746353931739588
730,93535,47848.25,0.054861782155227266,0.17371212638575884
731,93536,82507.75,0.06082021964948512,0.19377819050145928
732,93543,54800.0,0.08471842150858626,0.2759260022248774
733,93544,50000.25,0.2591143191105027,0.6624920735573875
734,93545,40847.75,-0.06027422762421485,-0.18890079573177684
735,93546,69244.5,0.0579571959649832,0.1733684210526316
736,93549,60432.0,-0.0007363993389751083,-0.004331313131313131
737,93550,47572.0,0.09552897168632594,0.312369526094781
738,93551,94343.25,0.020260730412251796,0.061416216216216214
739,93552,67088.0,0.04996239529663343,0.15511926779532414
740,93553,58035.75,0.02057186290668359,0.03409817924022617
741,93555,69240.5,0.04343935682926051,0.1355713864444134
742,93560,62768.0,0.07622893799087116,0.2460283612325408
743,93561,66971.0,0.05970219174725316,0.18425293894577172
744,93562,38301.0,0.10433173645634856,0.3186502323701758
745,93591,49088.75,0.05171524592926055,0.16159367028405897
746,93601,64707.0,0.044503409946586185,0.12960963595262998
747,93602,65077.5,0.00023026037921504544,-0.00024528215112446536
748,93604,90023.75,0.06906055367375388,0.213444040576818
749,93608,37705.25,-0.029323876311129083,-0.08611083224575845
750,93609,49328.25,0.11362002941326738,0.3783829295869518
751,93610,55743.75,0.08725251420757467,0.28477841212469707
752,93611,95791.5,0.06230269303997219,0.19877773835818674
753,93612,46370.25,0.06735273869067049,0.21460716294768423
754,93614,71294.5,0.059922245319508204,0.18913197985229133
755,93615,44931.75,0.13636686711500742,0.46374376910578063
756,93616,40524.25,0.10840092819372542,0.3545884902754805
757,93618,46259.5,0.061424587541018656,0.1951951248095629
758,93619,119386.0,0.010049532002203685,0.02909922887890857
759,93620,45636.0,0.055029785595008596,0.17194708596177385
760,93622,39633.25,-0.03153112650415529,-0.09306823274133824
761,93624,34895.75,0.0788371387361425,0.24972798209344982
762,93625,58152.75,0.046405484406620186,0.14281859394113838
763,93626,91247.25,0.08604991204483829,0.2765212121212121
764,93630,53770.5,0.08017259809917052,0.22443911813607997
765,93631,69751.5,0.033858987334726885,0.10365686004949135
766,93635,61872.25,0.09526724331596285,0.30582561142336323
767,93636,91973.75,0.09367893210793034,0.3013087893698329
768,93637,59356.0,0.08852835008587882,0.28973126209129046
769,93638,47090.0,0.08427223402997767,0.2740159011889421
770,93640,33618.75,0.08212620267076023,0.2608971363727388
771,93643,59924.5,0.0031987957914112615,0.008884109521052196
772,93644,55864.5,0.06639384116540982,0.20611441717208207
773,93646,27996.75,0.042616337514802545,0.13216976488850188
774,93647,40588.25,0.10565707027091986,0.3303058236633771
775,93648,37920.75,0.10518941517559703,0.34770661593743396
776,93650,36449.75,0.053670102971585705,0.16746223564954682
777,93651,98802.5,-0.04730306617406287,-0.1407444241854983
778,93652,38872.75,0.028130510283665394,0.0849033848792646
779,93653,80311.25,0.14955202791703093,0.4664487707830041
780,93654,51959.0,0.07076674223777735,0.22658468370375115
781,93656,51961.75,0.03253093956868275,0.09732427016620172
782,93657,58976.75,0.06074411710106076,0.19338355960017903
783,93660,36897.75,0.0712891664845667,0.22597848407760443
784,93662,44502.75,0.0551219381833968,0.1701690107552299
785,93664,107397.0,0.05765849148571648,0.17740799436520513
786,93667,66025.75,-0.13120171404527123,-0.3523377520562051
787,93668,52917.75,0.14614389687898457,0.4747082575320584
788,93673,45613.75,0.09544904130505022,0.3124889640037333
789,93675,65903.0,-0.04459692711659576,-0.15083333333333335
790,93701,23558.5,0.05966511440496667,0.18721356553620533
791,93702,29157.5,0.0692108186213692,0.21963882618510158
792,93703,33113.75,0.04606619052707833,0.13832548303374026
793,93704,60182.5,0.03828820989301174,0.1183920801846078
794,93705,42345.75,0.06700309359783431,0.21383020600971
795,93706,32189.75,0.03986109002513467,0.12203857654519765
796,93710,52666.5,0.034237613470766905,0.10611042059259854
797,93711,75583.25,0.0439292767633536,0.13608075182735815
798,93720,89848.0,0.03588538612743396,0.11105727184626657
799,93721,27039.5,-0.025636352534058816,-0.0833922261484099
800,93722,61623.75,0.07334119786696162,0.23534661240808166
801,93723,86701.75,0.04630361712605951,0.14334768099821057
802,93725,50172.25,0.09595643071377896,0.31631737560100304
803,93726,42596.0,0.07559723634780387,0.2438922856771172
804,93727,60018.5,0.06407880774952053,0.2044741333431209
805,93728,38625.25,0.09739149755530363,0.31381429024720914
806,93730,123104.25,0.046265272160431324,0.1450017955522856
807,93901,68865.5,0.09255097211911724,0.3035298035298035
808,93905,55476.5,0.08711125676563646,0.28262751968424654
809,93906,71997.25,0.07215934881331128,0.23021946842936675
810,93907,83450.0,0.05081761183907226,0.15950759559979047
811,93908,141809.75,0.05481830428198705,0.1658333702048582
812,93920,55624.5,0.09276750632682045,0.21113801452784503
813,93923,102819.5,0.039673259699902916,0.12139810129229225
814,93924,118562.5,0.11501443988313993,0.3657107497147719
815,93925,52880.5,0.02252806747805469,0.06277479237909135
816,93926,66759.0,0.09083334889455125,0.2955839709324669
817,93927,61259.0,0.06192812741391884,0.19713916971391698
818,93930,56128.75,0.10476560436566763,0.34525664194761224
819,93932,51733.0,0.261173505763909,0.530705872883857
820,93933,71462.0,0.07424633543678585,0.2378121101030483
821,93940,86060.0,0.037068824958766296,0.11439118901805469
822,93950,88026.0,0.044427851239763554,0.13792681434340961
823,93953,141786.75,0.0015903318418633086,0.002706760404786996
824,93954,60044.75,0.06135152480649927,0.1752136752136752
825,93955,66978.75,0.06343641442088284,0.20214826267393604
826,93960,63128.5,0.03253980823253648,0.09901493701361455
827,94002,156323.75,0.09435625704130973,0.30599350325952024
828,94005,114793.25,0.03476824517342207,0.10718298119088175
829,94010,156748.5,0.06052707974897157,0.19218053659178963
830,94014,94989.75,0.04429721061242282,0.1374603674304603
831,94015,98365.75,0.05475891940610178,0.1733500417710944
832,94019,134444.5,0.039646521683786344,0.11908034385445555
833,94025,166552.0,0.06708131202683314,0.2146431428023718
834,94030,129186.25,0.05616724693688113,0.17311441679871903
835,94037,129210.75,0.2745134301228655,0.840006217662603
836,94038,122996.5,-0.06373347985736177,-0.19091368905333028
837,94040,140364.5,0.059431404474664384,0.18644920580858904
838,94041,144720.25,0.0739415226815875,0.23858966039368376
839,94043,142510.0,0.08306666872647217,0.2698783315861368
840,94044,127452.5,0.06196063561234597,0.19704676389681838
841,94061,117158.0,0.07529765702601883,0.24288002426241317
842,94062,181057.0,0.08723605597055357,0.28262641452211107
843,94063,80741.25,0.09714355481883051,0.3158498698536203
844,94065,172529.25,0.04043473671548628,0.1252542991237888
845,94066,110537.0,0.04887155822143228,0.15346636494548446
846,94070,188572.75,0.06197749412647687,0.196828791965033
847,94080,105471.75,0.053061849433131185,0.16590836402653544
848,94085,137006.0,0.09776695458652256,0.3152271086201561
849,94086,144019.75,0.07909809055441606,0.254856248838218
850,94087,165074.75,0.05192645979315938,0.1639614208421548
851,94089,124737.75,0.06720602109639687,0.21492682926829268
852,94102,49408.5,0.10229296460489588,0.33591490378869365
853,94103,78377.25,0.18277590834983495,0.6336578093484171
854,94104,50928.5,-0.056242249062114,-0.1914994589874523
855,94107,162038.75,0.0312361087348804,0.09197678978537863
856,94108,63934.0,0.01699699822825401,0.05177488620462258
857,94109,96478.5,0.056537347228412894,0.17928053006445205
858,94110,135249.0,0.05247412652168849,0.16477309509937205
859,94111,127081.25,0.07460256392358758,0.2288714861255715
860,94112,100561.75,0.08097066801494042,0.2623244362374797
861,94114,162433.0,0.0291366574929476,0.08941118989913276
862,94115,125357.25,0.06378171469861936,0.20209198825978278
863,94116,119540.0,0.07821457216007789,0.2511917040671257
864,94117,166127.0,0.04818838271705298,0.14695767108784713
865,94118,125776.0,0.08074262053496484,0.26155004718008273
866,94121,105578.75,0.07193346129072503,0.230796750704996
867,94122,121133.75,0.06147732543727149,0.19251507659182351
868,94123,170930.75,0.093947941650821,0.3090318055518088
869,94124,63396.5,0.05701614680738929,0.17685091949758863
870,94127,171917.0,0.04604065486695538,0.14292940149972813
871,94129,199465.75,0.06001085919159236,0.1884532833428424
872,94130,63931.5,0.13754401856228146,0.40658280141543773
873,94131,160870.75,0.09654608958276978,0.3162483123067319
874,94132,83772.0,0.08475993756355193,0.267000957040991
875,94133,69013.25,0.021184539229413057,0.06364221460537936
876,94134,82522.5,0.06959388334334116,0.22090018234530165
877,94158,157890.0,0.017814488958711027,0.05431253552133893
878,94301,166770.75,0.06378377183953828,0.20294276440321857
879,94303,115970.75,0.08964195507265427,0.2894097222222222
880,94304,138535.5,0.06201795233355434,0.19604481292716724
881,94305,61098.0,0.07169267430460431,0.23001482077836533
882,94306,159668.75,0.09414095489053272,0.30293882250523035
883,94401,95405.0,0.054264080753395234,0.16914864986094913
884,94402,164573.5,0.0337610146230872,0.10065902320122777
885,94403,137460.75,0.0691030297976738,0.22103284718637067
886,94404,153734.25,0.051194352660933286,0.16137349852210553
887,94501,95619.75,0.04273785884693541,0.13296349519321815
888,94502,161648.0,0.10758414790010744,0.3539081466293615
889,94503,106723.25,0.0636026400340854,0.20251000030535282
890,94505,128048.5,0.06515429779461952,0.20318846377971247
891,94508,100155.0,0.0912632646696102,0.2801926288577246
892,94509,66363.0,0.057393372132608374,0.18223968695023102
893,94510,106767.5,0.06166080283457744,0.19494643218111987
894,94511,53657.5,0.33528143727158577,1.0676528955439293
895,94513,112086.5,0.06575194696593113,0.20891513459002406
896,94514,75357.5,0.0545437136682429,0.1601264537834624
897,94515,84839.0,0.002727182391701964,0.008047619047619048
898,94517,145786.5,0.0016725953395725194,0.0035238977373233697
899,94518,97535.75,0.04245918778134301,0.13038620615566418
900,94519,100017.5,0.09229305467030574,0.30200451656461713
901,94520,64626.5,0.07931427468857212,0.2549081254803326
902,94521,105030.0,0.05064210837285793,0.15481749492325614
903,94523,120345.25,0.06078878626445979,0.19343904874451498
904,94525,84736.0,0.08497787672631509,0.27591434781442026
905,94526,158326.0,0.06974501891069147,0.22414446800443738
906,94530,107592.5,0.050731921219488385,0.15842287452228024
907,94531,103148.75,0.03204437584283001,0.09748311089141538
908,94533,73821.75,0.05548840480439513,0.1752172236885027
909,94534,115584.25,0.03141138658826873,0.09675788409277634
910,94535,70220.5,0.04904747664759565,0.1530791517692023
911,94536,127627.25,0.06209260644794166,0.19747189325009218
912,94538,117191.25,0.07267769416541897,0.2337312392240364
913,94539,184209.0,0.05503758883473267,0.17426830556827386
914,94541,82490.0,0.07426968957319248,0.23765962013091532
915,94542,116827.75,0.040994217014361026,0.12103690588170199
916,94544,85704.25,0.0853915633442968,0.2783593249305704
917,94545,90863.5,0.06662246978151452,0.20588942886012607
918,94546,100426.75,0.06854028378747003,0.21917104673652923
919,94547,113071.75,0.01205969753167734,0.03302074658749412
920,94548,126283.75,0.10888575418756839,0.28289768211012944
921,94549,178459.75,0.06107226889674072,0.19216959199914777
922,94550,144200.25,0.0734683538434563,0.23680195538119037
923,94551,116907.0,0.009105542427397553,0.026159481046732273
924,94552,169627.25,0.06644090089091603,0.21040173538080137
925,94553,104563.25,0.046030330262760516,0.14406631132921638
926,94555,157000.25,0.07692095977014836,0.2476378091251275
927,94556,153050.75,0.03905989993769344,0.11390418428962838
928,94558,95455.0,0.04825293695261703,0.15185039148312962
929,94559,78119.5,0.05159788360980728,0.15994169572798606
930,94560,124166.75,0.10024643963814021,0.3312041855778741
931,94561,102481.25,0.05496906208518104,0.16997273164732932
932,94564,100082.0,0.04904950935069027,0.1509890061371363
933,94565,75522.25,0.0731133683322614,0.2350675795313699
934,94566,162697.5,0.03920908066559625,0.12180187918065641
935,94567,56416.25,0.027772434848514767,0.07383406113537118
936,94568,151554.5,0.06887876272280659,0.21512948659700137
937,94571,69325.25,0.0324106697204121,0.09917651806130531
938,94572,77239.5,0.07456605734244302,0.23972888575498985
939,94574,100963.0,0.0933930814094715,0.30559515124305514
940,94577,85065.0,0.09138066236393001,0.29758656034930314
941,94578,67810.0,0.08905235102780855,0.2889194769442533
942,94579,88050.25,0.0494651350399897,0.15261491483849976
943,94580,95845.0,0.03022599859487945,0.09251643832603963
944,94582,176175.5,0.060298090531223654,0.18838315563944294
945,94583,155028.25,0.03234112227617363,0.09987320717674647
946,94585,82320.25,0.030275617703963326,0.09206349206349207
947,94586,149387.0,0.11932542095655656,0.39201070336391436
948,94587,117182.25,0.06636547670366925,0.21223731128138987
949,94588,154205.25,0.04104301808423223,0.12774577319444347
950,94589,70405.75,0.05684326974109174,0.18029602220166513
951,94590,55048.0,0.06649553805217003,0.212821340651358
952,94591,88301.75,0.05743581820323421,0.1822272772228266
953,94592,143298.25,0.07191028612340163,0.17197699166857874
954,94595,78482.0,0.04719229330056609,0.14779827331499126
955,94596,113023.75,0.0748628533703241,0.2416772830069426
956,94597,118029.25,0.08338969972806907,0.2710448894372212
957,94598,156313.0,0.03959418462348437,0.12285504305084517
958,94599,67519.0,0.02804848033862113,0.08093578123789605
959,94601,51339.25,0.055052686744686226,0.17386290839205637
960,94602,102108.75,0.08315981460532211,0.2694212505928679
961,94603,54784.0,0.05798700435359786,0.1837925190177762
962,94605,75707.5,0.06320289029173791,0.20176009958458177
963,94606,59905.5,0.08203118052558132,0.26528959855389017
964,94607,57898.75,0.09704433856320542,0.3202855490637899
965,94608,93005.75,0.08636099248387663,0.28136744287216175
966,94609,90563.0,0.07661762604620112,0.24688226326443904
967,94610,104961.75,0.06788796046195648,0.21564733505032013
968,94611,134419.25,0.05728385925751064,0.18152679482338954
969,94612,57901.5,0.0871621702942809,0.2848684468493903
970,94618,166508.0,0.03410625599637282,0.10465295037023752
971,94619,100193.5,0.09804739728715019,0.3226253567060742
972,94621,42242.5,0.07115913020263888,0.21797828509237904
973,94702,82945.0,0.03218658947028734,0.09923488612704211
974,94703,85643.0,0.07195253775310045,0.23124813937534786
975,94704,40788.0,0.14820977268451055,0.49504445648363554
976,94705,132221.25,0.05858431407992907,0.18408005345696632
977,94706,103857.5,0.08110996911801098,0.2633969515657073
978,94707,161800.0,0.0708120126746548,0.22485762773257492
979,94708,181188.25,0.0777679723618433,0.24954330238974015
980,94709,74640.75,0.03910957086856379,0.12129258868984896
981,94710,88200.75,0.16439846682459883,0.57217843866171
982,94801,61757.5,0.1210523071409541,0.4064756580479851
983,94803,93446.0,0.06058036927222616,0.19269110782726995
984,94804,62645.0,0.08750437624982654,0.2847968803105379
985,94805,87382.5,0.06674259968737635,0.21328422656845314
986,94806,66711.5,0.07935638186997411,0.2569169296890739
987,94901,95694.25,0.0653612688412114,0.20813760786330648
988,94903,106768.0,0.026804156230315766,0.08233362798333123
989,94904,137134.25,0.03473924073878173,0.1049203326986672
990,94920,183209.25,0.07306078557369618,0.2249012404321971
991,94924,76176.0,0.15591106507005867,0.529247722548042
992,94925,158447.0,0.07888676939236876,0.24442532201345646
993,94928,74880.0,0.07562990202812005,0.24426231968898696
994,94929,148056.25,0.1723621320139053,0.5552528159031686
995,94930,108543.5,0.03012397100366043,0.0923977164605138
996,94931,84378.0,0.0756789576348356,0.2435912519445207
997,94933,100091.25,0.15030751678687018,0.5184491572607177
998,94937,80688.25,-0.015210401883952231,-0.05821260991761456
999,94938,106385.5,0.06749301324546667,0.12468974231689156
1000,94939,128249.0,0.11961317366055352,0.4028209798701602
1001,94941,162135.75,0.08122431281615136,0.2629084765319158
1002,94945,114170.25,0.013658086742235823,0.02930702372562838
1003,94946,115208.25,0.02789529622292601,0.006024096385542169
1004,94947,111535.0,0.05906630121699407,0.18574570794565345
1005,94949,96838.5,0.06235898198887648,0.1966819107387255
1006,94951,97044.25,0.024715388405644703,0.07512270785967745
1007,94952,92043.0,0.06486500420979881,0.2060350115604209
1008,94954,95288.0,0.03464823767416345,0.10732474618033021
1009,94956,73488.25,0.024739320276382315,0.07147747301568805
1010,94960,141932.25,0.06358063096248535,0.2011521658872754
1011,94963,138005.75,0.14096904536420451,0.4704344086021505
1012,94965,110696.5,0.06693255012698342,0.20929378094059406
1013,94970,117387.25,-0.04340913645078479,-0.13241839148922088
1014,94973,93729.5,0.32133585478980925,0.7408886116309698
1015,95002,99519.5,0.06476335315182236,0.2058428878440442
1016,95003,111262.0,0.10087357416706855,0.33367494824016564
1017,95004,111907.5,0.03269090606633554,0.10120041113845747
1018,95005,90007.75,0.012251535592244789,0.029747154919236417
1019,95006,106187.0,0.10117801696049311,0.3341062909131255
1020,95008,122026.75,0.036904746252616166,0.11279914770512676
1021,95010,79116.0,0.020469241494711715,0.04769344215170414
1022,95012,63577.5,0.08531546314669552,0.27134522297682806
1023,95014,176910.75,0.07317658281383026,0.23507938383467764
1024,95017,66523.25,0.07750313182252315,0.2105379501997379
1025,95018,105854.0,0.01469034620606112,0.04340123136556288
1026,95019,53552.5,0.10866752531348368,0.3443459750640775
1027,95020,106075.0,0.06956651185339657,0.22338749230399985
1028,95023,87616.0,0.04482346062623057,0.13768681351659565
1029,95032,151734.75,0.06460185122602041,0.200606627255527
1030,95033,167500.5,0.001246097680702105,-0.0020762993814229737
1031,95035,135870.0,0.060893826111504214,0.19325896605493584
1032,95037,128504.5,0.049854548622092404,0.15597696584590945
1033,95039,44032.0,0.029677454394173148,0.05573873071646892
1034,95041,79032.75,0.49846840837751466,1.5225263380803642
1035,95043,90188.25,0.13342230254770254,0.407223232935786
1036,95045,86425.75,0.08497032634259223,0.25404409870691874
1037,95046,121227.0,0.0487802548723015,0.15348052338166043
1038,95050,98763.75,0.06500718785073194,0.20747817085246198
1039,95051,142705.75,0.0866992521979399,0.2824968132568515
1040,95054,157630.5,0.05122100206704683,0.16071778448899068
1041,95060,82706.75,0.0950361110004558,0.31270895992166187
1042,95062,83324.75,0.07461260499633655,0.2395322774469694
1043,95064,73547.0,0.3358389183650929,1.3180592991913747
1044,95065,108608.75,0.09699852944689995,0.3178422336676606
1045,95066,114615.5,0.07606056644046622,0.23429739994157173
1046,95070,198543.0,0.07910506360119902,0.25527420202100076
1047,95073,95982.75,0.06010412003556755,0.1899353761827963
1048,95075,103142.25,0.2927871207785498,1.034656880733945
1049,95076,72074.5,0.08384696303390445,0.2710108004188874
1050,95110,100270.0,0.11140193972824415,0.36257616906680057
1051,95111,75076.75,0.05542557290847456,0.1756543403004099
1052,95112,71811.0,0.09489024523869898,0.31061417322834645
1053,95113,128428.5,0.009367363286241881,0.020512610547002947
1054,95116,68379.25,0.07849313080971394,0.25444088406868787
1055,95117,99801.25,0.057547086444406564,0.18199831412087972
1056,95118,119250.5,0.06677281905958597,0.21396273015106637
1057,95119,125227.75,0.04177610927156484,0.1264035904818359
1058,95121,109554.5,0.04731423149620154,0.14857682423487267
1059,95122,81860.25,0.07427476632669033,0.2397667193546629
1060,95123,119079.5,0.03271274997181297,0.10131390221875941
1061,95124,155700.75,0.0488953954785318,0.15282551856370927
1062,95125,121344.0,0.032630567489778016,0.10062720636117489
1063,95126,104128.5,0.07752320876675033,0.2508406259430099
1064,95127,101629.0,0.06261488859628854,0.19982903948322314
1065,95128,96805.75,0.06253350747586173,0.1994841319440499
1066,95129,153348.25,0.04203318335110698,0.1310303257051402
1067,95130,137548.0,0.09593323327435448,0.31513026467394456
1068,95131,134785.0,0.07614717960309487,0.24531328403267333
1069,95132,126671.0,0.0879138580440524,0.2873242969638874
1070,95133,94510.75,0.10294651062114417,0.33941105871228194
1071,95134,152559.0,0.06164624227743948,0.19540262829791197
1072,95135,157711.75,0.07924898937811696,0.2557057762872638
1073,95136,116985.75,0.0794305140426321,0.2570799454765559
1074,95138,173084.75,-0.0003468964136947329,-0.004916727260136422
1075,95139,145237.75,0.03535086571620246,0.10112592439058694
1076,95148,141455.25,0.056954165436113036,0.1803991260462826
1077,95202,15888.0,0.05715741728683272,0.172051919359293
1078,95203,45327.5,0.05071072062266707,0.15902730869439352
1079,95204,54886.5,0.09101719399194913,0.2976155798759935
1080,95205,39942.0,0.11527722230389648,0.3720177807787531
1081,95206,53387.25,0.07030664127929796,0.2246053815326736
1082,95207,52467.0,0.11521964821195774,0.38691245493503845
1083,95209,83480.0,0.040336370624108324,0.12583192829887302
1084,95210,47949.0,0.06391828243896415,0.20340927340720857
1085,95212,95157.25,0.03956885145638378,0.12178774751071696
1086,95215,48228.0,0.042211028974545144,0.13100810971187446
1087,95219,83191.0,0.0030919015025773,0.008894872226362477
1088,95220,87140.5,0.07993319870524591,0.2513977716101524
1089,95222,54367.75,0.02970113510813456,0.09009543116142975
1090,95223,63796.25,0.10570207721346396,0.32147311646721727
1091,95227,97425.75,0.028410427503559973,0.08750995287180702
1092,95228,83759.0,0.021953832851245757,0.06723168042029093
1093,95230,93405.25,0.08787091142280212,0.27655658331281724
1094,95231,53762.25,0.24168448014800847,0.8591868741705875
1095,95236,75759.5,0.026987264645374782,0.08137873395880513
1096,95237,66386.0,0.10867048908473975,0.3584801566114967
1097,95240,53875.5,0.10376103731703529,0.3446198363169146
1098,95242,74477.75,0.05582463555651768,0.1765751847371413
1099,95245,61851.0,0.15976858757593562,0.5277805808391693
1100,95246,60655.25,0.2152725742144205,0.7341268873332195
1101,95247,54188.75,0.06049059425456168,0.19236402099182295
1102,95249,35319.25,-0.0175888654565404,-0.06722618548048678
1103,95251,73059.0,0.28097599315990557,0.8794472816711361
1104,95252,78721.75,-0.0009506147895177499,-0.005130331139555372
1105,95254,102835.5,0.014761826068819177,0.044129173074061216
1106,95255,42924.0,0.21446537233210258,0.7419579607478806
1107,95258,98313.25,0.1033250547154489,0.3270224528940539
1108,95301,60282.25,0.026051491280959006,0.07909703080841561
1109,95303,94241.25,0.3724583459648411,1.3871750196440162
1110,95304,95007.5,0.049343923549443704,0.14653099192304203
1111,95306,46636.75,0.0893681362117242,0.21021770047040805
1112,95307,59958.75,0.06294556884367754,0.2005514199062586
1113,95310,38516.75,0.026809878276231672,0.05642120804661341
1114,95311,43727.0,0.04459316602855429,0.1172602988187816
1115,95313,48726.5,0.059673888834539536,0.11659696648149304
1116,95315,61161.75,0.06303615620341291,0.201200824446635
1117,95316,78440.75,0.11857264679370301,0.39630215483793946
1118,95317,47465.75,0.096452329376911,0.25387695114534764
1119,95319,34746.5,0.09111051505043005,0.2923330794617923
1120,95320,66936.5,-0.008699371194249973,-0.027895676609197083
1121,95321,55372.5,0.045048926587806126,0.14086850106124635
1122,95322,56480.75,0.021334596707984377,0.05863743789195526
1123,95323,73498.5,0.081340880889316,0.26353846153846155
1124,95324,65259.0,0.01711244675874213,0.04482280481119603
1125,95326,79339.25,0.0586654168570012,0.17423806785508913
1126,95327,51053.5,0.026380326487142437,0.0293034032209055
1127,95328,51800.5,-0.004723574906405625,-0.03282487318906689
1128,95329,57838.5,-0.01096179046689194,-0.03670982231323073
1129,95330,88723.75,0.06729681156900015,0.214804706229484
1130,95333,51350.75,0.038161512512775886,0.11714666393358614
1131,95334,58789.25,0.09457067357950628,0.3085647616861755
1132,95336,68094.0,0.06741117204155987,0.2149385843943427
1133,95337,85472.0,0.04313584045639279,0.13489564535600054
1134,95338,52783.75,0.015944909750718193,0.04803889414079833
1135,95340,56883.5,0.01741338410463034,0.05250583893455045
1136,95341,42803.5,0.08167136968122338,0.26020751920226387
1137,95346,88070.25,0.22296757386500654,0.5195746959381933
1138,95348,49649.25,0.05828949211123249,0.18502046686580373
1139,95350,55708.0,0.07616789099393446,0.24628752608765453
1140,95351,44323.5,0.07580265546846854,0.24081922634067468
1141,95354,51686.0,0.035609226339827445,0.1104177640909275
1142,95355,68031.75,0.032320440959972684,0.0986272663771373
1143,95356,74520.75,0.057105457113731196,0.18015692156806185
1144,95357,77146.25,0.09521827496905864,0.3113615336781278
1145,95358,62095.25,0.031136770370034515,0.09603403229048034
1146,95360,64218.0,0.04754389466941844,0.14830158782557026
1147,95361,72448.75,0.08178707432095765,0.26226538039764147
1148,95363,73717.0,0.07956936969608686,0.253537204481961
1149,95365,41152.75,-0.003610683797632843,-0.031074155948553055
1150,95366,87171.0,0.03600308963662962,0.11006995166328191
1151,95367,71474.0,0.03993560069062127,0.12136509904643816
1152,95368,81592.0,0.06383625438742242,0.19900647297907573
1153,95369,57135.5,0.06939485057725749,0.17522051282051282
1154,95370,60253.0,0.054560108475921486,0.17186938716861844
1155,95372,81828.75,0.04283148710841808,0.13389072221425125
1156,95374,49926.0,-0.0029236295068450213,-0.01241539508991149
1157,95376,83514.0,0.05989101105236764,0.189795570475079
1158,95377,116135.5,0.06991796039515255,0.22461948249619482
1159,95379,60347.5,0.010588305153204391,0.022821209733189664
1160,95380,48610.75,0.05546060437419816,0.17263240452277728
1161,95382,74457.5,0.049498281632160974,0.1556368330464716
1162,95383,74946.5,0.08510494165751607,0.25596070751344463
1163,95385,61696.25,0.05450980427648269,0.10103249139590503
1164,95386,61927.75,0.0556896392216325,0.16957405730492575
1165,95387,47480.25,0.13336040216586184,0.42223167801361633
1166,95388,48069.75,0.05017624077773103,0.15797607848407472
1167,95389,49111.25,-0.1454458141497605,-0.3937260733381846
1168,95391,146008.25,0.06043761202486,0.18148165179803183
1169,95401,76125.25,0.07424147479360114,0.23683460147374424
1170,95403,78611.5,0.04544850078085196,0.14235317969858755
1171,95404,83420.75,0.04735168787326366,0.14841754508797178
1172,95405,92154.75,0.0582954049153255,0.185219432392062
1173,95407,67053.5,0.08006897523484684,0.2596421603775158
1174,95409,78341.75,0.04884766612832353,0.15176301239019008
1175,95415,43839.0,0.02861182841063943,0.07823279025392632
1176,95421,58782.0,0.022181802448374033,0.0653018823992979
1177,95422,33952.5,0.09736727849052418,0.31841480615088236
1178,95423,45886.0,0.007725839116619608,0.022169420098182062
1179,95425,79333.0,0.10445084182588586,0.34540800832935664
1180,95426,82928.0,-0.017739417214391717,-0.09440640241306754
1181,95427,38758.5,0.28013758454271104,1.0449740932642486
1182,95428,40495.25,0.07852477762069691,0.2508168831519538
1183,95436,70154.25,0.06692021799084454,0.20747057712883127
1184,95437,49155.25,0.062417592503623526,0.18301224008901884
1185,95441,106010.0,0.13470397064488354,0.45959560786498593
1186,95442,136337.5,0.09760572425110524,0.3174035289304398
1187,95445,60917.75,0.07848589587699449,0.24543368844149607
1188,95446,70296.25,0.09059611657051754,0.2950246071843168
1189,95448,95259.5,0.037972790212728744,0.11756707052017967
1190,95449,56081.0,0.11997447649335173,0.4028756695799267
1191,95450,75663.5,0.33461747996007735,1.0636215611112996
1192,95451,54050.75,0.031406651886785215,0.09648526297382891
1193,95452,97684.0,0.15478975099999034,0.4729596070986005
1194,95453,54731.0,0.14165186133566232,0.48255140615781306
1195,95454,36082.5,0.02023706015310857,0.05988645205913715
1196,95456,33334.25,-0.1933450986418982,-0.4923747768916202
1197,95457,44852.5,0.057693879852631046,0.10410277662660589
1198,95458,45352.75,0.03138402471915968,0.08713533274008514
1199,95459,54340.5,0.06326712861839254,0.19379267048575688
1200,95460,65203.75,0.03515761815557943,0.08140977910151402
1201,95461,52918.5,0.19303630348752732,0.6757396449704142
1202,95464,50892.0,0.09203893232985359,0.2984573221942271
1203,95465,67436.0,0.11074732512501113,0.35574534689849946
1204,95466,47092.0,-0.08916564824751015,-0.27251866509253564
1205,95467,69720.0,0.07058172220452767,0.21663195759182127
1206,95468,63550.75,0.19090225703372754,0.6703194458802854
1207,95469,54912.5,0.03451930801940246,0.100664767331434
1208,95470,65516.75,0.050500587211457136,0.15445686900958466
1209,95472,94522.5,0.052693176535147455,0.16607004423366317
1210,95476,85397.5,0.08046886261180176,0.2610339982403383
1211,95482,54644.5,0.05885455461024627,0.18698
1212,95485,48608.75,0.16835571509470393,0.5816398037841626
1213,95490,49366.5,0.0844565498343734,0.2703348150950534
1214,95492,112699.0,0.08016550609124716,0.25952311572431946
1215,95493,65203.25,0.026566718819956755,0.08121414913957935
1216,95497,80215.0,0.01860272595987034,0.053631142310146776
1217,95501,44614.5,0.035507622872753594,0.1076235294117647
1218,95503,56590.75,0.06680902547413216,0.2137693832342311
1219,95519,56686.0,0.05067793177371718,0.15768224724212443
1220,95521,40370.75,0.06524622732605191,0.20717871903691992
1221,95524,66321.75,-0.02752208746551058,-0.09221960805646598
1222,95525,49507.0,0.03148176906139473,0.09675690738001844
1223,95526,33267.75,0.07519744562296467,0.23333333333333334
1224,95527,42951.75,0.027257114487733092,0.07911123690914237
1225,95528,64520.5,0.10238692507075357,0.3370311111111111
1226,95531,47921.5,0.03998608339919567,0.12084611728101638
1227,95536,56532.75,0.07126609624540911,0.21696095208462973
1228,95540,48483.25,0.054480473910715414,0.16668826400587447
1229,95542,30521.0,0.02768354163033789,0.062308806955401703
1230,95543,37252.25,0.08167779317670998,0.20856226467717195
1231,95546,34518.25,0.09568023798098486,0.20122181818181817
1232,95547,57399.5,0.02744760000131626,0.07958328085359051
1233,95548,39019.0,0.06066352908318432,0.18704498269896194
1234,95549,73479.25,0.025615184044285474,0.07872965417417588
1235,95551,60276.0,0.08685259045098472,0.28351263259038756
1236,95552,22312.25,-0.12377346412450195,-0.3300931401537552
1237,95555,34479.25,0.04819070450977286,0.1396378144188511
1238,95558,50823.0,0.07562261724660004,0.08125
1239,95562,38628.5,-0.0017921926579611558,-0.017516438503826667
1240,95564,42668.0,0.03270113999309268,0.09917575757575757
1241,95565,39604.5,0.06070174301642876,0.10936980697941966
1242,95567,70001.5,0.21142569860952334,0.7177745494522754
1243,95570,53955.25,0.07319595908068305,0.21929346768859667
1244,95585,22829.0,0.05008723683232438,0.14751147511475116
1245,95602,81974.0,0.056318864515832366,0.17509695856297203
1246,95603,71167.75,0.054017557105032234,0.17049432641236117
1247,95605,54930.5,0.11435275301205161,0.37834389299542415
1248,95607,87920.0,0.2684863609371847,0.8843310624728221
1249,95608,66905.5,0.06595060866152358,0.21034555723749532
1250,95610,63770.25,0.05430143345574767,0.17162300102075537
1251,95612,106463.75,0.18788266603787548,0.6728652037617555
1252,95614,104035.0,0.05184366106335647,0.163006765427536
1253,95615,59034.5,0.028420757635679514,0.0839071971973691
1254,95616,58938.75,0.07835932413653383,0.25324171351770874
1255,95618,98098.25,0.044513279923470477,0.13846170472598374
1256,95619,63637.0,-0.026802045117664094,-0.09436361485687249
1257,95620,81501.5,0.02929027309295586,0.08724496983824076
1258,95621,64358.25,0.04571636486674022,0.14328313202553064
1259,95623,71982.75,0.0967075404685717,0.2846896770107663
1260,95624,98028.5,0.050818391433588156,0.1590610083613313
1261,95626,78346.0,0.06394997792339664,0.1988412514484357
1262,95627,78085.25,0.1029526852880835,0.34006861218999834
1263,95628,89449.25,0.0738203729200659,0.23663445559180157
1264,95630,117684.0,0.053335411705720724,0.16773389605428315
1265,95631,83294.5,0.041180210751757436,0.12836708860759494
1266,95632,77230.0,0.029992710897930746,0.09239789729074
1267,95633,73466.75,-0.02217852504530127,-0.06746725478066755
1268,95634,59530.5,0.06295428454889941,0.15840630959213522
1269,95635,60287.5,0.03770618768604242,0.11323166203215945
1270,95636,57948.0,0.18075982840726712,0.5688961805486085
1271,95638,85679.75,0.0975134684718945,0.2048834355828221
1272,95640,70289.5,0.04006050494608466,0.12298366230501959
1273,95641,42195.5,0.08442754224609283,0.26583992201884543
1274,95642,62389.75,0.09171514238138678,0.2965521072513147
1275,95645,45217.0,0.09167589294940227,0.2932098765432099
1276,95648,87814.5,0.04908897669429999,0.1525711543430913
1277,95650,101905.5,0.04881355550023004,0.1522664022264163
1278,95652,36151.75,-0.17673718966006127,-0.4686439024390244
1279,95655,96467.75,0.09804154943805571,0.30461130999809216
1280,95658,98854.5,0.091920070531967,0.291057126635339
1281,95659,58222.25,-0.025683961423738456,-0.08737864077669903
1282,95660,49371.5,0.07244599680572388,0.2304094599364631
1283,95661,88908.0,0.05080132764619479,0.1592647288357406
1284,95662,80260.25,0.038196665562388786,0.10952264946854205
1285,95663,110783.75,0.0630903773571824,0.19419064364334862
1286,95664,76749.0,0.05195974991753521,0.16164958774210592
1287,95665,73306.5,0.0701954056854215,0.1413845376452754
1288,95666,65394.0,0.07340409293211705,0.22787262380433468
1289,95667,73423.25,0.04051023985582929,0.1264058292412482
1290,95668,69229.5,0.046189899522720256,0.1310757281553398
1291,95669,78659.75,0.042960010881408404,0.1218881804109803
1292,95670,70633.5,0.06872938347266033,0.21948320572980984
1293,95672,108552.75,0.04372159301027498,0.13595133819951338
1294,95673,71637.75,0.08910061711802941,0.2879847933039422
1295,95674,98062.75,0.10343950600487128,0.3074688598273842
1296,95677,89587.0,0.028917203853082135,0.0882731514468936
1297,95678,76922.5,0.07513714983279436,0.2409363402797602
1298,95681,53598.25,0.09354555411585357,0.24152018290169033
1299,95682,90167.75,0.03738778210257353,0.11241922432558722
1300,95683,114872.0,0.07344886817170183,0.22808324409888728
1301,95684,61307.75,0.05942741085414214,0.12845104133769925
1302,95685,57939.5,-0.026477213032489202,-0.07835808715521463
1303,95686,36641.5,-0.06000196601264013,-0.21927775344332506
1304,95687,88862.0,0.05281019769237697,0.1662907851837325
1305,95688,97017.5,0.06587489140314015,0.21035058430717862
1306,95690,61758.5,0.056982564251646016,0.17542656112576957
1307,95691,79495.0,0.05853662773394732,0.18593164217497196
1308,95692,77613.75,0.041731564752836035,0.12289986906484736
1309,95693,104541.0,0.05328900952905669,0.15953674549806812
1310,95694,85509.25,0.018873659290824744,0.057504236262406194
1311,95695,67014.75,0.05456769704684256,0.17234690605963449
1312,95701,81983.75,0.0749278535124536,0.2331475695910383
1313,95703,80923.0,0.037299382007655146,0.07353189844674735
1314,95709,76064.5,0.0035011087794932505,0.002249189245737002
1315,95713,75676.0,0.12306686500283152,0.4088288456743954
1316,95714,57162.25,0.1375242238733849,0.46010063162402315
1317,95722,94005.0,-0.007387746748543186,-0.028139783305356325
1318,95726,73003.0,0.08084051598965383,0.24923842485526085
1319,95742,133580.75,0.03902994910454106,0.1209437426789502
1320,95746,153422.5,0.061372043897785535,0.18058510638297873
1321,95747,110729.5,0.048396370142345636,0.15117185620097215
1322,95757,108269.0,0.0487198604373418,0.15254903116191823
1323,95758,88453.5,0.06506112941909088,0.20781122864117169
1324,95762,138743.25,0.02920281697814808,0.08588359628595153
1325,95765,108293.5,0.012749617349629939,0.03849691236368414
1326,95776,83743.75,0.0550897857356429,0.1742236064814219
1327,95811,63056.0,0.11159059439934844,0.3666698628823473
1328,95814,36602.25,0.04126799427912819,0.12329854809437386
1329,95815,38563.75,0.13596102523205023,0.45959258906155653
1330,95816,71462.25,0.0621923283986315,0.19216749372051706
1331,95817,49254.25,0.02438032452875254,0.06494164280995375
1332,95818,87982.25,0.06627022179375519,0.21058093849613285
1333,95819,109857.25,0.03192751814056268,0.09776466757331392
1334,95820,54008.75,0.06247091590918911,0.19791729127940677
1335,95821,45747.5,0.06669433735701179,0.2104043509103807
1336,95822,60349.5,0.07271439459888747,0.23410690717113947
1337,95823,49151.0,0.057822242408940065,0.18356639469998443
1338,95824,39706.75,0.09778658243856497,0.3204554816689225
1339,95825,43569.75,0.10054618509155809,0.3320687111392138
1340,95826,66095.5,0.04679446420616692,0.14585698978041486
1341,95827,62400.0,0.07946780317988787,0.2572238869863014
1342,95828,56267.75,0.08039623064793916,0.2575494348903941
1343,95829,94802.75,0.057861819051025436,0.183377079888533
1344,95830,110906.0,0.21815103223894036,0.8027604075836469
1345,95831,80822.75,0.04652653829052042,0.14587740638883012
1346,95832,52482.75,0.1156606095569193,0.3845930686661757
1347,95833,67087.0,0.0731719101974574,0.23524935902737573
1348,95834,72425.25,0.10167489629675136,0.32967988865692416
1349,95835,102721.25,0.03387259125275164,0.1044003183692877
1350,95837,186655.0,-0.15895230758147097,-0.4262503246659548
1351,95838,49212.75,0.06021527444578221,0.1912194251822783
1352,95841,52440.0,0.07336980009324283,0.23655617918034522
1353,95842,53561.25,0.037254033570295386,0.11538919304927399
1354,95843,81729.25,0.03188086982197114,0.09839696806739905
1355,95864,106742.5,0.03539868403909772,0.10955582280227905
1356,95901,53617.5,0.033400002790307824,0.09994171908599449
1357,95903,49561.75,0.04376015843604041,0.13385635359116022
1358,95912,66991.5,-0.01873021746856031,-0.05719492637410701
1359,95916,34508.25,0.054696439544077935,0.1702661667647879
1360,95917,64996.25,0.07369872903797635,0.23759863252585597
1361,95918,74685.75,-0.028868637596137947,-0.085898019001415
1362,95922,74678.75,0.0944481609020343,0.10236683408644236
1363,95926,50447.25,0.06089460274932016,0.19367873836879124
1364,95928,54366.5,0.08490711979078751,0.27628731696044034
1365,95932,54146.0,0.03854396540023132,0.11930525607802021
1366,95937,45633.25,-0.05416107589476229,-0.17123943375089112
1367,95938,85233.0,0.02857710158704689,0.08552078638683508
1368,95943,63132.0,0.041463778954111324,0.10403196762077896
1369,95945,50354.5,0.052136114531179646,0.16458916850184943
1370,95946,67579.25,0.04421981409013429,0.1319236641221374
1371,95947,41580.5,0.0431697135426401,0.08860609787827897
1372,95948,57378.5,0.04735996767527553,0.14441034469852915
1373,95949,76969.5,0.09398126070466874,0.30729450591545976
1374,95951,51032.75,0.11245170575201702,0.3745879875480681
1375,95953,59843.25,0.036280290657490596,0.11183890471888248
1376,95954,51266.0,0.035453385473418815,0.10781489813510502
1377,95955,59107.75,-0.02721395646978318,-0.1377826887661142
1378,95957,63125.0,0.041781497737402605,0.12371134020618557
1379,95959,68257.75,0.057185314821067555,0.17663359842584242
1380,95960,37625.25,-0.09424001735214889,-0.27024532635058274
1381,95961,58987.25,0.08492877036594994,0.2760392960097102
1382,95963,50897.5,0.0639049981358237,0.19959750026480247
1383,95965,36212.25,0.06567978910711314,0.20622150710646286
1384,95966,48122.25,0.05885945452212452,0.18582276199274464
1385,95968,30621.75,0.06705320339394182,0.210406324692039
1386,95969,50833.25,0.03169384936457312,0.09427920438450643
1387,95970,64474.0,0.164427145636608,0.5607914242448394
1388,95971,54957.5,0.055131251862844656,0.17154432216713025
1389,95973,72033.5,0.07549887739602158,0.24384270812344033
1390,95977,60538.0,0.05332792556025496,0.12227477217672165
1391,95979,32927.25,-0.12415197688261566,-0.32979293793244313
1392,95982,78161.75,0.0633225572277324,0.1901023510053825
1393,95987,69228.5,0.0846820212512866,0.2759568236416889
1394,95988,52351.0,0.05903624015706785,0.18652176602808654
1395,95991,52937.25,0.0699567343892739,0.2247916274989033
1396,95993,72223.0,0.051532191355928826,0.16201175353199573
1397,96001,56863.0,0.05663262352588461,0.17935212517605295
1398,96002,59996.5,0.08115997391063651,0.2551192758051354
1399,96003,56371.0,0.0706215084820865,0.22610265569187762
1400,96006,48902.25,-0.10473301914664092,-0.3026
1401,96007,48310.0,0.05329212711849577,0.16496486480340208
1402,96008,66836.75,0.08640823137915177,0.26759289176090467
1403,96009,49156.25,-0.07164682007065044,-0.21664007137832228
1404,96013,47666.0,0.041421592042394345,0.12767272005119265
1405,96017,39837.75,-0.0384137142223484,-0.13983342429347698
1406,96019,50249.5,-0.00855685201838722,-0.02763978133691378
1407,96020,62984.0,0.06279276857534717,0.19735203046588604
1408,96021,45612.75,0.037103524857896815,0.11345045547499535
1409,96022,59583.0,0.10948394666784904,0.3639901234567901
1410,96023,33582.75,0.06758426911038912,0.21104793367427974
1411,96024,44626.0,0.05746291892983931,0.16962581829601178
1412,96025,35885.75,0.03513955886116741,0.10895826564669049
1413,96027,59029.5,0.005849632275334144,0.0008391314988986399
1414,96031,23500.0,0.007909253038032435,0.021052631578947368
1415,96032,49997.75,0.05570012579984249,0.17633566312509466
1416,96033,43678.5,0.019249632173713695,0.058823529411764705
1417,96034,40117.25,0.1045954210863791,0.33962264150943394
1418,96035,39514.0,-0.013546125514489795,-0.08753939393939394
1419,96038,53614.5,0.08368680116768118,0.26024521330198186
1420,96039,34715.5,-0.011101843899848673,-0.03602579765320908
1421,96041,32041.0,0.1080667959392184,0.31793628808864266
1422,96044,49637.5,0.09513132971008474,0.3133919025705387
1423,96047,54145.75,0.15779284168646768,0.5314285714285715
1424,96048,53186.25,0.03569004917804344,0.1090627359052803
1425,96050,27373.0,0.08359407634759693,0.2638543588098484
1426,96051,54042.25,0.08806848998504657,0.2816223450181316
1427,96052,45045.5,0.1454352258228122,0.48645764227407773
1428,96054,45039.75,0.14039472745351264,0.44974637404093704
1429,96055,55054.5,0.1006585127694506,0.30660278672747815
1430,96056,57542.25,0.06879820246004748,0.22070781829716066
1431,96057,41107.5,0.033463148936936936,0.08327361684252144
1432,96058,44466.25,0.19470985637215446,0.619061838319127
1433,96062,72357.0,0.14306757106324375,0.4677231108115661
1434,96064,50372.0,0.03161977064658397,0.09723854894924622
1435,96067,49872.75,0.04842915218978925,0.1477983487615712
1436,96069,63840.25,0.08226841299751922,0.25087789889531054
1437,96073,96595.0,0.07663433559338569,0.24732186617499474
1438,96076,30841.25,-0.07565374265009021,-0.23775858920512352
1439,96080,46170.25,0.08352970939925246,0.2612393973616551
1440,96086,41552.25,-0.035358510152524295,-0.11500707994336046
1441,96087,50813.5,0.32495999246343876,1.0151692529952425
1442,96088,54511.75,0.11010963681538288,0.3587897452971533
1443,96091,46645.0,-0.025439706356653418,-0.08187368421052632
1444,96093,43944.75,0.00048451092360183673,-0.004626569729015202
1445,96094,52732.25,0.006283985728958798,0.017295900659442365
1446,96096,54001.25,0.019827451059667687,0.058823529411764705
1447,96097,44178.75,0.037857159892755975,0.11126334687706699
1448,96101,47269.0,0.07172815737293184,0.2265482100862294
1449,96103,68189.5,0.03164679814828603,0.09777110095962228
1450,96104,42461.5,0.005258037343045863,0.012339426308761914
1451,96107,47145.75,-0.11335868904212687,-0.30304980514140656
1452,96109,53021.25,0.08490467296548547,0.19555945215866546
1453,96113,49512.75,0.012996717591936963,0.03928395870883172
1454,96114,80273.0,-0.07740808772931299,-0.23122125994135032
1455,96117,46924.25,0.15784965993181402,0.5237867559168061
1456,96118,53025.0,0.07179927366466739,0.22512921276323097
1457,96120,65754.5,0.08361254313535292,0.2662473794549266
1458,96121,82247.75,-0.03208251349632343,-0.11297319512306497
1459,96122,51710.0,-0.009538589865822747,-0.03701783691415625
1460,96125,97221.25,-0.15527189673551448,-0.4144028277207626
1461,96128,71347.5,0.07041141757526655,0.2183226487434612
1462,96130,58585.5,0.048426258047068856,0.14541680711029112
1463,96132,31975.5,0.027689989245461354,0.08
1464,96134,40717.5,0.06381176370004125,0.16685714285714287
1465,96137,50422.5,-0.031152352819665625,-0.09599767454535545
1466,96140,79602.25,0.2919703975558816,1.136591596386108
1467,96141,80425.5,0.2270792037154371,0.7007343489117747
1468,96142,69179.25,-0.0654188487642841,-0.1876591183170307
1469,96143,51251.5,0.04295367309196971,0.13331664789554917
1470,96145,87026.0,0.18324339004297996,0.6174013889080642
1471,96146,80299.5,0.025644212037528948,0.074225
1472,96148,78381.0,0.051393670182763036,0.1591498893654219
1473,96150,61085.0,0.06577509730037175,0.20882086610678077
1474,96161,100105.25,0.04555716851479691,0.14206510519202734
